# vtk DataFile Version 3.0
True Cook Membrane Grid Output
ASCII
DATASET UNSTRUCTURED_GRID

POINTS 1089 double
0.000000000000000e+00 0.000000000000000e+00 0.0
1.500000000000000e+00 5.000000000000000e-01 0.0
3.000000000000000e+00 1.000000000000000e+00 0.0
4.500000000000000e+00 1.500000000000000e+00 0.0
6.000000000000000e+00 2.000000000000000e+00 0.0
7.500000000000000e+00 2.500000000000000e+00 0.0
9.000000000000000e+00 3.000000000000000e+00 0.0
1.050000000000000e+01 3.500000000000000e+00 0.0
1.200000000000000e+01 4.000000000000000e+00 0.0
1.350000000000000e+01 4.500000000000000e+00 0.0
1.500000000000000e+01 5.000000000000000e+00 0.0
1.650000000000000e+01 5.500000000000000e+00 0.0
1.800000000000000e+01 6.000000000000000e+00 0.0
1.950000000000000e+01 6.500000000000000e+00 0.0
2.100000000000000e+01 7.000000000000000e+00 0.0
2.250000000000000e+01 7.500000000000000e+00 0.0
2.400000000000000e+01 8.000000000000000e+00 0.0
2.550000000000000e+01 8.500000000000000e+00 0.0
2.700000000000000e+01 9.000000000000000e+00 0.0
2.850000000000000e+01 9.500000000000000e+00 0.0
3.000000000000000e+01 1.000000000000000e+01 0.0
3.150000000000000e+01 1.050000000000000e+01 0.0
3.300000000000000e+01 1.100000000000000e+01 0.0
3.450000000000000e+01 1.150000000000000e+01 0.0
3.600000000000000e+01 1.200000000000000e+01 0.0
3.750000000000000e+01 1.250000000000000e+01 0.0
3.900000000000000e+01 1.300000000000000e+01 0.0
4.050000000000000e+01 1.350000000000000e+01 0.0
4.200000000000000e+01 1.400000000000000e+01 0.0
4.350000000000000e+01 1.450000000000000e+01 0.0
4.500000000000000e+01 1.500000000000000e+01 0.0
4.650000000000000e+01 1.550000000000000e+01 0.0
4.800000000000000e+01 1.600000000000000e+01 0.0
0.000000000000000e+00 1.375000000000000e+00 0.0
1.500000000000000e+00 1.847656250000000e+00 0.0
3.000000000000000e+00 2.320312500000000e+00 0.0
4.500000000000000e+00 2.792968750000000e+00 0.0
6.000000000000000e+00 3.265625000000000e+00 0.0
7.500000000000000e+00 3.738281250000000e+00 0.0
9.000000000000000e+00 4.210937500000000e+00 0.0
1.050000000000000e+01 4.683593750000000e+00 0.0
1.200000000000000e+01 5.156250000000000e+00 0.0
1.350000000000000e+01 5.628906250000000e+00 0.0
1.500000000000000e+01 6.101562500000000e+00 0.0
1.650000000000000e+01 6.574218750000000e+00 0.0
1.800000000000000e+01 7.046875000000000e+00 0.0
1.950000000000000e+01 7.519531250000000e+00 0.0
2.100000000000000e+01 7.992187500000000e+00 0.0
2.250000000000000e+01 8.464843750000000e+00 0.0
2.400000000000000e+01 8.937500000000000e+00 0.0
2.550000000000000e+01 9.410156250000000e+00 0.0
2.700000000000000e+01 9.882812500000000e+00 0.0
2.850000000000000e+01 1.035546875000000e+01 0.0
3.000000000000000e+01 1.082812500000000e+01 0.0
3.150000000000000e+01 1.130078125000000e+01 0.0
3.300000000000000e+01 1.177343750000000e+01 0.0
3.450000000000000e+01 1.224609375000000e+01 0.0
3.600000000000000e+01 1.271875000000000e+01 0.0
3.750000000000000e+01 1.319140625000000e+01 0.0
3.900000000000000e+01 1.366406250000000e+01 0.0
4.050000000000000e+01 1.413671875000000e+01 0.0
4.200000000000000e+01 1.460937500000000e+01 0.0
4.350000000000000e+01 1.508203125000000e+01 0.0
4.500000000000000e+01 1.555468750000000e+01 0.0
4.650000000000000e+01 1.602734375000000e+01 0.0
4.800000000000000e+01 1.650000000000000e+01 0.0
0.000000000000000e+00 2.750000000000000e+00 0.0
1.500000000000000e+00 3.195312500000000e+00 0.0
3.000000000000000e+00 3.640625000000000e+00 0.0
4.500000000000000e+00 4.085937500000000e+00 0.0
6.000000000000000e+00 4.531250000000000e+00 0.0
7.500000000000000e+00 4.976562500000000e+00 0.0
9.000000000000000e+00 5.421875000000000e+00 0.0
1.050000000000000e+01 5.867187500000000e+00 0.0
1.200000000000000e+01 6.312500000000000e+00 0.0
1.350000000000000e+01 6.757812500000000e+00 0.0
1.500000000000000e+01 7.203125000000000e+00 0.0
1.650000000000000e+01 7.648437500000000e+00 0.0
1.800000000000000e+01 8.093750000000000e+00 0.0
1.950000000000000e+01 8.539062500000000e+00 0.0
2.100000000000000e+01 8.984375000000000e+00 0.0
2.250000000000000e+01 9.429687500000000e+00 0.0
2.400000000000000e+01 9.875000000000000e+00 0.0
2.550000000000000e+01 1.032031250000000e+01 0.0
2.700000000000000e+01 1.076562500000000e+01 0.0
2.850000000000000e+01 1.121093750000000e+01 0.0
3.000000000000000e+01 1.165625000000000e+01 0.0
3.150000000000000e+01 1.210156250000000e+01 0.0
3.300000000000000e+01 1.254687500000000e+01 0.0
3.450000000000000e+01 1.299218750000000e+01 0.0
3.600000000000000e+01 1.343750000000000e+01 0.0
3.750000000000000e+01 1.388281250000000e+01 0.0
3.900000000000000e+01 1.432812500000000e+01 0.0
4.050000000000000e+01 1.477343750000000e+01 0.0
4.200000000000000e+01 1.521875000000000e+01 0.0
4.350000000000000e+01 1.566406250000000e+01 0.0
4.500000000000000e+01 1.610937500000000e+01 0.0
4.650000000000000e+01 1.655468750000000e+01 0.0
4.800000000000000e+01 1.700000000000000e+01 0.0
0.000000000000000e+00 4.125000000000000e+00 0.0
1.500000000000000e+00 4.542968750000000e+00 0.0
3.000000000000000e+00 4.960937500000000e+00 0.0
4.500000000000000e+00 5.378906250000000e+00 0.0
6.000000000000000e+00 5.796875000000000e+00 0.0
7.500000000000000e+00 6.214843750000000e+00 0.0
9.000000000000000e+00 6.632812500000000e+00 0.0
1.050000000000000e+01 7.050781250000000e+00 0.0
1.200000000000000e+01 7.468750000000000e+00 0.0
1.350000000000000e+01 7.886718750000000e+00 0.0
1.500000000000000e+01 8.304687500000000e+00 0.0
1.650000000000000e+01 8.722656250000000e+00 0.0
1.800000000000000e+01 9.140625000000000e+00 0.0
1.950000000000000e+01 9.558593750000000e+00 0.0
2.100000000000000e+01 9.976562500000000e+00 0.0
2.250000000000000e+01 1.039453125000000e+01 0.0
2.400000000000000e+01 1.081250000000000e+01 0.0
2.550000000000000e+01 1.123046875000000e+01 0.0
2.700000000000000e+01 1.164843750000000e+01 0.0
2.850000000000000e+01 1.206640625000000e+01 0.0
3.000000000000000e+01 1.248437500000000e+01 0.0
3.150000000000000e+01 1.290234375000000e+01 0.0
3.300000000000000e+01 1.332031250000000e+01 0.0
3.450000000000000e+01 1.373828125000000e+01 0.0
3.600000000000000e+01 1.415625000000000e+01 0.0
3.750000000000000e+01 1.457421875000000e+01 0.0
3.900000000000000e+01 1.499218750000000e+01 0.0
4.050000000000000e+01 1.541015625000000e+01 0.0
4.200000000000000e+01 1.582812500000000e+01 0.0
4.350000000000000e+01 1.624609375000000e+01 0.0
4.500000000000000e+01 1.666406250000000e+01 0.0
4.650000000000000e+01 1.708203125000000e+01 0.0
4.800000000000000e+01 1.750000000000000e+01 0.0
0.000000000000000e+00 5.500000000000000e+00 0.0
1.500000000000000e+00 5.890625000000000e+00 0.0
3.000000000000000e+00 6.281250000000000e+00 0.0
4.500000000000000e+00 6.671875000000000e+00 0.0
6.000000000000000e+00 7.062500000000000e+00 0.0
7.500000000000000e+00 7.453125000000000e+00 0.0
9.000000000000000e+00 7.843750000000000e+00 0.0
1.050000000000000e+01 8.234375000000000e+00 0.0
1.200000000000000e+01 8.625000000000000e+00 0.0
1.350000000000000e+01 9.015625000000000e+00 0.0
1.500000000000000e+01 9.406250000000000e+00 0.0
1.650000000000000e+01 9.796875000000000e+00 0.0
1.800000000000000e+01 1.018750000000000e+01 0.0
1.950000000000000e+01 1.057812500000000e+01 0.0
2.100000000000000e+01 1.096875000000000e+01 0.0
2.250000000000000e+01 1.135937500000000e+01 0.0
2.400000000000000e+01 1.175000000000000e+01 0.0
2.550000000000000e+01 1.214062500000000e+01 0.0
2.700000000000000e+01 1.253125000000000e+01 0.0
2.850000000000000e+01 1.292187500000000e+01 0.0
3.000000000000000e+01 1.331250000000000e+01 0.0
3.150000000000000e+01 1.370312500000000e+01 0.0
3.300000000000000e+01 1.409375000000000e+01 0.0
3.450000000000000e+01 1.448437500000000e+01 0.0
3.600000000000000e+01 1.487500000000000e+01 0.0
3.750000000000000e+01 1.526562500000000e+01 0.0
3.900000000000000e+01 1.565625000000000e+01 0.0
4.050000000000000e+01 1.604687500000000e+01 0.0
4.200000000000000e+01 1.643750000000000e+01 0.0
4.350000000000000e+01 1.682812500000000e+01 0.0
4.500000000000000e+01 1.721875000000000e+01 0.0
4.650000000000000e+01 1.760937500000000e+01 0.0
4.800000000000000e+01 1.800000000000000e+01 0.0
0.000000000000000e+00 6.875000000000000e+00 0.0
1.500000000000000e+00 7.238281250000000e+00 0.0
3.000000000000000e+00 7.601562500000000e+00 0.0
4.500000000000000e+00 7.964843750000000e+00 0.0
6.000000000000000e+00 8.328125000000000e+00 0.0
7.500000000000000e+00 8.691406250000000e+00 0.0
9.000000000000000e+00 9.054687500000000e+00 0.0
1.050000000000000e+01 9.417968750000000e+00 0.0
1.200000000000000e+01 9.781250000000000e+00 0.0
1.350000000000000e+01 1.014453125000000e+01 0.0
1.500000000000000e+01 1.050781250000000e+01 0.0
1.650000000000000e+01 1.087109375000000e+01 0.0
1.800000000000000e+01 1.123437500000000e+01 0.0
1.950000000000000e+01 1.159765625000000e+01 0.0
2.100000000000000e+01 1.196093750000000e+01 0.0
2.250000000000000e+01 1.232421875000000e+01 0.0
2.400000000000000e+01 1.268750000000000e+01 0.0
2.550000000000000e+01 1.305078125000000e+01 0.0
2.700000000000000e+01 1.341406250000000e+01 0.0
2.850000000000000e+01 1.377734375000000e+01 0.0
3.000000000000000e+01 1.414062500000000e+01 0.0
3.150000000000000e+01 1.450390625000000e+01 0.0
3.300000000000000e+01 1.486718750000000e+01 0.0
3.450000000000000e+01 1.523046875000000e+01 0.0
3.600000000000000e+01 1.559375000000000e+01 0.0
3.750000000000000e+01 1.595703125000000e+01 0.0
3.900000000000000e+01 1.632031250000000e+01 0.0
4.050000000000000e+01 1.668359375000000e+01 0.0
4.200000000000000e+01 1.704687500000000e+01 0.0
4.350000000000000e+01 1.741015625000000e+01 0.0
4.500000000000000e+01 1.777343750000000e+01 0.0
4.650000000000000e+01 1.813671875000000e+01 0.0
4.800000000000000e+01 1.850000000000000e+01 0.0
0.000000000000000e+00 8.250000000000000e+00 0.0
1.500000000000000e+00 8.585937500000000e+00 0.0
3.000000000000000e+00 8.921875000000000e+00 0.0
4.500000000000000e+00 9.257812500000000e+00 0.0
6.000000000000000e+00 9.593750000000000e+00 0.0
7.500000000000000e+00 9.929687500000000e+00 0.0
9.000000000000000e+00 1.026562500000000e+01 0.0
1.050000000000000e+01 1.060156250000000e+01 0.0
1.200000000000000e+01 1.093750000000000e+01 0.0
1.350000000000000e+01 1.127343750000000e+01 0.0
1.500000000000000e+01 1.160937500000000e+01 0.0
1.650000000000000e+01 1.194531250000000e+01 0.0
1.800000000000000e+01 1.228125000000000e+01 0.0
1.950000000000000e+01 1.261718750000000e+01 0.0
2.100000000000000e+01 1.295312500000000e+01 0.0
2.250000000000000e+01 1.328906250000000e+01 0.0
2.400000000000000e+01 1.362500000000000e+01 0.0
2.550000000000000e+01 1.396093750000000e+01 0.0
2.700000000000000e+01 1.429687500000000e+01 0.0
2.850000000000000e+01 1.463281250000000e+01 0.0
3.000000000000000e+01 1.496875000000000e+01 0.0
3.150000000000000e+01 1.530468750000000e+01 0.0
3.300000000000000e+01 1.564062500000000e+01 0.0
3.450000000000000e+01 1.597656250000000e+01 0.0
3.600000000000000e+01 1.631250000000000e+01 0.0
3.750000000000000e+01 1.664843750000000e+01 0.0
3.900000000000000e+01 1.698437500000000e+01 0.0
4.050000000000000e+01 1.732031250000000e+01 0.0
4.200000000000000e+01 1.765625000000000e+01 0.0
4.350000000000000e+01 1.799218750000000e+01 0.0
4.500000000000000e+01 1.832812500000000e+01 0.0
4.650000000000000e+01 1.866406250000000e+01 0.0
4.800000000000000e+01 1.900000000000000e+01 0.0
0.000000000000000e+00 9.625000000000000e+00 0.0
1.500000000000000e+00 9.933593750000000e+00 0.0
3.000000000000000e+00 1.024218750000000e+01 0.0
4.500000000000000e+00 1.055078125000000e+01 0.0
6.000000000000000e+00 1.085937500000000e+01 0.0
7.500000000000000e+00 1.116796875000000e+01 0.0
9.000000000000000e+00 1.147656250000000e+01 0.0
1.050000000000000e+01 1.178515625000000e+01 0.0
1.200000000000000e+01 1.209375000000000e+01 0.0
1.350000000000000e+01 1.240234375000000e+01 0.0
1.500000000000000e+01 1.271093750000000e+01 0.0
1.650000000000000e+01 1.301953125000000e+01 0.0
1.800000000000000e+01 1.332812500000000e+01 0.0
1.950000000000000e+01 1.363671875000000e+01 0.0
2.100000000000000e+01 1.394531250000000e+01 0.0
2.250000000000000e+01 1.425390625000000e+01 0.0
2.400000000000000e+01 1.456250000000000e+01 0.0
2.550000000000000e+01 1.487109375000000e+01 0.0
2.700000000000000e+01 1.517968750000000e+01 0.0
2.850000000000000e+01 1.548828125000000e+01 0.0
3.000000000000000e+01 1.579687500000000e+01 0.0
3.150000000000000e+01 1.610546875000000e+01 0.0
3.300000000000000e+01 1.641406250000000e+01 0.0
3.450000000000000e+01 1.672265625000000e+01 0.0
3.600000000000000e+01 1.703125000000000e+01 0.0
3.750000000000000e+01 1.733984375000000e+01 0.0
3.900000000000000e+01 1.764843750000000e+01 0.0
4.050000000000000e+01 1.795703125000000e+01 0.0
4.200000000000000e+01 1.826562500000000e+01 0.0
4.350000000000000e+01 1.857421875000000e+01 0.0
4.500000000000000e+01 1.888281250000000e+01 0.0
4.650000000000000e+01 1.919140625000000e+01 0.0
4.800000000000000e+01 1.950000000000000e+01 0.0
0.000000000000000e+00 1.100000000000000e+01 0.0
1.500000000000000e+00 1.128125000000000e+01 0.0
3.000000000000000e+00 1.156250000000000e+01 0.0
4.500000000000000e+00 1.184375000000000e+01 0.0
6.000000000000000e+00 1.212500000000000e+01 0.0
7.500000000000000e+00 1.240625000000000e+01 0.0
9.000000000000000e+00 1.268750000000000e+01 0.0
1.050000000000000e+01 1.296875000000000e+01 0.0
1.200000000000000e+01 1.325000000000000e+01 0.0
1.350000000000000e+01 1.353125000000000e+01 0.0
1.500000000000000e+01 1.381250000000000e+01 0.0
1.650000000000000e+01 1.409375000000000e+01 0.0
1.800000000000000e+01 1.437500000000000e+01 0.0
1.950000000000000e+01 1.465625000000000e+01 0.0
2.100000000000000e+01 1.493750000000000e+01 0.0
2.250000000000000e+01 1.521875000000000e+01 0.0
2.400000000000000e+01 1.550000000000000e+01 0.0
2.550000000000000e+01 1.578125000000000e+01 0.0
2.700000000000000e+01 1.606250000000000e+01 0.0
2.850000000000000e+01 1.634375000000000e+01 0.0
3.000000000000000e+01 1.662500000000000e+01 0.0
3.150000000000000e+01 1.690625000000000e+01 0.0
3.300000000000000e+01 1.718750000000000e+01 0.0
3.450000000000000e+01 1.746875000000000e+01 0.0
3.600000000000000e+01 1.775000000000000e+01 0.0
3.750000000000000e+01 1.803125000000000e+01 0.0
3.900000000000000e+01 1.831250000000000e+01 0.0
4.050000000000000e+01 1.859375000000000e+01 0.0
4.200000000000000e+01 1.887500000000000e+01 0.0
4.350000000000000e+01 1.915625000000000e+01 0.0
4.500000000000000e+01 1.943750000000000e+01 0.0
4.650000000000000e+01 1.971875000000000e+01 0.0
4.800000000000000e+01 2.000000000000000e+01 0.0
0.000000000000000e+00 1.237500000000000e+01 0.0
1.500000000000000e+00 1.262890625000000e+01 0.0
3.000000000000000e+00 1.288281250000000e+01 0.0
4.500000000000000e+00 1.313671875000000e+01 0.0
6.000000000000000e+00 1.339062500000000e+01 0.0
7.500000000000000e+00 1.364453125000000e+01 0.0
9.000000000000000e+00 1.389843750000000e+01 0.0
1.050000000000000e+01 1.415234375000000e+01 0.0
1.200000000000000e+01 1.440625000000000e+01 0.0
1.350000000000000e+01 1.466015625000000e+01 0.0
1.500000000000000e+01 1.491406250000000e+01 0.0
1.650000000000000e+01 1.516796875000000e+01 0.0
1.800000000000000e+01 1.542187500000000e+01 0.0
1.950000000000000e+01 1.567578125000000e+01 0.0
2.100000000000000e+01 1.592968750000000e+01 0.0
2.250000000000000e+01 1.618359375000000e+01 0.0
2.400000000000000e+01 1.643750000000000e+01 0.0
2.550000000000000e+01 1.669140625000000e+01 0.0
2.700000000000000e+01 1.694531250000000e+01 0.0
2.850000000000000e+01 1.719921875000000e+01 0.0
3.000000000000000e+01 1.745312500000000e+01 0.0
3.150000000000000e+01 1.770703125000000e+01 0.0
3.300000000000000e+01 1.796093750000000e+01 0.0
3.450000000000000e+01 1.821484375000000e+01 0.0
3.600000000000000e+01 1.846875000000000e+01 0.0
3.750000000000000e+01 1.872265625000000e+01 0.0
3.900000000000000e+01 1.897656250000000e+01 0.0
4.050000000000000e+01 1.923046875000000e+01 0.0
4.200000000000000e+01 1.948437500000000e+01 0.0
4.350000000000000e+01 1.973828125000000e+01 0.0
4.500000000000000e+01 1.999218750000000e+01 0.0
4.650000000000000e+01 2.024609375000000e+01 0.0
4.800000000000000e+01 2.050000000000000e+01 0.0
0.000000000000000e+00 1.375000000000000e+01 0.0
1.500000000000000e+00 1.397656250000000e+01 0.0
3.000000000000000e+00 1.420312500000000e+01 0.0
4.500000000000000e+00 1.442968750000000e+01 0.0
6.000000000000000e+00 1.465625000000000e+01 0.0
7.500000000000000e+00 1.488281250000000e+01 0.0
9.000000000000000e+00 1.510937500000000e+01 0.0
1.050000000000000e+01 1.533593750000000e+01 0.0
1.200000000000000e+01 1.556250000000000e+01 0.0
1.350000000000000e+01 1.578906250000000e+01 0.0
1.500000000000000e+01 1.601562500000000e+01 0.0
1.650000000000000e+01 1.624218750000000e+01 0.0
1.800000000000000e+01 1.646875000000000e+01 0.0
1.950000000000000e+01 1.669531250000000e+01 0.0
2.100000000000000e+01 1.692187500000000e+01 0.0
2.250000000000000e+01 1.714843750000000e+01 0.0
2.400000000000000e+01 1.737500000000000e+01 0.0
2.550000000000000e+01 1.760156250000000e+01 0.0
2.700000000000000e+01 1.782812500000000e+01 0.0
2.850000000000000e+01 1.805468750000000e+01 0.0
3.000000000000000e+01 1.828125000000000e+01 0.0
3.150000000000000e+01 1.850781250000000e+01 0.0
3.300000000000000e+01 1.873437500000000e+01 0.0
3.450000000000000e+01 1.896093750000000e+01 0.0
3.600000000000000e+01 1.918750000000000e+01 0.0
3.750000000000000e+01 1.941406250000000e+01 0.0
3.900000000000000e+01 1.964062500000000e+01 0.0
4.050000000000000e+01 1.986718750000000e+01 0.0
4.200000000000000e+01 2.009375000000000e+01 0.0
4.350000000000000e+01 2.032031250000000e+01 0.0
4.500000000000000e+01 2.054687500000000e+01 0.0
4.650000000000000e+01 2.077343750000000e+01 0.0
4.800000000000000e+01 2.100000000000000e+01 0.0
0.000000000000000e+00 1.512500000000000e+01 0.0
1.500000000000000e+00 1.532421875000000e+01 0.0
3.000000000000000e+00 1.552343750000000e+01 0.0
4.500000000000000e+00 1.572265625000000e+01 0.0
6.000000000000000e+00 1.592187500000000e+01 0.0
7.500000000000000e+00 1.612109375000000e+01 0.0
9.000000000000000e+00 1.632031250000000e+01 0.0
1.050000000000000e+01 1.651953125000000e+01 0.0
1.200000000000000e+01 1.671875000000000e+01 0.0
1.350000000000000e+01 1.691796875000000e+01 0.0
1.500000000000000e+01 1.711718750000000e+01 0.0
1.650000000000000e+01 1.731640625000000e+01 0.0
1.800000000000000e+01 1.751562500000000e+01 0.0
1.950000000000000e+01 1.771484375000000e+01 0.0
2.100000000000000e+01 1.791406250000000e+01 0.0
2.250000000000000e+01 1.811328125000000e+01 0.0
2.400000000000000e+01 1.831250000000000e+01 0.0
2.550000000000000e+01 1.851171875000000e+01 0.0
2.700000000000000e+01 1.871093750000000e+01 0.0
2.850000000000000e+01 1.891015625000000e+01 0.0
3.000000000000000e+01 1.910937500000000e+01 0.0
3.150000000000000e+01 1.930859375000000e+01 0.0
3.300000000000000e+01 1.950781250000000e+01 0.0
3.450000000000000e+01 1.970703125000000e+01 0.0
3.600000000000000e+01 1.990625000000000e+01 0.0
3.750000000000000e+01 2.010546875000000e+01 0.0
3.900000000000000e+01 2.030468750000000e+01 0.0
4.050000000000000e+01 2.050390625000000e+01 0.0
4.200000000000000e+01 2.070312500000000e+01 0.0
4.350000000000000e+01 2.090234375000000e+01 0.0
4.500000000000000e+01 2.110156250000000e+01 0.0
4.650000000000000e+01 2.130078125000000e+01 0.0
4.800000000000000e+01 2.150000000000000e+01 0.0
0.000000000000000e+00 1.650000000000000e+01 0.0
1.500000000000000e+00 1.667187500000000e+01 0.0
3.000000000000000e+00 1.684375000000000e+01 0.0
4.500000000000000e+00 1.701562500000000e+01 0.0
6.000000000000000e+00 1.718750000000000e+01 0.0
7.500000000000000e+00 1.735937500000000e+01 0.0
9.000000000000000e+00 1.753125000000000e+01 0.0
1.050000000000000e+01 1.770312500000000e+01 0.0
1.200000000000000e+01 1.787500000000000e+01 0.0
1.350000000000000e+01 1.804687500000000e+01 0.0
1.500000000000000e+01 1.821875000000000e+01 0.0
1.650000000000000e+01 1.839062500000000e+01 0.0
1.800000000000000e+01 1.856250000000000e+01 0.0
1.950000000000000e+01 1.873437500000000e+01 0.0
2.100000000000000e+01 1.890625000000000e+01 0.0
2.250000000000000e+01 1.907812500000000e+01 0.0
2.400000000000000e+01 1.925000000000000e+01 0.0
2.550000000000000e+01 1.942187500000000e+01 0.0
2.700000000000000e+01 1.959375000000000e+01 0.0
2.850000000000000e+01 1.976562500000000e+01 0.0
3.000000000000000e+01 1.993750000000000e+01 0.0
3.150000000000000e+01 2.010937500000000e+01 0.0
3.300000000000000e+01 2.028125000000000e+01 0.0
3.450000000000000e+01 2.045312500000000e+01 0.0
3.600000000000000e+01 2.062500000000000e+01 0.0
3.750000000000000e+01 2.079687500000000e+01 0.0
3.900000000000000e+01 2.096875000000000e+01 0.0
4.050000000000000e+01 2.114062500000000e+01 0.0
4.200000000000000e+01 2.131250000000000e+01 0.0
4.350000000000000e+01 2.148437500000000e+01 0.0
4.500000000000000e+01 2.165625000000000e+01 0.0
4.650000000000000e+01 2.182812500000000e+01 0.0
4.800000000000000e+01 2.200000000000000e+01 0.0
0.000000000000000e+00 1.787500000000000e+01 0.0
1.500000000000000e+00 1.801953125000000e+01 0.0
3.000000000000000e+00 1.816406250000000e+01 0.0
4.500000000000000e+00 1.830859375000000e+01 0.0
6.000000000000000e+00 1.845312500000000e+01 0.0
7.500000000000000e+00 1.859765625000000e+01 0.0
9.000000000000000e+00 1.874218750000000e+01 0.0
1.050000000000000e+01 1.888671875000000e+01 0.0
1.200000000000000e+01 1.903125000000000e+01 0.0
1.350000000000000e+01 1.917578125000000e+01 0.0
1.500000000000000e+01 1.932031250000000e+01 0.0
1.650000000000000e+01 1.946484375000000e+01 0.0
1.800000000000000e+01 1.960937500000000e+01 0.0
1.950000000000000e+01 1.975390625000000e+01 0.0
2.100000000000000e+01 1.989843750000000e+01 0.0
2.250000000000000e+01 2.004296875000000e+01 0.0
2.400000000000000e+01 2.018750000000000e+01 0.0
2.550000000000000e+01 2.033203125000000e+01 0.0
2.700000000000000e+01 2.047656250000000e+01 0.0
2.850000000000000e+01 2.062109375000000e+01 0.0
3.000000000000000e+01 2.076562500000000e+01 0.0
3.150000000000000e+01 2.091015625000000e+01 0.0
3.300000000000000e+01 2.105468750000000e+01 0.0
3.450000000000000e+01 2.119921875000000e+01 0.0
3.600000000000000e+01 2.134375000000000e+01 0.0
3.750000000000000e+01 2.148828125000000e+01 0.0
3.900000000000000e+01 2.163281250000000e+01 0.0
4.050000000000000e+01 2.177734375000000e+01 0.0
4.200000000000000e+01 2.192187500000000e+01 0.0
4.350000000000000e+01 2.206640625000000e+01 0.0
4.500000000000000e+01 2.221093750000000e+01 0.0
4.650000000000000e+01 2.235546875000000e+01 0.0
4.800000000000000e+01 2.250000000000000e+01 0.0
0.000000000000000e+00 1.925000000000000e+01 0.0
1.500000000000000e+00 1.936718750000000e+01 0.0
3.000000000000000e+00 1.948437500000000e+01 0.0
4.500000000000000e+00 1.960156250000000e+01 0.0
6.000000000000000e+00 1.971875000000000e+01 0.0
7.500000000000000e+00 1.983593750000000e+01 0.0
9.000000000000000e+00 1.995312500000000e+01 0.0
1.050000000000000e+01 2.007031250000000e+01 0.0
1.200000000000000e+01 2.018750000000000e+01 0.0
1.350000000000000e+01 2.030468750000000e+01 0.0
1.500000000000000e+01 2.042187500000000e+01 0.0
1.650000000000000e+01 2.053906250000000e+01 0.0
1.800000000000000e+01 2.065625000000000e+01 0.0
1.950000000000000e+01 2.077343750000000e+01 0.0
2.100000000000000e+01 2.089062500000000e+01 0.0
2.250000000000000e+01 2.100781250000000e+01 0.0
2.400000000000000e+01 2.112500000000000e+01 0.0
2.550000000000000e+01 2.124218750000000e+01 0.0
2.700000000000000e+01 2.135937500000000e+01 0.0
2.850000000000000e+01 2.147656250000000e+01 0.0
3.000000000000000e+01 2.159375000000000e+01 0.0
3.150000000000000e+01 2.171093750000000e+01 0.0
3.300000000000000e+01 2.182812500000000e+01 0.0
3.450000000000000e+01 2.194531250000000e+01 0.0
3.600000000000000e+01 2.206250000000000e+01 0.0
3.750000000000000e+01 2.217968750000000e+01 0.0
3.900000000000000e+01 2.229687500000000e+01 0.0
4.050000000000000e+01 2.241406250000000e+01 0.0
4.200000000000000e+01 2.253125000000000e+01 0.0
4.350000000000000e+01 2.264843750000000e+01 0.0
4.500000000000000e+01 2.276562500000000e+01 0.0
4.650000000000000e+01 2.288281250000000e+01 0.0
4.800000000000000e+01 2.300000000000000e+01 0.0
0.000000000000000e+00 2.062500000000000e+01 0.0
1.500000000000000e+00 2.071484375000000e+01 0.0
3.000000000000000e+00 2.080468750000000e+01 0.0
4.500000000000000e+00 2.089453125000000e+01 0.0
6.000000000000000e+00 2.098437500000000e+01 0.0
7.500000000000000e+00 2.107421875000000e+01 0.0
9.000000000000000e+00 2.116406250000000e+01 0.0
1.050000000000000e+01 2.125390625000000e+01 0.0
1.200000000000000e+01 2.134375000000000e+01 0.0
1.350000000000000e+01 2.143359375000000e+01 0.0
1.500000000000000e+01 2.152343750000000e+01 0.0
1.650000000000000e+01 2.161328125000000e+01 0.0
1.800000000000000e+01 2.170312500000000e+01 0.0
1.950000000000000e+01 2.179296875000000e+01 0.0
2.100000000000000e+01 2.188281250000000e+01 0.0
2.250000000000000e+01 2.197265625000000e+01 0.0
2.400000000000000e+01 2.206250000000000e+01 0.0
2.550000000000000e+01 2.215234375000000e+01 0.0
2.700000000000000e+01 2.224218750000000e+01 0.0
2.850000000000000e+01 2.233203125000000e+01 0.0
3.000000000000000e+01 2.242187500000000e+01 0.0
3.150000000000000e+01 2.251171875000000e+01 0.0
3.300000000000000e+01 2.260156250000000e+01 0.0
3.450000000000000e+01 2.269140625000000e+01 0.0
3.600000000000000e+01 2.278125000000000e+01 0.0
3.750000000000000e+01 2.287109375000000e+01 0.0
3.900000000000000e+01 2.296093750000000e+01 0.0
4.050000000000000e+01 2.305078125000000e+01 0.0
4.200000000000000e+01 2.314062500000000e+01 0.0
4.350000000000000e+01 2.323046875000000e+01 0.0
4.500000000000000e+01 2.332031250000000e+01 0.0
4.650000000000000e+01 2.341015625000000e+01 0.0
4.800000000000000e+01 2.350000000000000e+01 0.0
0.000000000000000e+00 2.200000000000000e+01 0.0
1.500000000000000e+00 2.206250000000000e+01 0.0
3.000000000000000e+00 2.212500000000000e+01 0.0
4.500000000000000e+00 2.218750000000000e+01 0.0
6.000000000000000e+00 2.225000000000000e+01 0.0
7.500000000000000e+00 2.231250000000000e+01 0.0
9.000000000000000e+00 2.237500000000000e+01 0.0
1.050000000000000e+01 2.243750000000000e+01 0.0
1.200000000000000e+01 2.250000000000000e+01 0.0
1.350000000000000e+01 2.256250000000000e+01 0.0
1.500000000000000e+01 2.262500000000000e+01 0.0
1.650000000000000e+01 2.268750000000000e+01 0.0
1.800000000000000e+01 2.275000000000000e+01 0.0
1.950000000000000e+01 2.281250000000000e+01 0.0
2.100000000000000e+01 2.287500000000000e+01 0.0
2.250000000000000e+01 2.293750000000000e+01 0.0
2.400000000000000e+01 2.300000000000000e+01 0.0
2.550000000000000e+01 2.306250000000000e+01 0.0
2.700000000000000e+01 2.312500000000000e+01 0.0
2.850000000000000e+01 2.318750000000000e+01 0.0
3.000000000000000e+01 2.325000000000000e+01 0.0
3.150000000000000e+01 2.331250000000000e+01 0.0
3.300000000000000e+01 2.337500000000000e+01 0.0
3.450000000000000e+01 2.343750000000000e+01 0.0
3.600000000000000e+01 2.350000000000000e+01 0.0
3.750000000000000e+01 2.356250000000000e+01 0.0
3.900000000000000e+01 2.362500000000000e+01 0.0
4.050000000000000e+01 2.368750000000000e+01 0.0
4.200000000000000e+01 2.375000000000000e+01 0.0
4.350000000000000e+01 2.381250000000000e+01 0.0
4.500000000000000e+01 2.387500000000000e+01 0.0
4.650000000000000e+01 2.393750000000000e+01 0.0
4.800000000000000e+01 2.400000000000000e+01 0.0
0.000000000000000e+00 2.337500000000000e+01 0.0
1.500000000000000e+00 2.341015625000000e+01 0.0
3.000000000000000e+00 2.344531250000000e+01 0.0
4.500000000000000e+00 2.348046875000000e+01 0.0
6.000000000000000e+00 2.351562500000000e+01 0.0
7.500000000000000e+00 2.355078125000000e+01 0.0
9.000000000000000e+00 2.358593750000000e+01 0.0
1.050000000000000e+01 2.362109375000000e+01 0.0
1.200000000000000e+01 2.365625000000000e+01 0.0
1.350000000000000e+01 2.369140625000000e+01 0.0
1.500000000000000e+01 2.372656250000000e+01 0.0
1.650000000000000e+01 2.376171875000000e+01 0.0
1.800000000000000e+01 2.379687500000000e+01 0.0
1.950000000000000e+01 2.383203125000000e+01 0.0
2.100000000000000e+01 2.386718750000000e+01 0.0
2.250000000000000e+01 2.390234375000000e+01 0.0
2.400000000000000e+01 2.393750000000000e+01 0.0
2.550000000000000e+01 2.397265625000000e+01 0.0
2.700000000000000e+01 2.400781250000000e+01 0.0
2.850000000000000e+01 2.404296875000000e+01 0.0
3.000000000000000e+01 2.407812500000000e+01 0.0
3.150000000000000e+01 2.411328125000000e+01 0.0
3.300000000000000e+01 2.414843750000000e+01 0.0
3.450000000000000e+01 2.418359375000000e+01 0.0
3.600000000000000e+01 2.421875000000000e+01 0.0
3.750000000000000e+01 2.425390625000000e+01 0.0
3.900000000000000e+01 2.428906250000000e+01 0.0
4.050000000000000e+01 2.432421875000000e+01 0.0
4.200000000000000e+01 2.435937500000000e+01 0.0
4.350000000000000e+01 2.439453125000000e+01 0.0
4.500000000000000e+01 2.442968750000000e+01 0.0
4.650000000000000e+01 2.446484375000000e+01 0.0
4.800000000000000e+01 2.450000000000000e+01 0.0
0.000000000000000e+00 2.475000000000000e+01 0.0
1.500000000000000e+00 2.475781250000000e+01 0.0
3.000000000000000e+00 2.476562500000000e+01 0.0
4.500000000000000e+00 2.477343750000000e+01 0.0
6.000000000000000e+00 2.478125000000000e+01 0.0
7.500000000000000e+00 2.478906250000000e+01 0.0
9.000000000000000e+00 2.479687500000000e+01 0.0
1.050000000000000e+01 2.480468750000000e+01 0.0
1.200000000000000e+01 2.481250000000000e+01 0.0
1.350000000000000e+01 2.482031250000000e+01 0.0
1.500000000000000e+01 2.482812500000000e+01 0.0
1.650000000000000e+01 2.483593750000000e+01 0.0
1.800000000000000e+01 2.484375000000000e+01 0.0
1.950000000000000e+01 2.485156250000000e+01 0.0
2.100000000000000e+01 2.485937500000000e+01 0.0
2.250000000000000e+01 2.486718750000000e+01 0.0
2.400000000000000e+01 2.487500000000000e+01 0.0
2.550000000000000e+01 2.488281250000000e+01 0.0
2.700000000000000e+01 2.489062500000000e+01 0.0
2.850000000000000e+01 2.489843750000000e+01 0.0
3.000000000000000e+01 2.490625000000000e+01 0.0
3.150000000000000e+01 2.491406250000000e+01 0.0
3.300000000000000e+01 2.492187500000000e+01 0.0
3.450000000000000e+01 2.492968750000000e+01 0.0
3.600000000000000e+01 2.493750000000000e+01 0.0
3.750000000000000e+01 2.494531250000000e+01 0.0
3.900000000000000e+01 2.495312500000000e+01 0.0
4.050000000000000e+01 2.496093750000000e+01 0.0
4.200000000000000e+01 2.496875000000000e+01 0.0
4.350000000000000e+01 2.497656250000000e+01 0.0
4.500000000000000e+01 2.498437500000000e+01 0.0
4.650000000000000e+01 2.499218750000000e+01 0.0
4.800000000000000e+01 2.500000000000000e+01 0.0
0.000000000000000e+00 2.612500000000000e+01 0.0
1.500000000000000e+00 2.610546875000000e+01 0.0
3.000000000000000e+00 2.608593750000000e+01 0.0
4.500000000000000e+00 2.606640625000000e+01 0.0
6.000000000000000e+00 2.604687500000000e+01 0.0
7.500000000000000e+00 2.602734375000000e+01 0.0
9.000000000000000e+00 2.600781250000000e+01 0.0
1.050000000000000e+01 2.598828125000000e+01 0.0
1.200000000000000e+01 2.596875000000000e+01 0.0
1.350000000000000e+01 2.594921875000000e+01 0.0
1.500000000000000e+01 2.592968750000000e+01 0.0
1.650000000000000e+01 2.591015625000000e+01 0.0
1.800000000000000e+01 2.589062500000000e+01 0.0
1.950000000000000e+01 2.587109375000000e+01 0.0
2.100000000000000e+01 2.585156250000000e+01 0.0
2.250000000000000e+01 2.583203125000000e+01 0.0
2.400000000000000e+01 2.581250000000000e+01 0.0
2.550000000000000e+01 2.579296875000000e+01 0.0
2.700000000000000e+01 2.577343750000000e+01 0.0
2.850000000000000e+01 2.575390625000000e+01 0.0
3.000000000000000e+01 2.573437500000000e+01 0.0
3.150000000000000e+01 2.571484375000000e+01 0.0
3.300000000000000e+01 2.569531250000000e+01 0.0
3.450000000000000e+01 2.567578125000000e+01 0.0
3.600000000000000e+01 2.565625000000000e+01 0.0
3.750000000000000e+01 2.563671875000000e+01 0.0
3.900000000000000e+01 2.561718750000000e+01 0.0
4.050000000000000e+01 2.559765625000000e+01 0.0
4.200000000000000e+01 2.557812500000000e+01 0.0
4.350000000000000e+01 2.555859375000000e+01 0.0
4.500000000000000e+01 2.553906250000000e+01 0.0
4.650000000000000e+01 2.551953125000000e+01 0.0
4.800000000000000e+01 2.550000000000000e+01 0.0
0.000000000000000e+00 2.750000000000000e+01 0.0
1.500000000000000e+00 2.745312500000000e+01 0.0
3.000000000000000e+00 2.740625000000000e+01 0.0
4.500000000000000e+00 2.735937500000000e+01 0.0
6.000000000000000e+00 2.731250000000000e+01 0.0
7.500000000000000e+00 2.726562500000000e+01 0.0
9.000000000000000e+00 2.721875000000000e+01 0.0
1.050000000000000e+01 2.717187500000000e+01 0.0
1.200000000000000e+01 2.712500000000000e+01 0.0
1.350000000000000e+01 2.707812500000000e+01 0.0
1.500000000000000e+01 2.703125000000000e+01 0.0
1.650000000000000e+01 2.698437500000000e+01 0.0
1.800000000000000e+01 2.693750000000000e+01 0.0
1.950000000000000e+01 2.689062500000000e+01 0.0
2.100000000000000e+01 2.684375000000000e+01 0.0
2.250000000000000e+01 2.679687500000000e+01 0.0
2.400000000000000e+01 2.675000000000000e+01 0.0
2.550000000000000e+01 2.670312500000000e+01 0.0
2.700000000000000e+01 2.665625000000000e+01 0.0
2.850000000000000e+01 2.660937500000000e+01 0.0
3.000000000000000e+01 2.656250000000000e+01 0.0
3.150000000000000e+01 2.651562500000000e+01 0.0
3.300000000000000e+01 2.646875000000000e+01 0.0
3.450000000000000e+01 2.642187500000000e+01 0.0
3.600000000000000e+01 2.637500000000000e+01 0.0
3.750000000000000e+01 2.632812500000000e+01 0.0
3.900000000000000e+01 2.628125000000000e+01 0.0
4.050000000000000e+01 2.623437500000000e+01 0.0
4.200000000000000e+01 2.618750000000000e+01 0.0
4.350000000000000e+01 2.614062500000000e+01 0.0
4.500000000000000e+01 2.609375000000000e+01 0.0
4.650000000000000e+01 2.604687500000000e+01 0.0
4.800000000000000e+01 2.600000000000000e+01 0.0
0.000000000000000e+00 2.887500000000000e+01 0.0
1.500000000000000e+00 2.880078125000000e+01 0.0
3.000000000000000e+00 2.872656250000000e+01 0.0
4.500000000000000e+00 2.865234375000000e+01 0.0
6.000000000000000e+00 2.857812500000000e+01 0.0
7.500000000000000e+00 2.850390625000000e+01 0.0
9.000000000000000e+00 2.842968750000000e+01 0.0
1.050000000000000e+01 2.835546875000000e+01 0.0
1.200000000000000e+01 2.828125000000000e+01 0.0
1.350000000000000e+01 2.820703125000000e+01 0.0
1.500000000000000e+01 2.813281250000000e+01 0.0
1.650000000000000e+01 2.805859375000000e+01 0.0
1.800000000000000e+01 2.798437500000000e+01 0.0
1.950000000000000e+01 2.791015625000000e+01 0.0
2.100000000000000e+01 2.783593750000000e+01 0.0
2.250000000000000e+01 2.776171875000000e+01 0.0
2.400000000000000e+01 2.768750000000000e+01 0.0
2.550000000000000e+01 2.761328125000000e+01 0.0
2.700000000000000e+01 2.753906250000000e+01 0.0
2.850000000000000e+01 2.746484375000000e+01 0.0
3.000000000000000e+01 2.739062500000000e+01 0.0
3.150000000000000e+01 2.731640625000000e+01 0.0
3.300000000000000e+01 2.724218750000000e+01 0.0
3.450000000000000e+01 2.716796875000000e+01 0.0
3.600000000000000e+01 2.709375000000000e+01 0.0
3.750000000000000e+01 2.701953125000000e+01 0.0
3.900000000000000e+01 2.694531250000000e+01 0.0
4.050000000000000e+01 2.687109375000000e+01 0.0
4.200000000000000e+01 2.679687500000000e+01 0.0
4.350000000000000e+01 2.672265625000000e+01 0.0
4.500000000000000e+01 2.664843750000000e+01 0.0
4.650000000000000e+01 2.657421875000000e+01 0.0
4.800000000000000e+01 2.650000000000000e+01 0.0
0.000000000000000e+00 3.025000000000000e+01 0.0
1.500000000000000e+00 3.014843750000000e+01 0.0
3.000000000000000e+00 3.004687500000000e+01 0.0
4.500000000000000e+00 2.994531250000000e+01 0.0
6.000000000000000e+00 2.984375000000000e+01 0.0
7.500000000000000e+00 2.974218750000000e+01 0.0
9.000000000000000e+00 2.964062500000000e+01 0.0
1.050000000000000e+01 2.953906250000000e+01 0.0
1.200000000000000e+01 2.943750000000000e+01 0.0
1.350000000000000e+01 2.933593750000000e+01 0.0
1.500000000000000e+01 2.923437500000000e+01 0.0
1.650000000000000e+01 2.913281250000000e+01 0.0
1.800000000000000e+01 2.903125000000000e+01 0.0
1.950000000000000e+01 2.892968750000000e+01 0.0
2.100000000000000e+01 2.882812500000000e+01 0.0
2.250000000000000e+01 2.872656250000000e+01 0.0
2.400000000000000e+01 2.862500000000000e+01 0.0
2.550000000000000e+01 2.852343750000000e+01 0.0
2.700000000000000e+01 2.842187500000000e+01 0.0
2.850000000000000e+01 2.832031250000000e+01 0.0
3.000000000000000e+01 2.821875000000000e+01 0.0
3.150000000000000e+01 2.811718750000000e+01 0.0
3.300000000000000e+01 2.801562500000000e+01 0.0
3.450000000000000e+01 2.791406250000000e+01 0.0
3.600000000000000e+01 2.781250000000000e+01 0.0
3.750000000000000e+01 2.771093750000000e+01 0.0
3.900000000000000e+01 2.760937500000000e+01 0.0
4.050000000000000e+01 2.750781250000000e+01 0.0
4.200000000000000e+01 2.740625000000000e+01 0.0
4.350000000000000e+01 2.730468750000000e+01 0.0
4.500000000000000e+01 2.720312500000000e+01 0.0
4.650000000000000e+01 2.710156250000000e+01 0.0
4.800000000000000e+01 2.700000000000000e+01 0.0
0.000000000000000e+00 3.162500000000000e+01 0.0
1.500000000000000e+00 3.149609375000000e+01 0.0
3.000000000000000e+00 3.136718750000000e+01 0.0
4.500000000000000e+00 3.123828125000000e+01 0.0
6.000000000000000e+00 3.110937500000000e+01 0.0
7.500000000000000e+00 3.098046875000000e+01 0.0
9.000000000000000e+00 3.085156250000000e+01 0.0
1.050000000000000e+01 3.072265625000000e+01 0.0
1.200000000000000e+01 3.059375000000000e+01 0.0
1.350000000000000e+01 3.046484375000000e+01 0.0
1.500000000000000e+01 3.033593750000000e+01 0.0
1.650000000000000e+01 3.020703125000000e+01 0.0
1.800000000000000e+01 3.007812500000000e+01 0.0
1.950000000000000e+01 2.994921875000000e+01 0.0
2.100000000000000e+01 2.982031250000000e+01 0.0
2.250000000000000e+01 2.969140625000000e+01 0.0
2.400000000000000e+01 2.956250000000000e+01 0.0
2.550000000000000e+01 2.943359375000000e+01 0.0
2.700000000000000e+01 2.930468750000000e+01 0.0
2.850000000000000e+01 2.917578125000000e+01 0.0
3.000000000000000e+01 2.904687500000000e+01 0.0
3.150000000000000e+01 2.891796875000000e+01 0.0
3.300000000000000e+01 2.878906250000000e+01 0.0
3.450000000000000e+01 2.866015625000000e+01 0.0
3.600000000000000e+01 2.853125000000000e+01 0.0
3.750000000000000e+01 2.840234375000000e+01 0.0
3.900000000000000e+01 2.827343750000000e+01 0.0
4.050000000000000e+01 2.814453125000000e+01 0.0
4.200000000000000e+01 2.801562500000000e+01 0.0
4.350000000000000e+01 2.788671875000000e+01 0.0
4.500000000000000e+01 2.775781250000000e+01 0.0
4.650000000000000e+01 2.762890625000000e+01 0.0
4.800000000000000e+01 2.750000000000000e+01 0.0
0.000000000000000e+00 3.300000000000000e+01 0.0
1.500000000000000e+00 3.284375000000000e+01 0.0
3.000000000000000e+00 3.268750000000000e+01 0.0
4.500000000000000e+00 3.253125000000000e+01 0.0
6.000000000000000e+00 3.237500000000000e+01 0.0
7.500000000000000e+00 3.221875000000000e+01 0.0
9.000000000000000e+00 3.206250000000000e+01 0.0
1.050000000000000e+01 3.190625000000000e+01 0.0
1.200000000000000e+01 3.175000000000000e+01 0.0
1.350000000000000e+01 3.159375000000000e+01 0.0
1.500000000000000e+01 3.143750000000000e+01 0.0
1.650000000000000e+01 3.128125000000000e+01 0.0
1.800000000000000e+01 3.112500000000000e+01 0.0
1.950000000000000e+01 3.096875000000000e+01 0.0
2.100000000000000e+01 3.081250000000000e+01 0.0
2.250000000000000e+01 3.065625000000000e+01 0.0
2.400000000000000e+01 3.050000000000000e+01 0.0
2.550000000000000e+01 3.034375000000000e+01 0.0
2.700000000000000e+01 3.018750000000000e+01 0.0
2.850000000000000e+01 3.003125000000000e+01 0.0
3.000000000000000e+01 2.987500000000000e+01 0.0
3.150000000000000e+01 2.971875000000000e+01 0.0
3.300000000000000e+01 2.956250000000000e+01 0.0
3.450000000000000e+01 2.940625000000000e+01 0.0
3.600000000000000e+01 2.925000000000000e+01 0.0
3.750000000000000e+01 2.909375000000000e+01 0.0
3.900000000000000e+01 2.893750000000000e+01 0.0
4.050000000000000e+01 2.878125000000000e+01 0.0
4.200000000000000e+01 2.862500000000000e+01 0.0
4.350000000000000e+01 2.846875000000000e+01 0.0
4.500000000000000e+01 2.831250000000000e+01 0.0
4.650000000000000e+01 2.815625000000000e+01 0.0
4.800000000000000e+01 2.800000000000000e+01 0.0
0.000000000000000e+00 3.437500000000000e+01 0.0
1.500000000000000e+00 3.419140625000000e+01 0.0
3.000000000000000e+00 3.400781250000000e+01 0.0
4.500000000000000e+00 3.382421875000000e+01 0.0
6.000000000000000e+00 3.364062500000000e+01 0.0
7.500000000000000e+00 3.345703125000000e+01 0.0
9.000000000000000e+00 3.327343750000000e+01 0.0
1.050000000000000e+01 3.308984375000000e+01 0.0
1.200000000000000e+01 3.290625000000000e+01 0.0
1.350000000000000e+01 3.272265625000000e+01 0.0
1.500000000000000e+01 3.253906250000000e+01 0.0
1.650000000000000e+01 3.235546875000000e+01 0.0
1.800000000000000e+01 3.217187500000000e+01 0.0
1.950000000000000e+01 3.198828125000000e+01 0.0
2.100000000000000e+01 3.180468750000000e+01 0.0
2.250000000000000e+01 3.162109375000000e+01 0.0
2.400000000000000e+01 3.143750000000000e+01 0.0
2.550000000000000e+01 3.125390625000000e+01 0.0
2.700000000000000e+01 3.107031250000000e+01 0.0
2.850000000000000e+01 3.088671875000000e+01 0.0
3.000000000000000e+01 3.070312500000000e+01 0.0
3.150000000000000e+01 3.051953125000000e+01 0.0
3.300000000000000e+01 3.033593750000000e+01 0.0
3.450000000000000e+01 3.015234375000000e+01 0.0
3.600000000000000e+01 2.996875000000000e+01 0.0
3.750000000000000e+01 2.978515625000000e+01 0.0
3.900000000000000e+01 2.960156250000000e+01 0.0
4.050000000000000e+01 2.941796875000000e+01 0.0
4.200000000000000e+01 2.923437500000000e+01 0.0
4.350000000000000e+01 2.905078125000000e+01 0.0
4.500000000000000e+01 2.886718750000000e+01 0.0
4.650000000000000e+01 2.868359375000000e+01 0.0
4.800000000000000e+01 2.850000000000000e+01 0.0
0.000000000000000e+00 3.575000000000000e+01 0.0
1.500000000000000e+00 3.553906250000000e+01 0.0
3.000000000000000e+00 3.532812500000000e+01 0.0
4.500000000000000e+00 3.511718750000000e+01 0.0
6.000000000000000e+00 3.490625000000000e+01 0.0
7.500000000000000e+00 3.469531250000000e+01 0.0
9.000000000000000e+00 3.448437500000000e+01 0.0
1.050000000000000e+01 3.427343750000000e+01 0.0
1.200000000000000e+01 3.406250000000000e+01 0.0
1.350000000000000e+01 3.385156250000000e+01 0.0
1.500000000000000e+01 3.364062500000000e+01 0.0
1.650000000000000e+01 3.342968750000000e+01 0.0
1.800000000000000e+01 3.321875000000000e+01 0.0
1.950000000000000e+01 3.300781250000000e+01 0.0
2.100000000000000e+01 3.279687500000000e+01 0.0
2.250000000000000e+01 3.258593750000000e+01 0.0
2.400000000000000e+01 3.237500000000000e+01 0.0
2.550000000000000e+01 3.216406250000000e+01 0.0
2.700000000000000e+01 3.195312500000000e+01 0.0
2.850000000000000e+01 3.174218750000000e+01 0.0
3.000000000000000e+01 3.153125000000000e+01 0.0
3.150000000000000e+01 3.132031250000000e+01 0.0
3.300000000000000e+01 3.110937500000000e+01 0.0
3.450000000000000e+01 3.089843750000000e+01 0.0
3.600000000000000e+01 3.068750000000000e+01 0.0
3.750000000000000e+01 3.047656250000000e+01 0.0
3.900000000000000e+01 3.026562500000000e+01 0.0
4.050000000000000e+01 3.005468750000000e+01 0.0
4.200000000000000e+01 2.984375000000000e+01 0.0
4.350000000000000e+01 2.963281250000000e+01 0.0
4.500000000000000e+01 2.942187500000000e+01 0.0
4.650000000000000e+01 2.921093750000000e+01 0.0
4.800000000000000e+01 2.900000000000000e+01 0.0
0.000000000000000e+00 3.712500000000000e+01 0.0
1.500000000000000e+00 3.688671875000000e+01 0.0
3.000000000000000e+00 3.664843750000000e+01 0.0
4.500000000000000e+00 3.641015625000000e+01 0.0
6.000000000000000e+00 3.617187500000000e+01 0.0
7.500000000000000e+00 3.593359375000000e+01 0.0
9.000000000000000e+00 3.569531250000000e+01 0.0
1.050000000000000e+01 3.545703125000000e+01 0.0
1.200000000000000e+01 3.521875000000000e+01 0.0
1.350000000000000e+01 3.498046875000000e+01 0.0
1.500000000000000e+01 3.474218750000000e+01 0.0
1.650000000000000e+01 3.450390625000000e+01 0.0
1.800000000000000e+01 3.426562500000000e+01 0.0
1.950000000000000e+01 3.402734375000000e+01 0.0
2.100000000000000e+01 3.378906250000000e+01 0.0
2.250000000000000e+01 3.355078125000000e+01 0.0
2.400000000000000e+01 3.331250000000000e+01 0.0
2.550000000000000e+01 3.307421875000000e+01 0.0
2.700000000000000e+01 3.283593750000000e+01 0.0
2.850000000000000e+01 3.259765625000000e+01 0.0
3.000000000000000e+01 3.235937500000000e+01 0.0
3.150000000000000e+01 3.212109375000000e+01 0.0
3.300000000000000e+01 3.188281250000000e+01 0.0
3.450000000000000e+01 3.164453125000000e+01 0.0
3.600000000000000e+01 3.140625000000000e+01 0.0
3.750000000000000e+01 3.116796875000000e+01 0.0
3.900000000000000e+01 3.092968750000000e+01 0.0
4.050000000000000e+01 3.069140625000000e+01 0.0
4.200000000000000e+01 3.045312500000000e+01 0.0
4.350000000000000e+01 3.021484375000000e+01 0.0
4.500000000000000e+01 2.997656250000000e+01 0.0
4.650000000000000e+01 2.973828125000000e+01 0.0
4.800000000000000e+01 2.950000000000000e+01 0.0
0.000000000000000e+00 3.850000000000000e+01 0.0
1.500000000000000e+00 3.823437500000000e+01 0.0
3.000000000000000e+00 3.796875000000000e+01 0.0
4.500000000000000e+00 3.770312500000000e+01 0.0
6.000000000000000e+00 3.743750000000000e+01 0.0
7.500000000000000e+00 3.717187500000000e+01 0.0
9.000000000000000e+00 3.690625000000000e+01 0.0
1.050000000000000e+01 3.664062500000000e+01 0.0
1.200000000000000e+01 3.637500000000000e+01 0.0
1.350000000000000e+01 3.610937500000000e+01 0.0
1.500000000000000e+01 3.584375000000000e+01 0.0
1.650000000000000e+01 3.557812500000000e+01 0.0
1.800000000000000e+01 3.531250000000000e+01 0.0
1.950000000000000e+01 3.504687500000000e+01 0.0
2.100000000000000e+01 3.478125000000000e+01 0.0
2.250000000000000e+01 3.451562500000000e+01 0.0
2.400000000000000e+01 3.425000000000000e+01 0.0
2.550000000000000e+01 3.398437500000000e+01 0.0
2.700000000000000e+01 3.371875000000000e+01 0.0
2.850000000000000e+01 3.345312500000000e+01 0.0
3.000000000000000e+01 3.318750000000000e+01 0.0
3.150000000000000e+01 3.292187500000000e+01 0.0
3.300000000000000e+01 3.265625000000000e+01 0.0
3.450000000000000e+01 3.239062500000000e+01 0.0
3.600000000000000e+01 3.212500000000000e+01 0.0
3.750000000000000e+01 3.185937500000000e+01 0.0
3.900000000000000e+01 3.159375000000000e+01 0.0
4.050000000000000e+01 3.132812500000000e+01 0.0
4.200000000000000e+01 3.106250000000000e+01 0.0
4.350000000000000e+01 3.079687500000000e+01 0.0
4.500000000000000e+01 3.053125000000000e+01 0.0
4.650000000000000e+01 3.026562500000000e+01 0.0
4.800000000000000e+01 3.000000000000000e+01 0.0
0.000000000000000e+00 3.987500000000000e+01 0.0
1.500000000000000e+00 3.958203125000000e+01 0.0
3.000000000000000e+00 3.928906250000000e+01 0.0
4.500000000000000e+00 3.899609375000000e+01 0.0
6.000000000000000e+00 3.870312500000000e+01 0.0
7.500000000000000e+00 3.841015625000000e+01 0.0
9.000000000000000e+00 3.811718750000000e+01 0.0
1.050000000000000e+01 3.782421875000000e+01 0.0
1.200000000000000e+01 3.753125000000000e+01 0.0
1.350000000000000e+01 3.723828125000000e+01 0.0
1.500000000000000e+01 3.694531250000000e+01 0.0
1.650000000000000e+01 3.665234375000000e+01 0.0
1.800000000000000e+01 3.635937500000000e+01 0.0
1.950000000000000e+01 3.606640625000000e+01 0.0
2.100000000000000e+01 3.577343750000000e+01 0.0
2.250000000000000e+01 3.548046875000000e+01 0.0
2.400000000000000e+01 3.518750000000000e+01 0.0
2.550000000000000e+01 3.489453125000000e+01 0.0
2.700000000000000e+01 3.460156250000000e+01 0.0
2.850000000000000e+01 3.430859375000000e+01 0.0
3.000000000000000e+01 3.401562500000000e+01 0.0
3.150000000000000e+01 3.372265625000000e+01 0.0
3.300000000000000e+01 3.342968750000000e+01 0.0
3.450000000000000e+01 3.313671875000000e+01 0.0
3.600000000000000e+01 3.284375000000000e+01 0.0
3.750000000000000e+01 3.255078125000000e+01 0.0
3.900000000000000e+01 3.225781250000000e+01 0.0
4.050000000000000e+01 3.196484375000000e+01 0.0
4.200000000000000e+01 3.167187500000000e+01 0.0
4.350000000000000e+01 3.137890625000000e+01 0.0
4.500000000000000e+01 3.108593750000000e+01 0.0
4.650000000000000e+01 3.079296875000000e+01 0.0
4.800000000000000e+01 3.050000000000000e+01 0.0
0.000000000000000e+00 4.125000000000000e+01 0.0
1.500000000000000e+00 4.092968750000000e+01 0.0
3.000000000000000e+00 4.060937500000000e+01 0.0
4.500000000000000e+00 4.028906250000000e+01 0.0
6.000000000000000e+00 3.996875000000000e+01 0.0
7.500000000000000e+00 3.964843750000000e+01 0.0
9.000000000000000e+00 3.932812500000000e+01 0.0
1.050000000000000e+01 3.900781250000000e+01 0.0
1.200000000000000e+01 3.868750000000000e+01 0.0
1.350000000000000e+01 3.836718750000000e+01 0.0
1.500000000000000e+01 3.804687500000000e+01 0.0
1.650000000000000e+01 3.772656250000000e+01 0.0
1.800000000000000e+01 3.740625000000000e+01 0.0
1.950000000000000e+01 3.708593750000000e+01 0.0
2.100000000000000e+01 3.676562500000000e+01 0.0
2.250000000000000e+01 3.644531250000000e+01 0.0
2.400000000000000e+01 3.612500000000000e+01 0.0
2.550000000000000e+01 3.580468750000000e+01 0.0
2.700000000000000e+01 3.548437500000000e+01 0.0
2.850000000000000e+01 3.516406250000000e+01 0.0
3.000000000000000e+01 3.484375000000000e+01 0.0
3.150000000000000e+01 3.452343750000000e+01 0.0
3.300000000000000e+01 3.420312500000000e+01 0.0
3.450000000000000e+01 3.388281250000000e+01 0.0
3.600000000000000e+01 3.356250000000000e+01 0.0
3.750000000000000e+01 3.324218750000000e+01 0.0
3.900000000000000e+01 3.292187500000000e+01 0.0
4.050000000000000e+01 3.260156250000000e+01 0.0
4.200000000000000e+01 3.228125000000000e+01 0.0
4.350000000000000e+01 3.196093750000000e+01 0.0
4.500000000000000e+01 3.164062500000000e+01 0.0
4.650000000000000e+01 3.132031250000000e+01 0.0
4.800000000000000e+01 3.100000000000000e+01 0.0
0.000000000000000e+00 4.262500000000000e+01 0.0
1.500000000000000e+00 4.227734375000000e+01 0.0
3.000000000000000e+00 4.192968750000000e+01 0.0
4.500000000000000e+00 4.158203125000000e+01 0.0
6.000000000000000e+00 4.123437500000000e+01 0.0
7.500000000000000e+00 4.088671875000000e+01 0.0
9.000000000000000e+00 4.053906250000000e+01 0.0
1.050000000000000e+01 4.019140625000000e+01 0.0
1.200000000000000e+01 3.984375000000000e+01 0.0
1.350000000000000e+01 3.949609375000000e+01 0.0
1.500000000000000e+01 3.914843750000000e+01 0.0
1.650000000000000e+01 3.880078125000000e+01 0.0
1.800000000000000e+01 3.845312500000000e+01 0.0
1.950000000000000e+01 3.810546875000000e+01 0.0
2.100000000000000e+01 3.775781250000000e+01 0.0
2.250000000000000e+01 3.741015625000000e+01 0.0
2.400000000000000e+01 3.706250000000000e+01 0.0
2.550000000000000e+01 3.671484375000000e+01 0.0
2.700000000000000e+01 3.636718750000000e+01 0.0
2.850000000000000e+01 3.601953125000000e+01 0.0
3.000000000000000e+01 3.567187500000000e+01 0.0
3.150000000000000e+01 3.532421875000000e+01 0.0
3.300000000000000e+01 3.497656250000000e+01 0.0
3.450000000000000e+01 3.462890625000000e+01 0.0
3.600000000000000e+01 3.428125000000000e+01 0.0
3.750000000000000e+01 3.393359375000000e+01 0.0
3.900000000000000e+01 3.358593750000000e+01 0.0
4.050000000000000e+01 3.323828125000000e+01 0.0
4.200000000000000e+01 3.289062500000000e+01 0.0
4.350000000000000e+01 3.254296875000000e+01 0.0
4.500000000000000e+01 3.219531250000000e+01 0.0
4.650000000000000e+01 3.184765625000000e+01 0.0
4.800000000000000e+01 3.150000000000000e+01 0.0
0.000000000000000e+00 4.400000000000000e+01 0.0
1.500000000000000e+00 4.362500000000000e+01 0.0
3.000000000000000e+00 4.325000000000000e+01 0.0
4.500000000000000e+00 4.287500000000000e+01 0.0
6.000000000000000e+00 4.250000000000000e+01 0.0
7.500000000000000e+00 4.212500000000000e+01 0.0
9.000000000000000e+00 4.175000000000000e+01 0.0
1.050000000000000e+01 4.137500000000000e+01 0.0
1.200000000000000e+01 4.100000000000000e+01 0.0
1.350000000000000e+01 4.062500000000000e+01 0.0
1.500000000000000e+01 4.025000000000000e+01 0.0
1.650000000000000e+01 3.987500000000000e+01 0.0
1.800000000000000e+01 3.950000000000000e+01 0.0
1.950000000000000e+01 3.912500000000000e+01 0.0
2.100000000000000e+01 3.875000000000000e+01 0.0
2.250000000000000e+01 3.837500000000000e+01 0.0
2.400000000000000e+01 3.800000000000000e+01 0.0
2.550000000000000e+01 3.762500000000000e+01 0.0
2.700000000000000e+01 3.725000000000000e+01 0.0
2.850000000000000e+01 3.687500000000000e+01 0.0
3.000000000000000e+01 3.650000000000000e+01 0.0
3.150000000000000e+01 3.612500000000000e+01 0.0
3.300000000000000e+01 3.575000000000000e+01 0.0
3.450000000000000e+01 3.537500000000000e+01 0.0
3.600000000000000e+01 3.500000000000000e+01 0.0
3.750000000000000e+01 3.462500000000000e+01 0.0
3.900000000000000e+01 3.425000000000000e+01 0.0
4.050000000000000e+01 3.387500000000000e+01 0.0
4.200000000000000e+01 3.350000000000000e+01 0.0
4.350000000000000e+01 3.312500000000000e+01 0.0
4.500000000000000e+01 3.275000000000000e+01 0.0
4.650000000000000e+01 3.237500000000000e+01 0.0
4.800000000000000e+01 3.200000000000000e+01 0.0

CELLS 1024 5120
4 0 1 34 33
4 1 2 35 34
4 2 3 36 35
4 3 4 37 36
4 4 5 38 37
4 5 6 39 38
4 6 7 40 39
4 7 8 41 40
4 8 9 42 41
4 9 10 43 42
4 10 11 44 43
4 11 12 45 44
4 12 13 46 45
4 13 14 47 46
4 14 15 48 47
4 15 16 49 48
4 16 17 50 49
4 17 18 51 50
4 18 19 52 51
4 19 20 53 52
4 20 21 54 53
4 21 22 55 54
4 22 23 56 55
4 23 24 57 56
4 24 25 58 57
4 25 26 59 58
4 26 27 60 59
4 27 28 61 60
4 28 29 62 61
4 29 30 63 62
4 30 31 64 63
4 31 32 65 64
4 33 34 67 66
4 34 35 68 67
4 35 36 69 68
4 36 37 70 69
4 37 38 71 70
4 38 39 72 71
4 39 40 73 72
4 40 41 74 73
4 41 42 75 74
4 42 43 76 75
4 43 44 77 76
4 44 45 78 77
4 45 46 79 78
4 46 47 80 79
4 47 48 81 80
4 48 49 82 81
4 49 50 83 82
4 50 51 84 83
4 51 52 85 84
4 52 53 86 85
4 53 54 87 86
4 54 55 88 87
4 55 56 89 88
4 56 57 90 89
4 57 58 91 90
4 58 59 92 91
4 59 60 93 92
4 60 61 94 93
4 61 62 95 94
4 62 63 96 95
4 63 64 97 96
4 64 65 98 97
4 66 67 100 99
4 67 68 101 100
4 68 69 102 101
4 69 70 103 102
4 70 71 104 103
4 71 72 105 104
4 72 73 106 105
4 73 74 107 106
4 74 75 108 107
4 75 76 109 108
4 76 77 110 109
4 77 78 111 110
4 78 79 112 111
4 79 80 113 112
4 80 81 114 113
4 81 82 115 114
4 82 83 116 115
4 83 84 117 116
4 84 85 118 117
4 85 86 119 118
4 86 87 120 119
4 87 88 121 120
4 88 89 122 121
4 89 90 123 122
4 90 91 124 123
4 91 92 125 124
4 92 93 126 125
4 93 94 127 126
4 94 95 128 127
4 95 96 129 128
4 96 97 130 129
4 97 98 131 130
4 99 100 133 132
4 100 101 134 133
4 101 102 135 134
4 102 103 136 135
4 103 104 137 136
4 104 105 138 137
4 105 106 139 138
4 106 107 140 139
4 107 108 141 140
4 108 109 142 141
4 109 110 143 142
4 110 111 144 143
4 111 112 145 144
4 112 113 146 145
4 113 114 147 146
4 114 115 148 147
4 115 116 149 148
4 116 117 150 149
4 117 118 151 150
4 118 119 152 151
4 119 120 153 152
4 120 121 154 153
4 121 122 155 154
4 122 123 156 155
4 123 124 157 156
4 124 125 158 157
4 125 126 159 158
4 126 127 160 159
4 127 128 161 160
4 128 129 162 161
4 129 130 163 162
4 130 131 164 163
4 132 133 166 165
4 133 134 167 166
4 134 135 168 167
4 135 136 169 168
4 136 137 170 169
4 137 138 171 170
4 138 139 172 171
4 139 140 173 172
4 140 141 174 173
4 141 142 175 174
4 142 143 176 175
4 143 144 177 176
4 144 145 178 177
4 145 146 179 178
4 146 147 180 179
4 147 148 181 180
4 148 149 182 181
4 149 150 183 182
4 150 151 184 183
4 151 152 185 184
4 152 153 186 185
4 153 154 187 186
4 154 155 188 187
4 155 156 189 188
4 156 157 190 189
4 157 158 191 190
4 158 159 192 191
4 159 160 193 192
4 160 161 194 193
4 161 162 195 194
4 162 163 196 195
4 163 164 197 196
4 165 166 199 198
4 166 167 200 199
4 167 168 201 200
4 168 169 202 201
4 169 170 203 202
4 170 171 204 203
4 171 172 205 204
4 172 173 206 205
4 173 174 207 206
4 174 175 208 207
4 175 176 209 208
4 176 177 210 209
4 177 178 211 210
4 178 179 212 211
4 179 180 213 212
4 180 181 214 213
4 181 182 215 214
4 182 183 216 215
4 183 184 217 216
4 184 185 218 217
4 185 186 219 218
4 186 187 220 219
4 187 188 221 220
4 188 189 222 221
4 189 190 223 222
4 190 191 224 223
4 191 192 225 224
4 192 193 226 225
4 193 194 227 226
4 194 195 228 227
4 195 196 229 228
4 196 197 230 229
4 198 199 232 231
4 199 200 233 232
4 200 201 234 233
4 201 202 235 234
4 202 203 236 235
4 203 204 237 236
4 204 205 238 237
4 205 206 239 238
4 206 207 240 239
4 207 208 241 240
4 208 209 242 241
4 209 210 243 242
4 210 211 244 243
4 211 212 245 244
4 212 213 246 245
4 213 214 247 246
4 214 215 248 247
4 215 216 249 248
4 216 217 250 249
4 217 218 251 250
4 218 219 252 251
4 219 220 253 252
4 220 221 254 253
4 221 222 255 254
4 222 223 256 255
4 223 224 257 256
4 224 225 258 257
4 225 226 259 258
4 226 227 260 259
4 227 228 261 260
4 228 229 262 261
4 229 230 263 262
4 231 232 265 264
4 232 233 266 265
4 233 234 267 266
4 234 235 268 267
4 235 236 269 268
4 236 237 270 269
4 237 238 271 270
4 238 239 272 271
4 239 240 273 272
4 240 241 274 273
4 241 242 275 274
4 242 243 276 275
4 243 244 277 276
4 244 245 278 277
4 245 246 279 278
4 246 247 280 279
4 247 248 281 280
4 248 249 282 281
4 249 250 283 282
4 250 251 284 283
4 251 252 285 284
4 252 253 286 285
4 253 254 287 286
4 254 255 288 287
4 255 256 289 288
4 256 257 290 289
4 257 258 291 290
4 258 259 292 291
4 259 260 293 292
4 260 261 294 293
4 261 262 295 294
4 262 263 296 295
4 264 265 298 297
4 265 266 299 298
4 266 267 300 299
4 267 268 301 300
4 268 269 302 301
4 269 270 303 302
4 270 271 304 303
4 271 272 305 304
4 272 273 306 305
4 273 274 307 306
4 274 275 308 307
4 275 276 309 308
4 276 277 310 309
4 277 278 311 310
4 278 279 312 311
4 279 280 313 312
4 280 281 314 313
4 281 282 315 314
4 282 283 316 315
4 283 284 317 316
4 284 285 318 317
4 285 286 319 318
4 286 287 320 319
4 287 288 321 320
4 288 289 322 321
4 289 290 323 322
4 290 291 324 323
4 291 292 325 324
4 292 293 326 325
4 293 294 327 326
4 294 295 328 327
4 295 296 329 328
4 297 298 331 330
4 298 299 332 331
4 299 300 333 332
4 300 301 334 333
4 301 302 335 334
4 302 303 336 335
4 303 304 337 336
4 304 305 338 337
4 305 306 339 338
4 306 307 340 339
4 307 308 341 340
4 308 309 342 341
4 309 310 343 342
4 310 311 344 343
4 311 312 345 344
4 312 313 346 345
4 313 314 347 346
4 314 315 348 347
4 315 316 349 348
4 316 317 350 349
4 317 318 351 350
4 318 319 352 351
4 319 320 353 352
4 320 321 354 353
4 321 322 355 354
4 322 323 356 355
4 323 324 357 356
4 324 325 358 357
4 325 326 359 358
4 326 327 360 359
4 327 328 361 360
4 328 329 362 361
4 330 331 364 363
4 331 332 365 364
4 332 333 366 365
4 333 334 367 366
4 334 335 368 367
4 335 336 369 368
4 336 337 370 369
4 337 338 371 370
4 338 339 372 371
4 339 340 373 372
4 340 341 374 373
4 341 342 375 374
4 342 343 376 375
4 343 344 377 376
4 344 345 378 377
4 345 346 379 378
4 346 347 380 379
4 347 348 381 380
4 348 349 382 381
4 349 350 383 382
4 350 351 384 383
4 351 352 385 384
4 352 353 386 385
4 353 354 387 386
4 354 355 388 387
4 355 356 389 388
4 356 357 390 389
4 357 358 391 390
4 358 359 392 391
4 359 360 393 392
4 360 361 394 393
4 361 362 395 394
4 363 364 397 396
4 364 365 398 397
4 365 366 399 398
4 366 367 400 399
4 367 368 401 400
4 368 369 402 401
4 369 370 403 402
4 370 371 404 403
4 371 372 405 404
4 372 373 406 405
4 373 374 407 406
4 374 375 408 407
4 375 376 409 408
4 376 377 410 409
4 377 378 411 410
4 378 379 412 411
4 379 380 413 412
4 380 381 414 413
4 381 382 415 414
4 382 383 416 415
4 383 384 417 416
4 384 385 418 417
4 385 386 419 418
4 386 387 420 419
4 387 388 421 420
4 388 389 422 421
4 389 390 423 422
4 390 391 424 423
4 391 392 425 424
4 392 393 426 425
4 393 394 427 426
4 394 395 428 427
4 396 397 430 429
4 397 398 431 430
4 398 399 432 431
4 399 400 433 432
4 400 401 434 433
4 401 402 435 434
4 402 403 436 435
4 403 404 437 436
4 404 405 438 437
4 405 406 439 438
4 406 407 440 439
4 407 408 441 440
4 408 409 442 441
4 409 410 443 442
4 410 411 444 443
4 411 412 445 444
4 412 413 446 445
4 413 414 447 446
4 414 415 448 447
4 415 416 449 448
4 416 417 450 449
4 417 418 451 450
4 418 419 452 451
4 419 420 453 452
4 420 421 454 453
4 421 422 455 454
4 422 423 456 455
4 423 424 457 456
4 424 425 458 457
4 425 426 459 458
4 426 427 460 459
4 427 428 461 460
4 429 430 463 462
4 430 431 464 463
4 431 432 465 464
4 432 433 466 465
4 433 434 467 466
4 434 435 468 467
4 435 436 469 468
4 436 437 470 469
4 437 438 471 470
4 438 439 472 471
4 439 440 473 472
4 440 441 474 473
4 441 442 475 474
4 442 443 476 475
4 443 444 477 476
4 444 445 478 477
4 445 446 479 478
4 446 447 480 479
4 447 448 481 480
4 448 449 482 481
4 449 450 483 482
4 450 451 484 483
4 451 452 485 484
4 452 453 486 485
4 453 454 487 486
4 454 455 488 487
4 455 456 489 488
4 456 457 490 489
4 457 458 491 490
4 458 459 492 491
4 459 460 493 492
4 460 461 494 493
4 462 463 496 495
4 463 464 497 496
4 464 465 498 497
4 465 466 499 498
4 466 467 500 499
4 467 468 501 500
4 468 469 502 501
4 469 470 503 502
4 470 471 504 503
4 471 472 505 504
4 472 473 506 505
4 473 474 507 506
4 474 475 508 507
4 475 476 509 508
4 476 477 510 509
4 477 478 511 510
4 478 479 512 511
4 479 480 513 512
4 480 481 514 513
4 481 482 515 514
4 482 483 516 515
4 483 484 517 516
4 484 485 518 517
4 485 486 519 518
4 486 487 520 519
4 487 488 521 520
4 488 489 522 521
4 489 490 523 522
4 490 491 524 523
4 491 492 525 524
4 492 493 526 525
4 493 494 527 526
4 495 496 529 528
4 496 497 530 529
4 497 498 531 530
4 498 499 532 531
4 499 500 533 532
4 500 501 534 533
4 501 502 535 534
4 502 503 536 535
4 503 504 537 536
4 504 505 538 537
4 505 506 539 538
4 506 507 540 539
4 507 508 541 540
4 508 509 542 541
4 509 510 543 542
4 510 511 544 543
4 511 512 545 544
4 512 513 546 545
4 513 514 547 546
4 514 515 548 547
4 515 516 549 548
4 516 517 550 549
4 517 518 551 550
4 518 519 552 551
4 519 520 553 552
4 520 521 554 553
4 521 522 555 554
4 522 523 556 555
4 523 524 557 556
4 524 525 558 557
4 525 526 559 558
4 526 527 560 559
4 528 529 562 561
4 529 530 563 562
4 530 531 564 563
4 531 532 565 564
4 532 533 566 565
4 533 534 567 566
4 534 535 568 567
4 535 536 569 568
4 536 537 570 569
4 537 538 571 570
4 538 539 572 571
4 539 540 573 572
4 540 541 574 573
4 541 542 575 574
4 542 543 576 575
4 543 544 577 576
4 544 545 578 577
4 545 546 579 578
4 546 547 580 579
4 547 548 581 580
4 548 549 582 581
4 549 550 583 582
4 550 551 584 583
4 551 552 585 584
4 552 553 586 585
4 553 554 587 586
4 554 555 588 587
4 555 556 589 588
4 556 557 590 589
4 557 558 591 590
4 558 559 592 591
4 559 560 593 592
4 561 562 595 594
4 562 563 596 595
4 563 564 597 596
4 564 565 598 597
4 565 566 599 598
4 566 567 600 599
4 567 568 601 600
4 568 569 602 601
4 569 570 603 602
4 570 571 604 603
4 571 572 605 604
4 572 573 606 605
4 573 574 607 606
4 574 575 608 607
4 575 576 609 608
4 576 577 610 609
4 577 578 611 610
4 578 579 612 611
4 579 580 613 612
4 580 581 614 613
4 581 582 615 614
4 582 583 616 615
4 583 584 617 616
4 584 585 618 617
4 585 586 619 618
4 586 587 620 619
4 587 588 621 620
4 588 589 622 621
4 589 590 623 622
4 590 591 624 623
4 591 592 625 624
4 592 593 626 625
4 594 595 628 627
4 595 596 629 628
4 596 597 630 629
4 597 598 631 630
4 598 599 632 631
4 599 600 633 632
4 600 601 634 633
4 601 602 635 634
4 602 603 636 635
4 603 604 637 636
4 604 605 638 637
4 605 606 639 638
4 606 607 640 639
4 607 608 641 640
4 608 609 642 641
4 609 610 643 642
4 610 611 644 643
4 611 612 645 644
4 612 613 646 645
4 613 614 647 646
4 614 615 648 647
4 615 616 649 648
4 616 617 650 649
4 617 618 651 650
4 618 619 652 651
4 619 620 653 652
4 620 621 654 653
4 621 622 655 654
4 622 623 656 655
4 623 624 657 656
4 624 625 658 657
4 625 626 659 658
4 627 628 661 660
4 628 629 662 661
4 629 630 663 662
4 630 631 664 663
4 631 632 665 664
4 632 633 666 665
4 633 634 667 666
4 634 635 668 667
4 635 636 669 668
4 636 637 670 669
4 637 638 671 670
4 638 639 672 671
4 639 640 673 672
4 640 641 674 673
4 641 642 675 674
4 642 643 676 675
4 643 644 677 676
4 644 645 678 677
4 645 646 679 678
4 646 647 680 679
4 647 648 681 680
4 648 649 682 681
4 649 650 683 682
4 650 651 684 683
4 651 652 685 684
4 652 653 686 685
4 653 654 687 686
4 654 655 688 687
4 655 656 689 688
4 656 657 690 689
4 657 658 691 690
4 658 659 692 691
4 660 661 694 693
4 661 662 695 694
4 662 663 696 695
4 663 664 697 696
4 664 665 698 697
4 665 666 699 698
4 666 667 700 699
4 667 668 701 700
4 668 669 702 701
4 669 670 703 702
4 670 671 704 703
4 671 672 705 704
4 672 673 706 705
4 673 674 707 706
4 674 675 708 707
4 675 676 709 708
4 676 677 710 709
4 677 678 711 710
4 678 679 712 711
4 679 680 713 712
4 680 681 714 713
4 681 682 715 714
4 682 683 716 715
4 683 684 717 716
4 684 685 718 717
4 685 686 719 718
4 686 687 720 719
4 687 688 721 720
4 688 689 722 721
4 689 690 723 722
4 690 691 724 723
4 691 692 725 724
4 693 694 727 726
4 694 695 728 727
4 695 696 729 728
4 696 697 730 729
4 697 698 731 730
4 698 699 732 731
4 699 700 733 732
4 700 701 734 733
4 701 702 735 734
4 702 703 736 735
4 703 704 737 736
4 704 705 738 737
4 705 706 739 738
4 706 707 740 739
4 707 708 741 740
4 708 709 742 741
4 709 710 743 742
4 710 711 744 743
4 711 712 745 744
4 712 713 746 745
4 713 714 747 746
4 714 715 748 747
4 715 716 749 748
4 716 717 750 749
4 717 718 751 750
4 718 719 752 751
4 719 720 753 752
4 720 721 754 753
4 721 722 755 754
4 722 723 756 755
4 723 724 757 756
4 724 725 758 757
4 726 727 760 759
4 727 728 761 760
4 728 729 762 761
4 729 730 763 762
4 730 731 764 763
4 731 732 765 764
4 732 733 766 765
4 733 734 767 766
4 734 735 768 767
4 735 736 769 768
4 736 737 770 769
4 737 738 771 770
4 738 739 772 771
4 739 740 773 772
4 740 741 774 773
4 741 742 775 774
4 742 743 776 775
4 743 744 777 776
4 744 745 778 777
4 745 746 779 778
4 746 747 780 779
4 747 748 781 780
4 748 749 782 781
4 749 750 783 782
4 750 751 784 783
4 751 752 785 784
4 752 753 786 785
4 753 754 787 786
4 754 755 788 787
4 755 756 789 788
4 756 757 790 789
4 757 758 791 790
4 759 760 793 792
4 760 761 794 793
4 761 762 795 794
4 762 763 796 795
4 763 764 797 796
4 764 765 798 797
4 765 766 799 798
4 766 767 800 799
4 767 768 801 800
4 768 769 802 801
4 769 770 803 802
4 770 771 804 803
4 771 772 805 804
4 772 773 806 805
4 773 774 807 806
4 774 775 808 807
4 775 776 809 808
4 776 777 810 809
4 777 778 811 810
4 778 779 812 811
4 779 780 813 812
4 780 781 814 813
4 781 782 815 814
4 782 783 816 815
4 783 784 817 816
4 784 785 818 817
4 785 786 819 818
4 786 787 820 819
4 787 788 821 820
4 788 789 822 821
4 789 790 823 822
4 790 791 824 823
4 792 793 826 825
4 793 794 827 826
4 794 795 828 827
4 795 796 829 828
4 796 797 830 829
4 797 798 831 830
4 798 799 832 831
4 799 800 833 832
4 800 801 834 833
4 801 802 835 834
4 802 803 836 835
4 803 804 837 836
4 804 805 838 837
4 805 806 839 838
4 806 807 840 839
4 807 808 841 840
4 808 809 842 841
4 809 810 843 842
4 810 811 844 843
4 811 812 845 844
4 812 813 846 845
4 813 814 847 846
4 814 815 848 847
4 815 816 849 848
4 816 817 850 849
4 817 818 851 850
4 818 819 852 851
4 819 820 853 852
4 820 821 854 853
4 821 822 855 854
4 822 823 856 855
4 823 824 857 856
4 825 826 859 858
4 826 827 860 859
4 827 828 861 860
4 828 829 862 861
4 829 830 863 862
4 830 831 864 863
4 831 832 865 864
4 832 833 866 865
4 833 834 867 866
4 834 835 868 867
4 835 836 869 868
4 836 837 870 869
4 837 838 871 870
4 838 839 872 871
4 839 840 873 872
4 840 841 874 873
4 841 842 875 874
4 842 843 876 875
4 843 844 877 876
4 844 845 878 877
4 845 846 879 878
4 846 847 880 879
4 847 848 881 880
4 848 849 882 881
4 849 850 883 882
4 850 851 884 883
4 851 852 885 884
4 852 853 886 885
4 853 854 887 886
4 854 855 888 887
4 855 856 889 888
4 856 857 890 889
4 858 859 892 891
4 859 860 893 892
4 860 861 894 893
4 861 862 895 894
4 862 863 896 895
4 863 864 897 896
4 864 865 898 897
4 865 866 899 898
4 866 867 900 899
4 867 868 901 900
4 868 869 902 901
4 869 870 903 902
4 870 871 904 903
4 871 872 905 904
4 872 873 906 905
4 873 874 907 906
4 874 875 908 907
4 875 876 909 908
4 876 877 910 909
4 877 878 911 910
4 878 879 912 911
4 879 880 913 912
4 880 881 914 913
4 881 882 915 914
4 882 883 916 915
4 883 884 917 916
4 884 885 918 917
4 885 886 919 918
4 886 887 920 919
4 887 888 921 920
4 888 889 922 921
4 889 890 923 922
4 891 892 925 924
4 892 893 926 925
4 893 894 927 926
4 894 895 928 927
4 895 896 929 928
4 896 897 930 929
4 897 898 931 930
4 898 899 932 931
4 899 900 933 932
4 900 901 934 933
4 901 902 935 934
4 902 903 936 935
4 903 904 937 936
4 904 905 938 937
4 905 906 939 938
4 906 907 940 939
4 907 908 941 940
4 908 909 942 941
4 909 910 943 942
4 910 911 944 943
4 911 912 945 944
4 912 913 946 945
4 913 914 947 946
4 914 915 948 947
4 915 916 949 948
4 916 917 950 949
4 917 918 951 950
4 918 919 952 951
4 919 920 953 952
4 920 921 954 953
4 921 922 955 954
4 922 923 956 955
4 924 925 958 957
4 925 926 959 958
4 926 927 960 959
4 927 928 961 960
4 928 929 962 961
4 929 930 963 962
4 930 931 964 963
4 931 932 965 964
4 932 933 966 965
4 933 934 967 966
4 934 935 968 967
4 935 936 969 968
4 936 937 970 969
4 937 938 971 970
4 938 939 972 971
4 939 940 973 972
4 940 941 974 973
4 941 942 975 974
4 942 943 976 975
4 943 944 977 976
4 944 945 978 977
4 945 946 979 978
4 946 947 980 979
4 947 948 981 980
4 948 949 982 981
4 949 950 983 982
4 950 951 984 983
4 951 952 985 984
4 952 953 986 985
4 953 954 987 986
4 954 955 988 987
4 955 956 989 988
4 957 958 991 990
4 958 959 992 991
4 959 960 993 992
4 960 961 994 993
4 961 962 995 994
4 962 963 996 995
4 963 964 997 996
4 964 965 998 997
4 965 966 999 998
4 966 967 1000 999
4 967 968 1001 1000
4 968 969 1002 1001
4 969 970 1003 1002
4 970 971 1004 1003
4 971 972 1005 1004
4 972 973 1006 1005
4 973 974 1007 1006
4 974 975 1008 1007
4 975 976 1009 1008
4 976 977 1010 1009
4 977 978 1011 1010
4 978 979 1012 1011
4 979 980 1013 1012
4 980 981 1014 1013
4 981 982 1015 1014
4 982 983 1016 1015
4 983 984 1017 1016
4 984 985 1018 1017
4 985 986 1019 1018
4 986 987 1020 1019
4 987 988 1021 1020
4 988 989 1022 1021
4 990 991 1024 1023
4 991 992 1025 1024
4 992 993 1026 1025
4 993 994 1027 1026
4 994 995 1028 1027
4 995 996 1029 1028
4 996 997 1030 1029
4 997 998 1031 1030
4 998 999 1032 1031
4 999 1000 1033 1032
4 1000 1001 1034 1033
4 1001 1002 1035 1034
4 1002 1003 1036 1035
4 1003 1004 1037 1036
4 1004 1005 1038 1037
4 1005 1006 1039 1038
4 1006 1007 1040 1039
4 1007 1008 1041 1040
4 1008 1009 1042 1041
4 1009 1010 1043 1042
4 1010 1011 1044 1043
4 1011 1012 1045 1044
4 1012 1013 1046 1045
4 1013 1014 1047 1046
4 1014 1015 1048 1047
4 1015 1016 1049 1048
4 1016 1017 1050 1049
4 1017 1018 1051 1050
4 1018 1019 1052 1051
4 1019 1020 1053 1052
4 1020 1021 1054 1053
4 1021 1022 1055 1054
4 1023 1024 1057 1056
4 1024 1025 1058 1057
4 1025 1026 1059 1058
4 1026 1027 1060 1059
4 1027 1028 1061 1060
4 1028 1029 1062 1061
4 1029 1030 1063 1062
4 1030 1031 1064 1063
4 1031 1032 1065 1064
4 1032 1033 1066 1065
4 1033 1034 1067 1066
4 1034 1035 1068 1067
4 1035 1036 1069 1068
4 1036 1037 1070 1069
4 1037 1038 1071 1070
4 1038 1039 1072 1071
4 1039 1040 1073 1072
4 1040 1041 1074 1073
4 1041 1042 1075 1074
4 1042 1043 1076 1075
4 1043 1044 1077 1076
4 1044 1045 1078 1077
4 1045 1046 1079 1078
4 1046 1047 1080 1079
4 1047 1048 1081 1080
4 1048 1049 1082 1081
4 1049 1050 1083 1082
4 1050 1051 1084 1083
4 1051 1052 1085 1084
4 1052 1053 1086 1085
4 1053 1054 1087 1086
4 1054 1055 1088 1087

CELL_TYPES 1024
9
9
9
9
9
9
9
9
9
9
9
9
9
9
9
9
9
9
9
9
9
9
9
9
9
9
9
9
9
9
9
9
9
9
9
9
9
9
9
9
9
9
9
9
9
9
9
9
9
9
9
9
9
9
9
9
9
9
9
9
9
9
9
9
9
9
9
9
9
9
9
9
9
9
9
9
9
9
9
9
9
9
9
9
9
9
9
9
9
9
9
9
9
9
9
9
9
9
9
9
9
9
9
9
9
9
9
9
9
9
9
9
9
9
9
9
9
9
9
9
9
9
9
9
9
9
9
9
9
9
9
9
9
9
9
9
9
9
9
9
9
9
9
9
9
9
9
9
9
9
9
9
9
9
9
9
9
9
9
9
9
9
9
9
9
9
9
9
9
9
9
9
9
9
9
9
9
9
9
9
9
9
9
9
9
9
9
9
9
9
9
9
9
9
9
9
9
9
9
9
9
9
9
9
9
9
9
9
9
9
9
9
9
9
9
9
9
9
9
9
9
9
9
9
9
9
9
9
9
9
9
9
9
9
9
9
9
9
9
9
9
9
9
9
9
9
9
9
9
9
9
9
9
9
9
9
9
9
9
9
9
9
9
9
9
9
9
9
9
9
9
9
9
9
9
9
9
9
9
9
9
9
9
9
9
9
9
9
9
9
9
9
9
9
9
9
9
9
9
9
9
9
9
9
9
9
9
9
9
9
9
9
9
9
9
9
9
9
9
9
9
9
9
9
9
9
9
9
9
9
9
9
9
9
9
9
9
9
9
9
9
9
9
9
9
9
9
9
9
9
9
9
9
9
9
9
9
9
9
9
9
9
9
9
9
9
9
9
9
9
9
9
9
9
9
9
9
9
9
9
9
9
9
9
9
9
9
9
9
9
9
9
9
9
9
9
9
9
9
9
9
9
9
9
9
9
9
9
9
9
9
9
9
9
9
9
9
9
9
9
9
9
9
9
9
9
9
9
9
9
9
9
9
9
9
9
9
9
9
9
9
9
9
9
9
9
9
9
9
9
9
9
9
9
9
9
9
9
9
9
9
9
9
9
9
9
9
9
9
9
9
9
9
9
9
9
9
9
9
9
9
9
9
9
9
9
9
9
9
9
9
9
9
9
9
9
9
9
9
9
9
9
9
9
9
9
9
9
9
9
9
9
9
9
9
9
9
9
9
9
9
9
9
9
9
9
9
9
9
9
9
9
9
9
9
9
9
9
9
9
9
9
9
9
9
9
9
9
9
9
9
9
9
9
9
9
9
9
9
9
9
9
9
9
9
9
9
9
9
9
9
9
9
9
9
9
9
9
9
9
9
9
9
9
9
9
9
9
9
9
9
9
9
9
9
9
9
9
9
9
9
9
9
9
9
9
9
9
9
9
9
9
9
9
9
9
9
9
9
9
9
9
9
9
9
9
9
9
9
9
9
9
9
9
9
9
9
9
9
9
9
9
9
9
9
9
9
9
9
9
9
9
9
9
9
9
9
9
9
9
9
9
9
9
9
9
9
9
9
9
9
9
9
9
9
9
9
9
9
9
9
9
9
9
9
9
9
9
9
9
9
9
9
9
9
9
9
9
9
9
9
9
9
9
9
9
9
9
9
9
9
9
9
9
9
9
9
9
9
9
9
9
9
9
9
9
9
9
9
9
9
9
9
9
9
9
9
9
9
9
9
9
9
9
9
9
9
9
9
9
9
9
9
9
9
9
9
9
9
9
9
9
9
9
9
9
9
9
9
9
9
9
9
9
9
9
9
9
9
9
9
9
9
9
9
9
9
9
9
9
9
9
9
9
9
9
9
9
9
9
9
9
9
9
9
9
9
9
9
9
9
9
9
9
9
9
9
9
9
9
9
9
9
9
9
9
9
9
9
9
9
9
9
9
9
9
9
9
9
9
9
9
9
9
9
9
9
9
9
9
9
9
9
9
9
9
9
9
9
9
9
9
9
9
9
9
9
9
9
9
9
9
9
9
9
9
9
9
9
9
9
9
9
9
9
9
9
9
9
9
9
9
9
9
9
9
9
9
9
9
9
9
9
9
9
9
9
9
9
9
9
9
9
9
9
9
9
9
9
9
9
9
9
9
9
9
9
9
9
9
9
9
9
9
9
9
9
9
9
9
9
9
9
9
9
9
9
9
9
9
9
9
9
9
9
9
9
9
9
9
9
9
9
9
9
9
9
9
9
9
9
9
9
9
9
9
9
9
9
9
9
9
9
9
9
9
9
9
9
9
9
9
9
9
9
9
9
9
9
9
9
9
9
9
9
9
9
9
9
9
9
9
9
9
9
9
9
9
9
9
9
9
9
9

POINT_DATA 1089
VECTORS displacement double
0.000000000000000e+00 0.000000000000000e+00 0.0
9.700909503518913e-01 4.810200272363057e+00 0.0
2.028771360937378e+00 7.117665861001055e+00 0.0
2.713990466316410e+00 9.290479235226504e+00 0.0
3.670510497768464e+00 1.099417657192627e+01 0.0
4.629766229163010e+00 1.260797677530921e+01 0.0
5.749051641526090e+00 1.413471247336805e+01 0.0
6.911167347306472e+00 1.568987089197009e+01 0.0
8.165061188433384e+00 1.730299048375651e+01 0.0
9.443602434470000e+00 1.902375843646156e+01 0.0
1.076453211987931e+01 2.087480993014192e+01 0.0
1.208321228065792e+01 2.288147396131867e+01 0.0
1.340698903790876e+01 2.505875007275383e+01 0.0
1.470389462087541e+01 2.742093932448946e+01 0.0
1.597735477102660e+01 2.997817199309549e+01 0.0
1.720328580147836e+01 3.273948657020522e+01 0.0
1.838314293516156e+01 3.571241201842557e+01 0.0
1.949772952980804e+01 3.890356113535466e+01 0.0
2.054683577218706e+01 4.231922675532503e+01 0.0
2.151395207605844e+01 4.596491191015564e+01 0.0
2.239688175587691e+01 4.984625674259929e+01 0.0
2.318000211985444e+01 5.396798085734888e+01 0.0
2.385860728897677e+01 5.833504669307111e+01 0.0
2.441629366444069e+01 6.295089554577928e+01 0.0
2.484544855768483e+01 6.781943736698518e+01 0.0
2.512697895301217e+01 7.294138014191296e+01 0.0
2.525092521011590e+01 7.831988892119553e+01 0.0
2.519223494235830e+01 8.394982550787246e+01 0.0
2.494338142984718e+01 8.984050620425762e+01 0.0
2.446322459100130e+01 9.597390117717222e+01 0.0
2.376535631591957e+01 1.024176053292206e+02 0.0
2.276190433395645e+01 1.091305519190234e+02 0.0
2.121504152953645e+01 1.169060126102270e+02 0.0
0.000000000000000e+00 0.000000000000000e+00 0.0
3.291867690845170e-01 3.425372207703085e+00 0.0
1.283652712554630e+00 6.263807952223362e+00 0.0
2.295968659425827e+00 8.289582332959805e+00 0.0
3.313182279069879e+00 1.006128903334880e+01 0.0
4.431670534933170e+00 1.162759058217316e+01 0.0
5.568936394140009e+00 1.315116167996936e+01 0.0
6.776031753689292e+00 1.468114296492316e+01 0.0
7.994861147952784e+00 1.628511463367383e+01 0.0
9.248995238798278e+00 1.799517893935602e+01 0.0
1.049720423702024e+01 1.984450429117497e+01 0.0
1.175101013680593e+01 2.185269714076820e+01 0.0
1.297994210313794e+01 2.403753199892978e+01 0.0
1.419009554920328e+01 2.641125893362089e+01 0.0
1.535809172987745e+01 2.898431240452260e+01 0.0
1.648716555280172e+01 3.176509826354950e+01 0.0
1.755857032232798e+01 3.476068030786533e+01 0.0
1.857347697947957e+01 3.797770557205710e+01 0.0
1.951591287019204e+01 4.142183107213553e+01 0.0
2.038499382005769e+01 4.509897473890616e+01 0.0
2.116599009791782e+01 4.901414517706684e+01 0.0
2.185561289949716e+01 5.317278643742036e+01 0.0
2.243901284621723e+01 5.757914541050925e+01 0.0
2.290997948650998e+01 6.223787926983942e+01 0.0
2.325225556274555e+01 6.715155626531033e+01 0.0
2.345609057454844e+01 7.232348895407691e+01 0.0
2.350274455046173e+01 7.775277274052902e+01 0.0
2.337766991794448e+01 8.344206089654423e+01 0.0
2.306053768874384e+01 8.938508090560310e+01 0.0
2.252108917113531e+01 9.559455338488823e+01 0.0
2.176263973864733e+01 1.020701264074569e+02 0.0
2.056023442857340e+01 1.089108227539161e+02 0.0
1.899877953120804e+01 1.167579488915563e+02 0.0
0.000000000000000e+00 0.000000000000000e+00 0.0
2.940658352354006e-01 2.850462026253088e+00 0.0
9.793734269099115e-01 5.278044460772262e+00 0.0
1.964623546709051e+00 7.341829079399455e+00 0.0
3.045534753503247e+00 9.037422839239989e+00 0.0
4.168479001988778e+00 1.061920695463726e+01 0.0
5.345897254800343e+00 1.212203564510761e+01 0.0
6.529261672963427e+00 1.365945534571549e+01 0.0
7.738271180253779e+00 1.526017095777198e+01 0.0
8.935935510957828e+00 1.697919520740897e+01 0.0
1.013544308148598e+01 1.883512387479309e+01 0.0
1.130868965126124e+01 2.085675158950232e+01 0.0
1.246395409694570e+01 2.305550800352275e+01 0.0
1.357932231731279e+01 2.544762693773439e+01 0.0
1.465989298591074e+01 2.804052472469238e+01 0.0
1.568793274004307e+01 3.084442489707899e+01 0.0
1.666616874740703e+01 3.386492762025283e+01 0.0
1.757949806265317e+01 3.710954905351762e+01 0.0
1.842845825025923e+01 4.058330723630880e+01 0.0
1.919930038176221e+01 4.429254697459323e+01 0.0
1.989018742030721e+01 4.824216039260925e+01 0.0
2.048760903593126e+01 5.243773035954656e+01 0.0
2.098691153345312e+01 5.688387088959546e+01 0.0
2.137382223253459e+01 6.158494195307045e+01 0.0
2.164009718585881e+01 6.654464742344271e+01 0.0
2.176996592094107e+01 7.176490209590528e+01 0.0
2.174985161731034e+01 7.724762298674698e+01 0.0
2.156292702267540e+01 8.299133585869946e+01 0.0
2.118357384606901e+01 8.899593089667255e+01 0.0
2.059808551926542e+01 9.526809422716005e+01 0.0
1.973813545597501e+01 1.018022437704604e+02 0.0
1.844760671388589e+01 1.088121901006094e+02 0.0
1.706648154892015e+01 1.166265950986015e+02 0.0
0.000000000000000e+00 0.000000000000000e+00 0.0
2.162072481763090e-01 2.366628951430392e+00 0.0
8.652128677045479e-01 4.521246540825434e+00 0.0
1.749798459565779e+00 6.376410056806094e+00 0.0
2.796317567622743e+00 8.055920685551859e+00 0.0
3.914497205812250e+00 9.586433099083846e+00 0.0
5.061801680453285e+00 1.110299958001763e+01 0.0
6.231589022392370e+00 1.263382117625678e+01 0.0
7.391579386056370e+00 1.425360797850458e+01 0.0
8.548826750013223e+00 1.598176085431331e+01 0.0
9.678455398890673e+00 1.785888267763936e+01 0.0
1.078812893736930e+01 1.989690315551302e+01 0.0
1.185823779925361e+01 2.211874543046253e+01 0.0
1.289477021358720e+01 2.453176528515240e+01 0.0
1.388170731648038e+01 2.714992475521580e+01 0.0
1.482302557682765e+01 2.997837446818669e+01 0.0
1.570499827479892e+01 3.302675622437971e+01 0.0
1.652948740883046e+01 3.629950831381083e+01 0.0
1.728400832543962e+01 3.980433041448637e+01 0.0
1.796811739401877e+01 4.354564467385388e+01 0.0
1.856967403490241e+01 4.753020625813037e+01 0.0
1.908556936457545e+01 5.176245693519272e+01 0.0
1.950319893465693e+01 5.624826177171169e+01 0.0
1.981614610069638e+01 6.099151602728936e+01 0.0
2.001061509690251e+01 6.599656113714123e+01 0.0
2.007564203913513e+01 7.126547775139977e+01 0.0
1.999552689118349e+01 7.680046004959704e+01 0.0
1.975213184313183e+01 8.259964831059516e+01 0.0
1.932424001196132e+01 8.866721177416350e+01 0.0
1.868502010294974e+01 9.499799505872284e+01 0.0
1.774703389637498e+01 1.016304202024276e+02 0.0
1.648294990534152e+01 1.087672825764605e+02 0.0
1.528425071989854e+01 1.164767452921921e+02 0.0
0.000000000000000e+00 0.000000000000000e+00 0.0
2.121184123696714e-01 1.978250530017197e+00 0.0
7.651017863580847e-01 3.813992059752172e+00 0.0
1.597742676331960e+00 5.520963566896087e+00 0.0
2.576961287581060e+00 7.084707845096495e+00 0.0
3.647472588213395e+00 8.600760660881699e+00 0.0
4.758310515641042e+00 1.009232424930779e+01 0.0
5.876796039143789e+00 1.164152143439031e+01 0.0
6.993785729192773e+00 1.326805598423732e+01 0.0
8.086382810304315e+00 1.502257159200701e+01 0.0
9.157208950696557e+00 1.691780508296205e+01 0.0
1.018888146111577e+01 1.898378583340565e+01 0.0
1.118643305654973e+01 2.122822891126043e+01 0.0
1.213585332602149e+01 2.366955254270780e+01 0.0
1.304164485468273e+01 2.631277401363262e+01 0.0
1.389181036175959e+01 2.917024047947475e+01 0.0
1.468927294878787e+01 3.224596118856086e+01 0.0
1.542307828154021e+01 3.554934590748216e+01 0.0
1.609407577830865e+01 3.908432882601948e+01 0.0
1.669159394775480e+01 4.285895789008103e+01 0.0
1.721402480877617e+01 4.687734964548073e+01 0.0
1.765031234210187e+01 5.114672400139192e+01 0.0
1.799589826761076e+01 5.567102116308284e+01 0.0
1.823864483842833e+01 6.045642866788155e+01 0.0
1.837024893198555e+01 6.550567279998300e+01 0.0
1.837642968632177e+01 7.082328521061496e+01 0.0
1.824390394283648e+01 7.640909290374110e+01 0.0
1.795288503269670e+01 8.226608615965267e+01 0.0
1.748390608284717e+01 8.839269514628224e+01 0.0
1.679615914537360e+01 9.479467900530429e+01 0.0
1.583123390988999e+01 1.015295350697950e+02 0.0
1.464657630559193e+01 1.087401828130439e+02 0.0
1.361067399072002e+01 1.163230070102835e+02 0.0
0.000000000000000e+00 0.000000000000000e+00 0.0
1.806522226408753e-01 1.615426893570103e+00 0.0
7.052965114038469e-01 3.196773293573257e+00 0.0
1.455412129369426e+00 4.709875237612438e+00 0.0
2.374169764106481e+00 6.191369245424703e+00 0.0
3.379025948545340e+00 7.644519749312281e+00 0.0
4.429214083460537e+00 9.135023151992838e+00 0.0
5.492218529303157e+00 1.067917023057553e+01 0.0
6.543513285252784e+00 1.233029477789653e+01 0.0
7.575500745167702e+00 1.410130882626688e+01 0.0
8.571693482332641e+00 1.602753544234277e+01 0.0
9.533488597009276e+00 1.811724344212289e+01 0.0
1.044854167189182e+01 2.039313971437940e+01 0.0
1.132062953460538e+01 2.286046340373022e+01 0.0
1.213953844472979e+01 2.553450409099658e+01 0.0
1.290870797948321e+01 2.841913720281960e+01 0.0
1.361887598473554e+01 3.152571904668600e+01 0.0
1.427195119867535e+01 3.485786197523602e+01 0.0
1.485885248520951e+01 3.842500049719911e+01 0.0
1.537934376716110e+01 4.223095651824749e+01 0.0
1.582393561628225e+01 4.628418211637995e+01 0.0
1.618978541958466e+01 5.058859692892773e+01 0.0
1.646639320329165e+01 5.515182673525268e+01 0.0
1.664774796519278e+01 5.997719196383812e+01 0.0
1.672140463088554e+01 6.507103447361160e+01 0.0
1.667732038691964e+01 7.043486386210716e+01 0.0
1.649898053557838e+01 7.607290449423965e+01 0.0
1.617046260818802e+01 8.198485838238314e+01 0.0
1.566674273173629e+01 8.817369840561432e+01 0.0
1.495179895398588e+01 9.465086636986885e+01 0.0
1.400009017197224e+01 1.014761176167014e+02 0.0
1.291813518377401e+01 1.087166858787356e+02 0.0
1.201956523176866e+01 1.161747059681221e+02 0.0
0.000000000000000e+00 0.000000000000000e+00 0.0
1.725468917723280e-01 1.294364985346449e+00 0.0
6.354241857262719e-01 2.622744760388811e+00 0.0
1.332145295877729e+00 3.979643720556449e+00 0.0
2.171598656796606e+00 5.347204285678763e+00 0.0
3.107178803509942e+00 6.759465095583269e+00 0.0
4.085783962692877e+00 8.221267499395086e+00 0.0
5.077316933652926e+00 9.777109655251570e+00 0.0
6.060332933820606e+00 1.143720813509297e+01 0.0
7.016777053287404e+00 1.323769198345805e+01 0.0
7.941477429870074e+00 1.518665440505828e+01 0.0
8.822623653019249e+00 1.730966995787982e+01 0.0
9.661581025087619e+00 1.961220865539498e+01 0.0
1.044951707831139e+01 2.211221355697161e+01 0.0
1.118953182170305e+01 2.481363267773948e+01 0.0
1.187399037234955e+01 2.772982700132487e+01 0.0
1.250544835917142e+01 3.086427844542043e+01 0.0
1.307646100409123e+01 3.422789294877253e+01 0.0
1.358794047790740e+01 3.782429139715921e+01 0.0
1.403200499125993e+01 4.166312606992730e+01 0.0
1.440732489680991e+01 4.574825864615959e+01 0.0
1.470505947765925e+01 5.008853721949143e+01 0.0
1.492115139136823e+01 5.468767035797415e+01 0.0
1.504508931326711e+01 5.955351309790916e+01 0.0
1.506940234885147e+01 6.468876672789128e+01 0.0
1.498056378731771e+01 7.009953017364663e+01 0.0
1.476615487565641e+01 7.578673815669453e+01 0.0
1.440735078114073e+01 8.175457895601140e+01 0.0
1.388194759394730e+01 8.800481884356130e+01 0.0
1.316154518216562e+01 9.455676893708386e+01 0.0
1.225249001988212e+01 1.014508656431582e+02 0.0
1.127787735413052e+01 1.086941501413632e+02 0.0
1.049454346285143e+01 1.160354160980563e+02 0.0
0.000000000000000e+00 0.000000000000000e+00 0.0
1.503199609853761e-01 9.979655249726692e-01 0.0
5.798682507124541e-01 2.109934292378111e+00 0.0
1.203919028363086e+00 3.303565016452805e+00 0.0
1.974830946423207e+00 4.580973417259453e+00 0.0
2.828565219663616e+00 5.931062997298602e+00 0.0
3.729397029318346e+00 7.379664055019068e+00 0.0
4.642406084821272e+00 8.929356407822148e+00 0.0
5.545591886986055e+00 1.061052355532214e+01 0.0
6.425078845796365e+00 1.242894305378925e+01 0.0
7.267885426550212e+00 1.441012296400662e+01 0.0
8.071167347582028e+00 1.655908518466626e+01 0.0
8.826578477250827e+00 1.889533439642805e+01 0.0
9.535773624009899e+00 2.142281342986824e+01 0.0
1.019236692888046e+01 2.415658001784307e+01 0.0
1.079895580020271e+01 2.710009992256333e+01 0.0
1.134961532077265e+01 3.026571070792659e+01 0.0
1.184607075586471e+01 3.365694748368937e+01 0.0
1.228202769530046e+01 3.728464298024539e+01 0.0
1.265742503402483e+01 4.115261825756041e+01 0.0
1.296506994424593e+01 4.527082414675349e+01 0.0
1.320257338946361e+01 4.964319755719190e+01 0.0
1.336130194256330e+01 5.427887095333322e+01 0.0
1.343597187841868e+01 5.918133144426038e+01 0.0
1.341561533213135e+01 6.435841354925773e+01 0.0
1.329096527900663e+01 6.981231438112307e+01 0.0
1.304714966651665e+01 7.554901823384864e+01 0.0
1.266881760507037e+01 8.156939662969164e+01 0.0
1.213448055995703e+01 8.788149714781287e+01 0.0
1.142986192397468e+01 9.449875577453835e+01 0.0
1.058032613710248e+01 1.014440668132991e+02 0.0
9.710429640666398e+00 1.086702654968225e+02 0.0
9.022575003814765e+00 1.159100567743987e+02 0.0
0.000000000000000e+00 0.000000000000000e+00 0.0
1.388804886351476e-01 7.344727314830043e-01 0.0
5.163368403903179e-01 1.642155309466194e+00 0.0
1.083170150616871e+00 2.698706151341762e+00 0.0
1.773097712668339e+00 3.877468633391955e+00 0.0
2.547357541187738e+00 5.181633830622502e+00 0.0
3.361735781611034e+00 6.602006005303489e+00 0.0
4.189710877832194e+00 8.156806897276333e+00 0.0
5.008464928340083e+00 9.846146123145154e+00 0.0
5.802263054423590e+00 1.169132605429923e+01 0.0
6.562686283653734e+00 1.369530204201329e+01 0.0
7.280666909998157e+00 1.587711943664396e+01 0.0
7.955250000957369e+00 1.824012396005724e+01 0.0
8.580607631870471e+00 2.080023742658437e+01 0.0
9.158623842658162e+00 2.356079280160325e+01 0.0
9.684562916982207e+00 2.653527890153885e+01 0.0
1.016051098435923e+01 2.972719210366164e+01 0.0
1.058162102277040e+01 3.314846071712094e+01 0.0
1.094880022181579e+01 3.680290219259609e+01 0.0
1.125642766812511e+01 4.070148761333029e+01 0.0
1.150350922473292e+01 4.484829584472254e+01 0.0
1.168317531450024e+01 4.925355599965558e+01 0.0
1.179200513555854e+01 5.392125879721175e+01 0.0
1.182126296271066e+01 5.886067440178105e+01 0.0
1.176433609110216e+01 6.407503979606146e+01 0.0
1.160953051868920e+01 6.957212447510405e+01 0.0
1.134576567680947e+01 7.535374436784207e+01 0.0
1.095685899477968e+01 8.142649785888318e+01 0.0
1.042822304847754e+01 8.779407897224770e+01 0.0
9.754664517962986e+00 9.446883342721205e+01 0.0
8.974887840706234e+00 1.014464442219986e+02 0.0
8.202073285663277e+00 1.086481984653370e+02 0.0
7.594526263789089e+00 1.157983446594446e+02 0.0
0.000000000000000e+00 0.000000000000000e+00 0.0
1.198628713281026e-01 4.974492201385988e-01 0.0
4.597057602144359e-01 1.228764875156516e+00 0.0
9.573933207157260e-01 2.153211315414513e+00 0.0
1.573432778050632e+00 3.251895418184755e+00 0.0
2.259582553241436e+00 4.502132396213431e+00 0.0
2.986035882322157e+00 5.905884279286001e+00 0.0
3.722937550148523e+00 7.454275667452252e+00 0.0
4.451179702934660e+00 9.160023463778103e+00 0.0
5.156418517025821e+00 1.102159632485289e+01 0.0
5.827757655824165e+00 1.305477416364736e+01 0.0
6.460721271037830e+00 1.526106174731234e+01 0.0
7.049167992171143e+00 1.765580237909010e+01 0.0
7.593482951192103e+00 2.024169916850070e+01 0.0
8.089586786407247e+00 2.303276009816141e+01 0.0
8.539385608702981e+00 2.603231467342659e+01 0.0
8.939191961711437e+00 2.925314745125986e+01 0.0
9.290516500129957e+00 3.269906663795155e+01 0.0
9.589145451798979e+00 3.638195469823906e+01 0.0
9.835187389028061e+00 4.030599114145886e+01 0.0
1.002338088406065e+01 4.448236167028524e+01 0.0
1.015185495486833e+01 4.891538079947896e+01 0.0
1.021383491644953e+01 5.361548364015908e+01 0.0
1.020489517605450e+01 5.858665446409681e+01 0.0
1.011601009673736e+01 6.383820577174778e+01 0.0
9.939316963225412e+00 6.937310432422379e+01 0.0
9.662502136437823e+00 7.519906721427532e+01 0.0
9.273987428052569e+00 8.131803073893788e+01 0.0
8.762353602761463e+00 8.773746867100074e+01 0.0
8.132363713408834e+00 9.445672278227116e+01 0.0
7.425854992245584e+00 1.014560947955334e+02 0.0
6.742414376787413e+00 1.086271099573282e+02 0.0
6.202011522831286e+00 1.157037180712310e+02 0.0
0.000000000000000e+00 0.000000000000000e+00 0.0
1.065335248724242e-01 2.908532556140437e-01 0.0
3.982388931112073e-01 8.626858429398864e-01 0.0
8.351795565758042e-01 1.676517077975564e+00 0.0
1.369353415798285e+00 2.696128646934033e+00 0.0
1.969512015224270e+00 3.905810352306957e+00 0.0
2.601890887032126e+00 5.285518568208214e+00 0.0
3.244566951955329e+00 6.835917075206198e+00 0.0
3.878197500154718e+00 8.548383543629523e+00 0.0
4.489521782891265e+00 1.043231506836644e+01 0.0
5.070231523240643e+00 1.248556014188117e+01 0.0
5.613079259787250e+00 1.472089638971017e+01 0.0
6.116329547178866e+00 1.713943269273041e+01 0.0
6.575920210500128e+00 1.975464903348526e+01 0.0
6.993026122534742e+00 2.256930110328346e+01 0.0
7.364699776703266e+00 2.559655519698744e+01 0.0
7.692642289982547e+00 2.884008194405100e+01 0.0
7.973782705559118e+00 3.231247480164752e+01 0.0
8.209008950924568e+00 3.601796234329349e+01 0.0
8.394460637158527e+00 3.996855320475917e+01 0.0
8.529501180772488e+00 4.416877203958190e+01 0.0
8.609058415292344e+00 4.863000979574176e+01 0.0
8.630475643821280e+00 5.335674912159823e+01 0.0
8.586968971214560e+00 5.835954766169821e+01 0.0
8.473239774081408e+00 6.364231161882566e+01 0.0
8.280054397129264e+00 6.921427560575286e+01 0.0
7.998943955949589e+00 7.507804546704473e+01 0.0
7.619083210753896e+00 8.124094471267317e+01 0.0
7.135350958185058e+00 8.770254886747750e+01 0.0
6.556287709911486e+00 9.445893555631655e+01 0.0
5.924454244187801e+00 1.014681927916582e+02 0.0
5.321749599051985e+00 1.086109312950328e+02 0.0
4.838883611264736e+00 1.156244363120623e+02 0.0
0.000000000000000e+00 0.000000000000000e+00 0.0
8.914253052776791e-02 1.117415542294050e-01 0.0
3.403685032934499e-01 5.490513114580233e-01 0.0
7.096073881919903e-01 1.262608994529290e+00 0.0
1.165773588796606e+00 2.219316554954210e+00 0.0
1.674381134033816e+00 3.387044118924920e+00 0.0
2.211963928507215e+00 4.752411497642233e+00 0.0
2.756095881168597e+00 6.297601802965185e+00 0.0
3.291396121952885e+00 8.022837581271762e+00 0.0
3.806224686556382e+00 9.920259053950799e+00 0.0
4.291804858561607e+00 1.199779596604277e+01 0.0
4.744046959815920e+00 1.425357436134812e+01 0.0
5.158331642836250e+00 1.669910990662281e+01 0.0
5.534669778574696e+00 1.933583800824634e+01 0.0
5.870372827572505e+00 2.217654718014201e+01 0.0
6.166923796685997e+00 2.522444353010743e+01 0.0
6.422046828119340e+00 2.849247945997039e+01 0.0
6.637064365922207e+00 3.198480623510403e+01 0.0
6.809251967900011e+00 3.571408110262413e+01 0.0
6.938884890865878e+00 3.968494433189719e+01 0.0
7.022324283232274e+00 4.390957467835257e+01 0.0
7.058298404727489e+00 4.839277104349855e+01 0.0
7.041884621205835e+00 5.314607380012092e+01 0.0
6.969813168044502e+00 5.817404604405709e+01 0.0
6.835375926318990e+00 6.348724905090815e+01 0.0
6.632814273105942e+00 6.908933852374921e+01 0.0
6.353535412340047e+00 7.498905791607973e+01 0.0
5.991124694774415e+00 8.118737186864026e+01 0.0
5.542535056668217e+00 8.768640080359242e+01 0.0
5.020179117193432e+00 9.446852633245122e+01 0.0
4.461443372069303e+00 1.014841252350686e+02 0.0
3.932623438607743e+00 1.085983387649405e+02 0.0
3.498916340171268e+00 1.155635476253422e+02 0.0
0.000000000000000e+00 0.000000000000000e+00 0.0
7.464979713581446e-02 -3.795844897906331e-02 0.0
2.798707361848783e-01 2.842609904414624e-01 0.0
5.855263896891416e-01 9.172524871824795e-01 0.0
9.590590276514708e-01 1.816709659831291e+00 0.0
1.376879142468666e+00 2.954523209685465e+00 0.0
1.815794784586165e+00 4.302388847237269e+00 0.0
2.259170264834746e+00 5.849345828775010e+00 0.0
2.693288386620443e+00 7.579963352332572e+00 0.0
3.107959099038559e+00 9.495114156610764e+00 0.0
3.497059450143793e+00 1.158832022392333e+01 0.0
3.855097022073336e+00 1.386744487181977e+01 0.0
4.180759303006134e+00 1.633153746464935e+01 0.0
4.471193113050949e+00 1.899197120023018e+01 0.0
4.727348745052470e+00 2.185091584755376e+01 0.0
4.947366307550372e+00 2.492113962509516e+01 0.0
5.132672889781130e+00 2.820645593890649e+01 0.0
5.281368584453955e+00 3.171990918835325e+01 0.0
5.394317534968480e+00 3.546612698116385e+01 0.0
5.469024694506759e+00 3.945791130694294e+01 0.0
5.505242471233615e+00 4.370023806882934e+01 0.0
5.499556459161193e+00 4.820542360749495e+01 0.0
5.450251229535053e+00 5.297844536381195e+01 0.0
5.352664452452919e+00 5.803089722823038e+01 0.0
5.203249958671936e+00 6.336727162230162e+01 0.0
4.995815648993489e+00 6.899782926699667e+01 0.0
4.725302369667514e+00 7.492523937659908e+01 0.0
4.386251892553502e+00 8.115554994883347e+01 0.0
3.979387209073190e+00 8.768178943899029e+01 0.0
3.516297261612807e+00 9.448519432936183e+01 0.0
3.029221694162151e+00 1.015005873172010e+02 0.0
2.567661723766910e+00 1.085930952199058e+02 0.0
2.177362400772685e+00 1.155186355923367e+02 0.0
0.000000000000000e+00 0.000000000000000e+00 0.0
5.825630790542943e-02 -1.596487497110801e-01 0.0
2.208613541200951e-01 7.140816411243645e-02 0.0
4.594698250488457e-01 6.370027703239878e-01 0.0
7.516313286038464e-01 1.494455348524140e+00 0.0
1.075615099175516e+00 2.604416438147750e+00 0.0
1.414681725121221e+00 3.943609133369616e+00 0.0
1.754763150214212e+00 5.487645723229964e+00 0.0
2.084875718592532e+00 7.228531184437195e+00 0.0
2.397764523793155e+00 9.153597962418484e+00 0.0
2.687140825491572e+00 1.126533836216647e+01 0.0
2.950614833977723e+00 1.355914389003739e+01 0.0
3.184939307631613e+00 1.604373576226823e+01 0.0
3.390423743801064e+00 1.871943774287794e+01 0.0
3.565298741382405e+00 2.159809847318135e+01 0.0
3.710845209852083e+00 2.468276134311020e+01 0.0
3.825667014077172e+00 2.798647719593163e+01 0.0
3.910918453038760e+00 3.151365046611181e+01 0.0
3.964944040700966e+00 3.527750641492750e+01 0.0
3.988181965270344e+00 3.928306010894605e+01 0.0
3.978389782225455e+00 4.354323398300077e+01 0.0
3.934979992041083e+00 4.806323312410736e+01 0.0
3.854899704206997e+00 5.285543021293956e+01 0.0
3.736300624569900e+00 5.792485135675905e+01 0.0
3.575098298003575e+00 6.328294323446244e+01 0.0
3.368122925223870e+00 6.893370925095115e+01 0.0
3.110777221860961e+00 7.488603080597355e+01 0.0
2.800881755306454e+00 8.113876278319914e+01 0.0
2.439496335066853e+00 8.768815323563308e+01 0.0
2.037838509520287e+00 9.450398229721155e+01 0.0
1.619893466510621e+00 1.015201891092710e+02 0.0
1.220984181425304e+00 1.085931898631056e+02 0.0
8.691389500046707e-01 1.154926680097927e+02 0.0
0.000000000000000e+00 0.000000000000000e+00 0.0
4.285312172609600e-02 -2.523076758235622e-01 0.0
1.607226516009452e-01 -9.150812006202419e-02 0.0
3.332439558369215e-01 4.258710185314832e-01 0.0
5.420300793262773e-01 1.249406768866191e+00 0.0
7.713864295656990e-01 2.343074320424505e+00 0.0
1.008761936711219e+00 3.672683385735340e+00 0.0
1.243316707222499e+00 5.220107469976365e+00 0.0
1.468023126491717e+00 6.965162569351356e+00 0.0
1.676281671375662e+00 8.903443625352967e+00 0.0
1.865334380028587e+00 1.102537817138080e+01 0.0
2.031612297116710e+00 1.333573830644109e+01 0.0
2.174989470886543e+00 1.583202307774825e+01 0.0
2.293615787037044e+00 1.852428217478259e+01 0.0
2.388538181281964e+00 2.141418510305087e+01 0.0
2.458595404944497e+00 2.451428485837000e+01 0.0
2.505002505961876e+00 2.782843817454085e+01 0.0
2.526648774592074e+00 3.137003043002101e+01 0.0
2.524355273275007e+00 3.514393794512596e+01 0.0
2.496731527365470e+00 3.916352516151908e+01 0.0
2.443936945226866e+00 4.343406871479196e+01 0.0
2.364133746923905e+00 4.796852770273710e+01 0.0
2.256684671325545e+00 5.277221088492392e+01 0.0
2.119184358524957e+00 5.785740288992762e+01 0.0
1.950135494205918e+00 6.322892983722245e+01 0.0
1.746635260854179e+00 6.889755059505673e+01 0.0
1.506941795822739e+00 7.486548566461205e+01 0.0
1.229547333047511e+00 8.113703275454215e+01 0.0
9.169838731607651e-01 8.769998282554234e+01 0.0
5.771924314464034e-01 9.452641023379701e+01 0.0
2.268112203612560e-01 1.015399630621302e+02 0.0
-1.134744416422529e-01 1.086020932289622e+02 0.0
-4.298410751193107e-01 1.154828525836288e+02 0.0
0.000000000000000e+00 0.000000000000000e+00 0.0
2.710143652451302e-02 -3.165333203823017e-01 0.0
1.003409386763460e-01 -2.022443249541144e-01 0.0
2.059843905013934e-01 2.816224053716482e-01 0.0
3.303566354264301e-01 1.086316061493137e+00 0.0
4.641802502900394e-01 2.167453079578274e+00 0.0
5.977914305917509e-01 3.496018199728265e+00 0.0
7.260071900534201e-01 5.043340266518793e+00 0.0
8.427156345759848e-01 6.796919416326307e+00 0.0
9.459265576870465e-01 8.741040391460215e+00 0.0
1.032161780708344e+00 1.087532259204595e+01 0.0
1.101447354073092e+00 1.319340545482222e+01 0.0
1.151923146855846e+00 1.570260939046265e+01 0.0
1.184564298448399e+00 1.840249808743913e+01 0.0
1.198302493738591e+00 2.130453136358201e+01 0.0
1.194315381419262e+00 2.441157573188324e+01 0.0
1.171794334274850e+00 2.773684449693028e+01 0.0
1.131704514324953e+00 3.128482832086952e+01 0.0
1.073216438182291e+00 3.506914982335079e+01 0.0
9.969052280302121e-01 3.909499567594078e+01 0.0
9.017983077856330e-01 4.337575975275744e+01 0.0
7.880352194034077e-01 4.791684331741330e+01 0.0
6.544583002219262e-01 5.273111308924143e+01 0.0
5.007958714063251e-01 5.782380748194640e+01 0.0
3.257442765217825e-01 6.320682775908596e+01 0.0
1.288299870554793e-01 6.888419584287513e+01 0.0
-9.088934050964968e-02 7.486456000418190e+01 0.0
-3.328231700267766e-01 8.114510645087178e+01 0.0
-5.951153302607312e-01 8.771855740196730e+01 0.0
-8.724185130000554e-01 9.454855554276419e+01 0.0
-1.156958481642768e+00 1.015628865363156e+02 0.0
-1.440841258306405e+00 1.086172145594260e+02 0.0
-1.724029950414822e+00 1.154921426856674e+02 0.0
0.000000000000000e+00 0.000000000000000e+00 0.0
1.075748589670597e-02 -3.515926971832681e-01 0.0
3.994077735857769e-02 -2.620055945015429e-01 0.0
7.688642220285941e-02 2.076392415386858e-01 0.0
1.170613257761679e-01 1.002701592021459e+00 0.0
1.529168045437057e-01 2.082870508791762e+00 0.0
1.827925666771940e-01 3.410349796605987e+00 0.0
2.020202381071096e-01 4.963686125665919e+00 0.0
2.108357869345623e-01 6.720060454760156e+00 0.0
2.065645780913516e-01 8.672940844813807e+00 0.0
1.903669228666467e-01 1.081113201436610e+01 0.0
1.607328713179759e-01 1.313835649113077e+01 0.0
1.190474035976138e-01 1.565129020108664e+01 0.0
6.439125719456201e-02 1.835968214833693e+01 0.0
-1.993449098826573e-03 2.126487735706406e+01 0.0
-8.074892996528348e-02 2.437953983361887e+01 0.0
-1.708979116772812e-01 2.770745170853894e+01 0.0
-2.729439874101144e-01 3.126228240438656e+01 0.0
-3.861633665168174e-01 3.504893302386989e+01 0.0
-5.109627381837978e-01 3.908109549409484e+01 0.0
-6.467970513401412e-01 4.336410224054575e+01 0.0
-7.939561429731042e-01 4.791123160882177e+01 0.0
-9.519520307655166e-01 5.272785814705432e+01 0.0
-1.120864809407353e+00 5.782655574070989e+01 0.0
-1.300057490927210e+00 6.321217916448649e+01 0.0
-1.489164845274811e+00 6.889559867745969e+01 0.0
-1.687013956037174e+00 7.487864005109331e+01 0.0
-1.892374142250313e+00 8.116474523104155e+01 0.0
-2.103260415464386e+00 8.773970509298559e+01 0.0
-2.318258055292775e+00 9.457293080215504e+01 0.0
-2.537585211895854e+00 1.015859188335708e+02 0.0
-2.766501278920610e+00 1.086417263503580e+02 0.0
-3.017275117512680e+00 1.155175138739383e+02 0.0
0.000000000000000e+00 0.000000000000000e+00 0.0
-4.601906914374669e-03 -3.576532106774332e-01 0.0
-2.239499663214320e-02 -2.686442075406267e-01 0.0
-5.260401338745678e-02 2.021774208889596e-01 0.0
-9.994964981389835e-02 1.002952874917451e+00 0.0
-1.609925356698669e-01 2.086363493583318e+00 0.0
-2.380099022190834e-01 3.421379729170751e+00 0.0
-3.268862409358638e-01 4.977333709714931e+00 0.0
-4.285765582450602e-01 6.740774462482968e+00 0.0
-5.394444432077105e-01 8.694830609024038e+00 0.0
-6.600040233173063e-01 1.083891383393514e+01 0.0
-7.876203779660708e-01 1.316606740769603e+01 0.0
-9.227605039675036e-01 1.568378076440460e+01 0.0
-1.063753182027364e+00 1.839131534375961e+01 0.0
-1.211046920018838e+00 2.130041927468632e+01 0.0
-1.363626963662115e+00 2.441378730108613e+01 0.0
-1.521812463747535e+00 2.774491455844089e+01 0.0
-1.684908954793233e+00 3.129817615264893e+01 0.0
-1.852991850579389e+00 3.508742803527532e+01 0.0
-2.025412900896204e+00 3.911776804009519e+01 0.0
-2.201903774928639e+00 4.340276684828225e+01 0.0
-2.381625653549448e+00 4.794774647870862e+01 0.0
-2.563824638339559e+00 5.276569044721987e+01 0.0
-2.747190932806194e+00 5.786174433034142e+01 0.0
-2.930231053623007e+00 6.324784535563905e+01 0.0
-3.110821678821954e+00 6.892785528127854e+01 0.0
-3.286569249276560e+00 7.491031949425685e+01 0.0
-3.454905298625426e+00 8.119216770871735e+01 0.0
-3.614458010575325e+00 8.776609360805010e+01 0.0
-3.767103060582024e+00 9.459619867376334e+01 0.0
-3.921506275993456e+00 1.016120581532473e+02 0.0
-4.095369301626239e+00 1.086725736499864e+02 0.0
-4.313720807716868e+00 1.155618874260981e+02 0.0
0.000000000000000e+00 0.000000000000000e+00 0.0
-2.212105091236347e-02 -3.338504532607208e-01 0.0
-8.377879462274263e-02 -2.230475429662865e-01 0.0
-1.858023668516577e-01 2.688036586495784e-01 0.0
-3.183353496315636e-01 1.084592279989740e+00 0.0
-4.804825127057936e-01 2.183145683548060e+00 0.0
-6.625213416655027e-01 3.525339393568158e+00 0.0
-8.626937090016198e-01 5.090192327355578e+00 0.0
-1.073242802365143e+00 6.854451747149559e+00 0.0
-1.292804268216220e+00 8.812699085995126e+00 0.0
-1.516283046854451e+00 1.095370012600051e+01 0.0
-1.743126659530963e+00 1.328229416985731e+01 0.0
-1.970559464550030e+00 1.579513715927866e+01 0.0
-2.198601499193507e+00 1.850278646649532e+01 0.0
-2.425967868126940e+00 2.140645989215507e+01 0.0
-2.652799633318132e+00 2.451929436270268e+01 0.0
-2.878488350499260e+00 2.784486606616948e+01 0.0
-3.102925131959948e+00 3.139707447554779e+01 0.0
-3.325582262490453e+00 3.518059514941244e+01 0.0
-3.545864479653571e+00 3.920919892086074e+01 0.0
-3.762915647052240e+00 4.348799972173428e+01 0.0
-3.975461274178992e+00 4.803024928257728e+01 0.0
-4.181953645289474e+00 5.284109515262853e+01 0.0
-4.380153593367009e+00 5.793298497104279e+01 0.0
-4.567382020288999e+00 6.331052036099530e+01 0.0
-4.740093371390812e+00 6.898442042915187e+01 0.0
-4.894407541558656e+00 7.495648688277429e+01 0.0
-5.026590496813195e+00 8.123073225612731e+01 0.0
-5.135436490934377e+00 8.779469884173407e+01 0.0
-5.226003178239599e+00 9.462149015046637e+01 0.0
-5.314893252227550e+00 1.016381044346630e+02 0.0
-5.432602658898783e+00 1.087126003244701e+02 0.0
-5.617273904706559e+00 1.156220906763763e+02 0.0
0.000000000000000e+00 0.000000000000000e+00 0.0
-3.727109886070627e-02 -2.801901063771042e-01 0.0
-1.489887029755594e-01 -1.225427033447418e-01 0.0
-3.188957532993227e-01 4.057011548028910e-01 0.0
-5.424400516831436e-01 1.252489626145989e+00 0.0
-8.026058157032290e-01 2.369648764405892e+00 0.0
-1.093993555381267e+00 3.728040981494396e+00 0.0
-1.402833653657342e+00 5.297385329353719e+00 0.0
-1.724840613228545e+00 7.067061795820774e+00 0.0
-2.050875555959867e+00 9.021022832512617e+00 0.0
-2.378547956604852e+00 1.116128488567043e+01 0.0
-2.702956279408952e+00 1.348147771871214e+01 0.0
-3.023224665835644e+00 1.599087789913750e+01 0.0
-3.337315374776988e+00 1.868888750815714e+01 0.0
-3.645026378650307e+00 2.158821288701056e+01 0.0
-3.945737227061545e+00 2.469136119035256e+01 0.0
-4.239185902987216e+00 2.801220648414232e+01 0.0
-4.525095668191190e+00 3.155479648588753e+01 0.0
-4.802686250240762e+00 3.533303668408367e+01 0.0
-5.071342285131170e+00 3.935167658853040e+01 0.0
-5.329486541370760e+00 4.362415494008717e+01 0.0
-5.575687868503826e+00 4.815544675353381e+01 0.0
-5.807278636241048e+00 5.295826797042903e+01 0.0
-6.021512378053980e+00 5.803738449979233e+01 0.0
-6.214178547101513e+00 6.340436851854663e+01 0.0
-6.380717832080395e+00 6.906280482336629e+01 0.0
-6.515395760039840e+00 7.502134479445331e+01 0.0
-6.613407882529273e+00 8.127816233314807e+01 0.0
-6.673011440008308e+00 8.782939693415832e+01 0.0
-6.701945846355803e+00 9.464599838918235e+01 0.0
-6.724144834377205e+00 1.016669537426212e+02 0.0
-6.783338946690005e+00 1.087583589235237e+02 0.0
-6.932034769733621e+00 1.157009533709535e+02 0.0
0.000000000000000e+00 0.000000000000000e+00 0.0
-5.640802592969463e-02 -1.952758143833925e-01 0.0
-2.122063241589278e-01 3.185718686247268e-02 0.0
-4.579552668094813e-01 6.174135920245500e-01 0.0
-7.678690811811364e-01 1.503468416829606e+00 0.0
-1.132214307633059e+00 2.651821884141594e+00 0.0
-1.529113899596613e+00 4.024425007900200e+00 0.0
-1.950256956157445e+00 5.605082814542977e+00 0.0
-2.380481957095706e+00 7.372439357747419e+00 0.0
-2.814520960742554e+00 9.325736938839375e+00 0.0
-3.243938778837737e+00 1.145528578636974e+01 0.0
-3.666256709209593e+00 1.376926567333547e+01 0.0
-4.077914895262888e+00 1.626503789129592e+01 0.0
-4.478007349878575e+00 1.895501390685566e+01 0.0
-4.865620380170680e+00 2.184041755377685e+01 0.0
-5.240226942787063e+00 2.493514602759188e+01 0.0
-5.601822301992902e+00 2.824242147416764e+01 0.0
-5.949477145983314e+00 3.177627193850206e+01 0.0
-6.283000500624171e+00 3.554091753006609e+01 0.0
-6.600632138005254e+00 3.954993900975519e+01 0.0
-6.901330841113480e+00 4.380799741566948e+01 0.0
-7.182195357454062e+00 4.832797167711096e+01 0.0
-7.440792270793420e+00 5.311453888145827e+01 0.0
-7.672635416940375e+00 5.817961778797947e+01 0.0
-7.873245820940942e+00 6.352731348942252e+01 0.0
-8.036001955887345e+00 6.916789067982482e+01 0.0
-8.154258724681418e+00 7.510335977549336e+01 0.0
-8.221002556863583e+00 8.133935840362086e+01 0.0
-8.233990455714006e+00 8.786842713926538e+01 0.0
-8.201971711048708e+00 9.467345641991199e+01 0.0
-8.155908633962431e+00 1.016953378551022e+02 0.0
-8.152929940472886e+00 1.088122795396529e+02 0.0
-8.262246004120605e+00 1.157952073737276e+02 0.0
0.000000000000000e+00 0.000000000000000e+00 0.0
-7.145268044735913e-02 -7.924773332177285e-02 0.0
-2.816297014697186e-01 2.440833684258343e-01 0.0
-5.964299902625534e-01 9.013668864895733e-01 0.0
-1.001515225341219e+00 1.843812768688118e+00 0.0
-1.464668637744053e+00 3.024568614117728e+00 0.0
-1.972526186021577e+00 4.421202211901250e+00 0.0
-2.501467839501645e+00 6.006427701333243e+00 0.0
-3.042126153436650e+00 7.776900992606109e+00 0.0
-3.580661386706172e+00 9.719412327149769e+00 0.0
-4.112046707177369e+00 1.184157367217402e+01 0.0
-4.630100810820958e+00 1.413864150361864e+01 0.0
-5.132644886520424e+00 1.662318969713755e+01 0.0
-5.617986301688546e+00 1.929506192473754e+01 0.0
-6.085057263789718e+00 2.216843710169193e+01 0.0
-6.534025292802493e+00 2.524556548542013e+01 0.0
-6.963722340486386e+00 2.854069276697906e+01 0.0
-7.374490846455043e+00 3.205735168250818e+01 0.0
-7.764403021950914e+00 3.580926630563425e+01 0.0
-8.133015375731683e+00 3.980064385602343e+01 0.0
-8.477271554659580e+00 4.404447603142658e+01 0.0
-8.795321337878446e+00 4.854520629715166e+01 0.0
-9.082588182686839e+00 5.331492005811050e+01 0.0
-9.335165081030647e+00 5.835779885957167e+01 0.0
-9.546304646428409e+00 6.368464747624846e+01 0.0
-9.709280400811712e+00 6.929859145785103e+01 0.0
-9.814855328786805e+00 7.520822306614340e+01 0.0
-9.854962092563436e+00 8.141369640658291e+01 0.0
-9.824726524413624e+00 8.791699658011966e+01 0.0
-9.733467285578408e+00 9.470189814987415e+01 0.0
-9.617018020259552e+00 1.017260896588044e+02 0.0
-9.547196837659166e+00 1.088705463588238e+02 0.0
-9.612254321553834e+00 1.159074916466519e+02 0.0
0.000000000000000e+00 0.000000000000000e+00 0.0
-9.296013612676934e-02 7.037787198073302e-02 0.0
-3.477186553117276e-01 5.123756021891633e-01 0.0
-7.438442746813496e-01 1.264173730858653e+00 0.0
-1.236616023199002e+00 2.268603179977992e+00 0.0
-1.806904335041875e+00 3.495573038645878e+00 0.0
-2.419635084481942e+00 4.910824890386628e+00 0.0
-3.059989041836398e+00 6.508532893036618e+00 0.0
-3.706227284974601e+00 8.271730098073295e+00 0.0
-4.349584058133630e+00 1.020837301530511e+01 0.0
-4.979746703233366e+00 1.231172433223896e+01 0.0
-5.592479847155666e+00 1.459543048815951e+01 0.0
-6.184602777870928e+00 1.705803541946769e+01 0.0
-6.754055184775944e+00 1.971458842179068e+01 0.0
-7.300955673404808e+00 2.256632798897370e+01 0.0
-7.823663411602952e+00 2.562799963452368e+01 0.0
-8.323092452737988e+00 2.890233187188971e+01 0.0
-8.797045013520862e+00 3.240327805556134e+01 0.0
-9.245832366834769e+00 3.613445649752218e+01 0.0
-9.666212621498412e+00 4.010895789118324e+01 0.0
-1.005711776518468e+01 4.433086952986285e+01 0.0
-1.041390454883738e+01 4.881236777826163e+01 0.0
-1.073350719587566e+01 5.355753912164302e+01 0.0
-1.100932167817307e+01 5.857740939255487e+01 0.0
-1.123546671477528e+01 6.387541698135816e+01 0.0
-1.140250390908587e+01 6.946093599924093e+01 0.0
-1.150106462571174e+01 7.533595838640312e+01 0.0
-1.151969618253411e+01 8.150762630463277e+01 0.0
-1.145171885782364e+01 8.797503366755814e+01 0.0
-1.130354484009739e+01 9.473602061962526e+01 0.0
-1.111509447652888e+01 1.017561785766446e+02 0.0
-1.097221139904862e+01 1.089350302905095e+02 0.0
-1.098697550456725e+01 1.160344632181673e+02 0.0
0.000000000000000e+00 0.000000000000000e+00 0.0
-1.078607822929674e-01 2.528584799619822e-01 0.0
-4.234137968157243e-01 8.431454766717590e-01 0.0
-8.901750270642228e-01 1.701377114159866e+00 0.0
-1.483255359407516e+00 2.786933490990767e+00 0.0
-2.152490011294013e+00 4.056676476542324e+00 0.0
-2.876248926143633e+00 5.501840082554359e+00 0.0
-3.621467328223018e+00 7.101133316312836e+00 0.0
-4.374171968889979e+00 8.864129533700410e+00 0.0
-5.117824309606744e+00 1.078234044339563e+01 0.0
-5.845116974935103e+00 1.287201111445294e+01 0.0
-6.550416657919333e+00 1.513069230328147e+01 0.0
-7.230035407554444e+00 1.757537906901991e+01 0.0
-7.883714579708546e+00 2.020642404060168e+01 0.0
-8.508946464810816e+00 2.303964871322550e+01 0.0
-9.107199863442927e+00 2.607694816665624e+01 0.0
-9.675767518292586e+00 2.933273741800460e+01 0.0
-1.021583692985788e+01 3.280994156711495e+01 0.0
-1.072383549497900e+01 3.652179278904668e+01 0.0
-1.119963933961924e+01 4.047190449693537e+01 0.0
-1.163843975115036e+01 4.467249917807577e+01 0.0
-1.203817152776766e+01 4.912746049729398e+01 0.0
-1.239234905269809e+01 5.384792316916246e+01 0.0
-1.269626969002354e+01 5.883743025972814e+01 0.0
-1.294094953687068e+01 6.410564893994086e+01 0.0
-1.311801601873511e+01 6.965503388755286e+01 0.0
-1.321494127583563e+01 7.549343230934477e+01 0.0
-1.321958415426894e+01 8.162232510080018e+01 0.0
-1.312020676362277e+01 8.804944524498575e+01 0.0
-1.291990642142386e+01 9.477546916237473e+01 0.0
-1.265790820578351e+01 1.017886976839541e+02 0.0
-1.243511434308119e+01 1.090015396434168e+02 0.0
-1.239142110120097e+01 1.161784051717231e+02 0.0
0.000000000000000e+00 0.000000000000000e+00 0.0
-1.331192667511562e-01 4.728141952030888e-01 0.0
-4.938349754412375e-01 1.232762748919583e+00 0.0
-1.049879099867799e+00 2.223665777767214e+00 0.0
-1.731961357591308e+00 3.390240399302995e+00 0.0
-2.510657175657677e+00 4.718777393526269e+00 0.0
-3.336689625316893e+00 6.182160211023633e+00 0.0
-4.189070927077298e+00 7.793032891266885e+00 0.0
-5.041979776108679e+00 9.541378259196337e+00 0.0
-5.883738681756904e+00 1.144841138660557e+01 0.0
-6.704965741268287e+00 1.351125261503488e+01 0.0
-7.499514499955894e+00 1.575062752302132e+01 0.0
-8.266346614398774e+00 1.816635226875214e+01 0.0
-9.001517171651718e+00 2.077633540249287e+01 0.0
-9.707015468597818e+00 2.358175037995525e+01 0.0
-1.037922471823936e+01 2.659793445788580e+01 0.0
-1.102031821444227e+01 2.982708617133548e+01 0.0
-1.162611285263847e+01 3.328272082274195e+01 0.0
-1.219757906617438e+01 3.696788436124682e+01 0.0
-1.272953296519703e+01 4.089482738774888e+01 0.0
-1.322103336258660e+01 4.506713088903260e+01 0.0
-1.366552771589885e+01 4.949595910072041e+01 0.0
-1.405959275630083e+01 5.418487743179952e+01 0.0
-1.439467473076243e+01 5.914372319409976e+01 0.0
-1.466399901864311e+01 6.437525762920090e+01 0.0
-1.485584388124748e+01 6.988752151409295e+01 0.0
-1.495879212235859e+01 7.568195342520525e+01 0.0
-1.495677692177231e+01 8.176561143192099e+01 0.0
-1.483540117212826e+01 8.814245239525246e+01 0.0
-1.458932917477401e+01 9.482677931327511e+01 0.0
-1.425452723273967e+01 1.018216332716502e+02 0.0
-1.394351523378803e+01 1.090712142199790e+02 0.0
-1.383171458395725e+01 1.163358471699920e+02 0.0
0.000000000000000e+00 0.000000000000000e+00 0.0
-1.475431246830514e-01 7.279776269120957e-01 0.0
-5.795547901934884e-01 1.692785472167005e+00 0.0
-1.208359895051921e+00 2.822478029051341e+00 0.0
-1.997198360241085e+00 4.092987897888222e+00 0.0
-2.873505715337906e+00 5.467723169982226e+00 0.0
-3.807112003971967e+00 6.963396179851245e+00 0.0
-4.758078089192791e+00 8.568254406814539e+00 0.0
-5.708650909063169e+00 1.031205754114798e+01 0.0
-6.643886411116922e+00 1.219231421522788e+01 0.0
-7.554119639671649e+00 1.423633639860707e+01 0.0
-8.437117167215352e+00 1.644402845768431e+01 0.0
-9.286721388113742e+00 1.883702845731013e+01 0.0
-1.010546585516457e+01 2.141609753010067e+01 0.0
-1.088823030428966e+01 2.419828398940575e+01 0.0
-1.163831437528413e+01 2.718514783992868e+01 0.0
-1.235047935495551e+01 3.039078379024081e+01 0.0
-1.302695220765201e+01 3.381763781447474e+01 0.0
-1.366183571023338e+01 3.747802550085810e+01 0.0
-1.425544381204024e+01 4.137514624666807e+01 0.0
-1.480086664693466e+01 4.552010906794553e+01 0.0
-1.529600031802794e+01 4.991642650461438e+01 0.0
-1.573243781965724e+01 5.457401324159482e+01 0.0
-1.610505027531316e+01 5.949593370212330e+01 0.0
-1.640300463418580e+01 6.469044360346484e+01 0.0
-1.661700212316324e+01 7.015929664217931e+01 0.0
-1.673219411535416e+01 7.590885548032036e+01 0.0
-1.673332605060808e+01 8.194022717469321e+01 0.0
-1.659996521599687e+01 8.826296489270545e+01 0.0
-1.631889606980824e+01 9.489258833251840e+01 0.0
-1.591401382855006e+01 1.018593795585331e+02 0.0
-1.550692746207478e+01 1.091395536449108e+02 0.0
-1.531428761598643e+01 1.165083944021022e+02 0.0
0.000000000000000e+00 0.000000000000000e+00 0.0
-1.796043138230209e-01 1.027683155903264e+00 0.0
-6.572672762293891e-01 2.215359149286447e+00 0.0
-1.388203129445752e+00 3.517109237153762e+00 0.0
-2.267068140743444e+00 4.878894091981397e+00 0.0
-3.252393174597151e+00 6.319986240557278e+00 0.0
-4.281734523558206e+00 7.825147575984240e+00 0.0
-5.328877178899505e+00 9.438020635970386e+00 0.0
-6.370523670638854e+00 1.115751349242327e+01 0.0
-7.392126256603409e+00 1.302212839441378e+01 0.0
-8.389948539044127e+00 1.503279764338974e+01 0.0
-9.354571735592994e+00 1.721746528561682e+01 0.0
-1.028930025261187e+01 1.957704490215582e+01 0.0
-1.118666059296235e+01 2.213153318689084e+01 0.0
-1.205133010981954e+01 2.488212255193972e+01 0.0
-1.287635682013962e+01 2.784399366212918e+01 0.0
-1.366542897889626e+01 3.101907381641255e+01 0.0
-1.441143854080822e+01 3.441987265570214e+01 0.0
-1.511611273686429e+01 3.804918383813275e+01 0.0
-1.577177989538971e+01 4.191799604339815e+01 0.0
-1.637773035838657e+01 4.602970876858561e+01 0.0
-1.692531418246299e+01 5.039416123884347e+01 0.0
-1.741094901157566e+01 5.501470137219145e+01 0.0
-1.782431731515458e+01 5.989977641276009e+01 0.0
-1.815824738371202e+01 6.505169002056476e+01 0.0
-1.839940213185446e+01 7.047687529881649e+01 0.0
-1.853550254664407e+01 7.617605809738951e+01 0.0
-1.854800004113406e+01 8.215445416393162e+01 0.0
-1.841583211580779e+01 8.841566609851432e+01 0.0
-1.811324937260521e+01 9.498269552789601e+01 0.0
-1.764687409606235e+01 1.019028994712616e+02 0.0
-1.713592869072971e+01 1.092070174606919e+02 0.0
-1.684753629827072e+01 1.166921608419296e+02 0.0
0.000000000000000e+00 0.000000000000000e+00 0.0
-1.926874815274710e-01 1.366114965065187e+00 0.0
-7.622676877918751e-01 2.824588386969618e+00 0.0
-1.569597633409762e+00 4.289639740490897e+00 0.0
-2.562368537908234e+00 5.772902468423279e+00 0.0
-3.639925622781431e+00 7.249066300539256e+00 0.0
-4.763953476200977e+00 8.783399551365060e+00 0.0
-5.897797643173041e+00 1.037716931321714e+01 0.0
-7.020221560025763e+00 1.208787099433594e+01 0.0
-8.126071306373644e+00 1.391872528401317e+01 0.0
-9.201181539258723e+00 1.590800773776515e+01 0.0
-1.025034449171909e+01 1.805766755966919e+01 0.0
-1.126249587448328e+01 2.039247943522857e+01 0.0
-1.224419836602917e+01 2.291380167739677e+01 0.0
-1.318583074201097e+01 2.563865899336657e+01 0.0
-1.409284329907328e+01 2.856873107294343e+01 0.0
-1.495621211386159e+01 3.171696405044862e+01 0.0
-1.577926660965741e+01 3.508583595668831e+01 0.0
-1.655303787462920e+01 3.868620242910902e+01 0.0
-1.727832998187379e+01 4.252133091893302e+01 0.0
-1.794576613348278e+01 4.660082927867957e+01 0.0
-1.855331045884756e+01 5.092829472215647e+01 0.0
-1.909062624138435e+01 5.551214204793329e+01 0.0
-1.955234600981768e+01 6.035538546129894e+01 0.0
-1.992625640098534e+01 6.546476669283918e+01 0.0
-2.020278876800463e+01 7.084152398315987e+01 0.0
-2.036582845112223e+01 7.649031713604657e+01 0.0
-2.039978234498556e+01 8.241137799649363e+01 0.0
-2.028063221628100e+01 8.861060053230551e+01 0.0
-1.997569888119245e+01 9.510439667693322e+01 0.0
-1.946263865535372e+01 1.019607131966859e+02 0.0
-1.884427245596708e+01 1.092695422320762e+02 0.0
-1.844097608704437e+01 1.168872634471600e+02 0.0
0.000000000000000e+00 0.000000000000000e+00 0.0
-2.408309736433537e-01 1.766001546736645e+00 0.0
-8.577604363248167e-01 3.502721476519709e+00 0.0
-1.791138968483295e+00 5.179797945848477e+00 0.0
-2.872754351823418e+00 6.740222449151405e+00 0.0
-4.046338092189117e+00 8.279974618873819e+00 0.0
-5.250826709876290e+00 9.802646338444525e+00 0.0
-6.455850276935225e+00 1.139934010385407e+01 0.0
-7.656150642851315e+00 1.307701975622394e+01 0.0
-8.830482329578343e+00 1.489071129489161e+01 0.0
-9.986947072550910e+00 1.684468232327553e+01 0.0
-1.110897060328933e+01 1.897106483704352e+01 0.0
-1.220602321370061e+01 2.127229801544472e+01 0.0
-1.326439503568560e+01 2.376826473047124e+01 0.0
-1.429178493307737e+01 2.646096614249997e+01 0.0
-1.527625394297807e+01 2.936413220364195e+01 0.0
-1.622296590252433e+01 3.248022023174910e+01 0.0
-1.712095421038381e+01 3.581999609885128e+01 0.0
-1.797266228702464e+01 3.938668522230515e+01 0.0
-1.876743619770285e+01 4.318955549927171e+01 0.0
-1.950485348507481e+01 4.723240780105306e+01 0.0
-2.017395600268133e+01 5.152341154671918e+01 0.0
-2.077113147689570e+01 5.606628662527852e+01 0.0
-2.128444537071094e+01 6.086780063736760e+01 0.0
-2.170642235361043e+01 6.593044448501416e+01 0.0
-2.202313636843831e+01 7.125903395394701e+01 0.0
-2.222207996989708e+01 7.685351553345605e+01 0.0
-2.228423391634569e+01 8.271781506993086e+01 0.0
-2.219064771243663e+01 8.885284611361719e+01 0.0
-2.190361712391775e+01 9.527146102443216e+01 0.0
-2.137058688675201e+01 1.020414049377401e+02 0.0
-2.064792493170722e+01 1.093285323737356e+02 0.0
-2.010794000466865e+01 1.170882833539858e+02 0.0
0.000000000000000e+00 0.000000000000000e+00 0.0
-2.523347715016436e-01 2.214173601218775e+00 0.0
-1.016785566568460e+00 4.313277592371215e+00 0.0
-2.034876132288112e+00 6.142971694131460e+00 0.0
-3.225422268557088e+00 7.824754395739719e+00 0.0
-4.471763664475352e+00 9.359085791864945e+00 0.0
-5.731140947086824e+00 1.090267724489682e+01 0.0
-7.003639081459222e+00 1.246732823423629e+01 0.0
-8.256611600004009e+00 1.413532026072289e+01 0.0
-9.505808086559524e+00 1.591513388213761e+01 0.0
-1.072586825288459e+01 1.784962114701940e+01 0.0
-1.193115584097553e+01 1.994386435795811e+01 0.0
-1.310167053542758e+01 2.222174482498450e+01 0.0
-1.424815441933374e+01 2.468665621598166e+01 0.0
-1.535431254743284e+01 2.735347595552050e+01 0.0
-1.642743987358658e+01 3.022529470320908e+01 0.0
-1.745363501039927e+01 3.331283398961590e+01 0.0
-1.843708802042901e+01 3.661961005414467e+01 0.0
-1.936523677634817e+01 4.015444956360992e+01 0.0
-2.023930643362161e+01 4.392143408264863e+01 0.0
-2.104718357775324e+01 4.792831907731679e+01 0.0
-2.178701547070410e+01 5.217940871240882e+01 0.0
-2.244635129778511e+01 5.668130136679219e+01 0.0
-2.301982691911493e+01 6.143774386484368e+01 0.0
-2.349397777861848e+01 6.645350004235152e+01 0.0
-2.385891561991966e+01 7.173056526686372e+01 0.0
-2.409955309902649e+01 7.727155330585050e+01 0.0
-2.419911595501064e+01 8.307563135160821e+01 0.0
-2.413750193980608e+01 8.914926646760509e+01 0.0
-2.388918519473588e+01 9.549435502115514e+01 0.0
-2.337396807354112e+01 1.021638353714011e+02 0.0
-2.256770803038332e+01 1.093850283258061e+02 0.0
-2.186562926708887e+01 1.172912469820820e+02 0.0
0.000000000000000e+00 0.000000000000000e+00 0.0
-3.642440074413966e-01 2.794778761196836e+00 0.0
-1.193446480937878e+00 5.207596772587266e+00 0.0
-2.375668556239534e+00 7.269757587780498e+00 0.0
-3.631643108351081e+00 8.936166831792969e+00 0.0
-4.901210568375434e+00 1.051727126525784e+01 0.0
-6.211388655448192e+00 1.202728521537598e+01 0.0
-7.507984851562679e+00 1.359358409852645e+01 0.0
-8.824721997046941e+00 1.523160308700307e+01 0.0
-1.012113653832026e+01 1.699885661082802e+01 0.0
-1.142019749713727e+01 1.890564994562710e+01 0.0
-1.269198923369167e+01 2.098090955994197e+01 0.0
-1.395152335305157e+01 2.323119441614569e+01 0.0
-1.517601789845827e+01 2.567286106653114e+01 0.0
-1.637525491036563e+01 2.831073413594167e+01 0.0
-1.753111518419134e+01 3.115557874592926e+01 0.0
-1.864960405651382e+01 3.421181457729600e+01 0.0
-1.971547124205993e+01 3.748779495077561e+01 0.0
-2.073156061845191e+01 4.098812938645870e+01 0.0
-2.168410865501759e+01 4.472006613171934e+01 0.0
-2.257292964689122e+01 4.868841760378373e+01 0.0
-2.338461272225678e+01 5.289954355839420e+01 0.0
-2.411576529865221e+01 5.735802962115552e+01 0.0
-2.475238554405060e+01 6.206878278170037e+01 0.0
-2.528738368423433e+01 6.703544203532064e+01 0.0
-2.570559042545100e+01 7.226034129598938e+01 0.0
-2.599487008593367e+01 7.774568783628918e+01 0.0
-2.613958889821840e+01 8.349111749065760e+01 0.0
-2.611644368346833e+01 8.949942624781139e+01 0.0
-2.591319484894346e+01 9.578284636468111e+01 0.0
-2.546621872484900e+01 1.023519705595229e+02 0.0
-2.462648006579224e+01 1.094516353784111e+02 0.0
-2.374176922346182e+01 1.174856857121132e+02 0.0
0.000000000000000e+00 0.000000000000000e+00 0.0
-4.105198478806893e-01 3.506620330053194e+00 0.0
-1.621876656942914e+00 6.414540758714377e+00 0.0
-2.867295122630955e+00 8.381273759056365e+00 0.0
-4.066275336591776e+00 1.012347281233167e+01 0.0
-5.356769825479967e+00 1.166388469299603e+01 0.0
-6.635778649088476e+00 1.318937926009085e+01 0.0
-7.977346739648007e+00 1.473522259276966e+01 0.0
-9.313331654954354e+00 1.637123306535425e+01 0.0
-1.068102771628879e+01 1.812100143554429e+01 0.0
-1.203473225036690e+01 2.001630642956496e+01 0.0
-1.339504471842830e+01 2.207161383150217e+01 0.0
-1.472967761605555e+01 2.430347744804749e+01 0.0
-1.605104689592607e+01 2.672132148653932e+01 0.0
-1.733515203163342e+01 2.933515775709098e+01 0.0
-1.858968780573313e+01 3.215207947051879e+01 0.0
-1.979577392051059e+01 3.517936922148994e+01 0.0
-2.095771056511207e+01 3.842324643190565e+01 0.0
-2.205956360535085e+01 4.188992227213190e+01 0.0
-2.310262697949290e+01 4.558531140886909e+01 0.0
-2.407227496503060e+01 4.951504649446649e+01 0.0
-2.496675996005670e+01 5.368468690416854e+01 0.0
-2.577142743603538e+01 5.809900653415682e+01 0.0
-2.648128540699127e+01 6.276274360349512e+01 0.0
-2.708052715605536e+01 6.767889202112428e+01 0.0
-2.756070919551095e+01 7.285091474861427e+01 0.0
-2.790420665220902e+01 7.827866741518396e+01 0.0
-2.809847531347639e+01 8.396592933742238e+01 0.0
-2.812585494998263e+01 8.990951334932925e+01 0.0
-2.795912469258245e+01 9.612841073535741e+01 0.0
-2.760727017995411e+01 1.026356713418248e+02 0.0
-2.684963112252290e+01 1.095632745057811e+02 0.0
-2.578070651587863e+01 1.176539950094948e+02 0.0
0.000000000000000e+00 0.000000000000000e+00 0.0
-1.232948082178990e+00 5.193869422432414e+00 0.0
-2.569064234459964e+00 7.418026994843208e+00 0.0
-3.426272064882952e+00 9.571034054028601e+00 0.0
-4.597147286910111e+00 1.121642282675542e+01 0.0
-5.729804336765769e+00 1.281008810361654e+01 0.0
-7.024096609733587e+00 1.432642778432488e+01 0.0
-8.334716850648121e+00 1.589367931310390e+01 0.0
-9.730406179540589e+00 1.752886173401023e+01 0.0
-1.113376086883193e+01 1.928261304783056e+01 0.0
-1.257471940069334e+01 2.117059215473023e+01 0.0
-1.400503589664231e+01 2.321723561246236e+01 0.0
-1.544051949579379e+01 2.543356000385824e+01 0.0
-1.684821549207907e+01 2.783326827258104e+01 0.0
-1.823758898224345e+01 3.042438988234094e+01 0.0
-1.958452393023087e+01 3.321595016434338e+01 0.0
-2.089473657061007e+01 3.621453607864303e+01 0.0
-2.214925100891894e+01 3.942715981204719e+01 0.0
-2.335078775636075e+01 4.285981109920201e+01 0.0
-2.448305277101761e+01 4.651856308499480e+01 0.0
-2.554582384871249e+01 5.040903499430148e+01 0.0
-2.652365196199738e+01 5.453649979606252e+01 0.0
-2.741320768390542e+01 5.890597792200643e+01 0.0
-2.819833023319515e+01 6.352137257111316e+01 0.0
-2.887262072594851e+01 6.838673579748315e+01 0.0
-2.941760499896064e+01 7.350331749009368e+01 0.0
-2.982511253234026e+01 7.887503154759555e+01 0.0
-3.007177138885100e+01 8.449828437236440e+01 0.0
-3.015388729237865e+01 9.038603867584746e+01 0.0
-3.003459326257802e+01 9.652635749036872e+01 0.0
-2.973486351356000e+01 1.030029515301693e+02 0.0
-2.918336973332411e+01 1.097981725743098e+02 0.0
-2.813621073711140e+01 1.178238875074269e+02 0.0

CELL_DATA 1024
SCALARS sigma_xx double 1
LOOKUP_TABLE default
1.641671581662134e+00
1.200420598341565e+00
1.155344719383962e+00
1.107324119326164e+00
1.151168728189617e+00
1.180331420906190e+00
1.238041512550139e+00
1.280751634606402e+00
1.332655979078936e+00
1.370866994783912e+00
1.411514492188188e+00
1.440338083320257e+00
1.469230545694545e+00
1.488138575636284e+00
1.506292062072842e+00
1.515898009124500e+00
1.524281046802654e+00
1.524928716247560e+00
1.523679117296803e+00
1.514740988141651e+00
1.502732571033245e+00
1.482192260060352e+00
1.456752276527309e+00
1.420883182675833e+00
1.377661658605659e+00
1.320835356946201e+00
1.254342835081939e+00
1.169439121366511e+00
1.076488349190676e+00
9.548450961733428e-01
8.589635717116721e-01
4.765045124034721e-01
1.041280651558485e+00
1.306951981410347e+00
1.159941892729441e+00
1.219032292707389e+00
1.180530834109385e+00
1.231520356086751e+00
1.234703037769882e+00
1.281066999804818e+00
1.296027741979258e+00
1.334730137497848e+00
1.349832255313067e+00
1.379584288791330e+00
1.390453870547753e+00
1.411242390987991e+00
1.416303842691853e+00
1.428426034111874e+00
1.426883521393954e+00
1.430248547691320e+00
1.421058113223196e+00
1.414724347929717e+00
1.395985375931196e+00
1.377829846008208e+00
1.346323984989452e+00
1.312804611361025e+00
1.263549939935687e+00
1.209729725442680e+00
1.135476384328709e+00
1.055943429833444e+00
9.448326994771439e-01
8.367222940457690e-01
6.261496123978986e-01
2.113562575583405e-01
1.141615715444796e+00
1.097247336125069e+00
1.239548488695100e+00
1.173094587960006e+00
1.232841392142789e+00
1.202181153724316e+00
1.245631732980085e+00
1.235926717945308e+00
1.271770873272986e+00
1.270493042565255e+00
1.299475729834161e+00
1.299911289029664e+00
1.321881034779100e+00
1.320587779859018e+00
1.335364250645891e+00
1.330343112421011e+00
1.337524614978137e+00
1.327122220518011e+00
1.325756611385785e+00
1.307970705657163e+00
1.296239068264427e+00
1.268197370771348e+00
1.243104259149893e+00
1.200574046274175e+00
1.157627058260843e+00
1.094470168776647e+00
1.027182108147213e+00
9.342375534483681e-01
8.302672039498715e-01
6.884558996174313e-01
4.252236141276720e-01
1.152638620937647e-01
9.838688493468178e-01
1.153965901185928e+00
1.120276546305520e+00
1.210819056035942e+00
1.165918873481694e+00
1.214325115622588e+00
1.184310976911221e+00
1.218863163125086e+00
1.200892690668121e+00
1.228478973655581e+00
1.216951510784041e+00
1.238935847088293e+00
1.229696701685421e+00
1.246022507944521e+00
1.236195772922565e+00
1.246289784412336e+00
1.233609535552998e+00
1.236440051925443e+00
1.218664403078702e+00
1.212560329940700e+00
1.186978386485446e+00
1.169341343097043e+00
1.132296140175291e+00
1.099178739395196e+00
1.045527289479715e+00
9.908133212038946e-01
9.130659217105817e-01
8.251873564160822e-01
7.100526541323793e-01
5.433040969025926e-01
2.917331674786371e-01
6.644575634071184e-02
1.034064602109152e+00
1.028035557469227e+00
1.142271268120440e+00
1.108535186439795e+00
1.170823506039617e+00
1.131449713068528e+00
1.168567871003445e+00
1.137096938346740e+00
1.163980002824146e+00
1.140610040423620e+00
1.162008972923239e+00
1.143923749550489e+00
1.160842530724810e+00
1.145110820120643e+00
1.157178448825328e+00
1.141186964125390e+00
1.147369853302654e+00
1.128640473856921e+00
1.127347755498859e+00
1.103206262184193e+00
1.092127772416591e+00
1.059302323286672e+00
1.035037178762920e+00
9.891441323576357e-01
9.464638000815443e-01
8.811385993715305e-01
8.109928638854195e-01
7.148154013111703e-01
5.961652576612322e-01
4.194097235057999e-01
2.037519924529522e-01
3.980921156306241e-02
9.198227532115875e-01
1.042004928270981e+00
1.025477347700943e+00
1.103141661340601e+00
1.067195893589713e+00
1.111580030877946e+00
1.073022985218849e+00
1.101301666333597e+00
1.068254555853891e+00
1.089342117270960e+00
1.062576304245606e+00
1.079534048249980e+00
1.057278119425031e+00
1.070504260168347e+00
1.050345485761192e+00
1.059038851961965e+00
1.038443013242379e+00
1.041128107035392e+00
1.017436720017382e+00
1.012027874616092e+00
9.822216387494064e-01
9.657928569675569e-01
9.260662287423915e-01
8.942898410126892e-01
8.392644739892106e-01
7.851442502098309e-01
7.056445894143069e-01
6.159486410663696e-01
4.875714428048031e-01
3.243654715036958e-01
1.425451289932716e-01
2.529979977996484e-02
9.263509883663179e-01
9.244054746698952e-01
1.012332595205412e+00
9.862691340564433e-01
1.040415714821034e+00
1.002155507481633e+00
1.034645599870099e+00
9.958837090832976e-01
1.017866076922816e+00
9.838519747051035e-01
1.000896207760315e+00
9.722090616033991e-01
9.860723402210019e-01
9.612371862509043e-01
9.717056529334940e-01
9.484843090129031e-01
9.543385067505803e-01
9.301906492346903e-01
9.295682416726405e-01
9.016782231892800e-01
8.920469762141315e-01
8.570624886745679e-01
8.348542741348506e-01
7.882729014636010e-01
7.480159005174607e-01
6.827021925414936e-01
6.148717377159627e-01
5.166216996642946e-01
3.988356639127204e-01
2.465494140175456e-01
1.030984735896162e-01
1.596658746964071e-02
8.120586152810683e-01
9.052770746176316e-01
8.899229186598271e-01
9.529468905891374e-01
9.200537719983719e-01
9.589252096365489e-01
9.190704144246877e-01
9.437466048666137e-01
9.050150980040831e-01
9.228502335617150e-01
8.886470914525432e-01
9.030610737842997e-01
8.735325907905562e-01
8.852685402609450e-01
8.589265979246534e-01
8.672417473883098e-01
8.418786696483964e-01
8.452037912756687e-01
8.182471235865328e-01
8.143982760019921e-01
7.828767218264285e-01
7.688985641269375e-01
7.290461977980107e-01
7.006312920419980e-01
6.469094733048439e-01
5.969961715925117e-01
5.198446519947572e-01
4.347632994276963e-01
3.173432229516182e-01
1.909849585057084e-01
7.312066752003271e-02
1.106626868137492e-02
7.879335040180198e-01
7.819799696484351e-01
8.513890149299103e-01
8.257810931606462e-01
8.715560197243259e-01
8.343296170205258e-01
8.633792205291344e-01
8.229515750194578e-01
8.427578951172996e-01
8.046741900913921e-01
8.200341153490274e-01
7.863554410213478e-01
7.991801798924194e-01
7.695806421657858e-01
7.798371445081482e-01
7.527183012454197e-01
7.592561650644258e-01
7.324045062290843e-01
7.333950008920198e-01
7.042049222643851e-01
6.971993998705472e-01
6.625137351750023e-01
6.441123430853166e-01
5.996065962805556e-01
5.645496666331671e-01
5.033704712357971e-01
4.425710542982819e-01
3.531135357275006e-01
2.559451209854052e-01
1.433758848984915e-01
5.470347579024840e-02
7.013603154857648e-03
6.661672476407158e-01
7.394902829590880e-01
7.209832546513493e-01
7.727512487108459e-01
7.401407666783564e-01
7.744369076019284e-01
7.349822848773582e-01
7.580066559566756e-01
7.180513134892534e-01
7.351322554737818e-01
6.983454400304189e-01
7.124476206041477e-01
6.798558789271690e-01
6.917970140900183e-01
6.626610464164495e-01
6.718472647537699e-01
6.444699114829253e-01
6.494787222468303e-01
6.216574317212877e-01
6.204909701019999e-01
5.895907894237755e-01
5.795688906578416e-01
5.421970901494274e-01
5.194057935695895e-01
4.705577213505384e-01
4.286750637298029e-01
3.603319379533400e-01
2.903755838331248e-01
1.977097037019447e-01
1.114083939815234e-01
3.836602310954021e-02
5.306228283892621e-03
6.211240300055925e-01
6.084518852451140e-01
6.645891083767995e-01
6.369692133899119e-01
6.763742544726863e-01
6.395845923557869e-01
6.666774979111121e-01
6.267337713646165e-01
6.464390598213101e-01
6.078747895204524e-01
6.237507698755160e-01
5.887966615004563e-01
6.024599033042886e-01
5.713537392611825e-01
5.828498132395349e-01
5.545529151491826e-01
5.629304689387350e-01
5.357122631595543e-01
5.394100712529475e-01
5.111178833154519e-01
5.080464217697783e-01
4.760216288248089e-01
4.632841337535197e-01
4.238659984638766e-01
3.970319671073991e-01
3.446378076908386e-01
2.970675796706262e-01
2.255653300299690e-01
1.565710919344415e-01
8.092030648150801e-02
2.940192223023611e-02
3.078059479515130e-03
4.914734811050490e-01
5.500696090519032e-01
5.266844895728973e-01
5.702561453717991e-01
5.366735172860140e-01
5.680115986573635e-01
5.293879456147015e-01
5.524307603480791e-01
5.133903440835066e-01
5.316813492586635e-01
4.952237927955531e-01
5.109049246748260e-01
4.781586444138237e-01
4.918770931869108e-01
4.625223369532264e-01
4.738308952179280e-01
4.466720809541090e-01
4.544508061499226e-01
4.278105950988632e-01
4.304799960011538e-01
4.023036421069857e-01
3.977509113252612e-01
3.653797152138989e-01
3.505446999830162e-01
3.101395912481542e-01
2.804067857811957e-01
2.269199892747522e-01
1.784885266723200e-01
1.140865965260753e-01
6.200374356345480e-02
1.921849787752308e-02
2.575875148017093e-03
4.326457687487181e-01
4.120262544701439e-01
4.583007075105651e-01
4.274648146139476e-01
4.625241315839964e-01
4.257142371866751e-01
4.523617779259743e-01
4.137907421295339e-01
4.350576820011671e-01
3.979694605043058e-01
4.161129333375834e-01
3.822476985383233e-01
3.983299426408197e-01
3.680163290245736e-01
3.820488272985979e-01
3.546382458753731e-01
3.659320304491140e-01
3.402212005577805e-01
3.476554852463637e-01
3.221113172491872e-01
3.241966671306593e-01
2.969245183610370e-01
2.916139688372759e-01
2.600501775291695e-01
2.443246346243983e-01
2.049253304397720e-01
1.752082922025084e-01
1.261444956869869e-01
8.577696783956559e-02
4.066062607881023e-02
1.463758390633394e-02
1.039128033675753e-03
2.963406081357881e-01
3.434928460559925e-01
3.141834568224967e-01
3.518568925315114e-01
3.165157726816683e-01
3.464715456454490e-01
3.087244995807633e-01
3.332330151577307e-01
2.961568666058822e-01
3.171925218735367e-01
2.827675276497030e-01
3.015079213622901e-01
2.705059243258026e-01
2.872713643840278e-01
2.595149541937028e-01
2.739866047287648e-01
2.487169771707342e-01
2.601834600269954e-01
2.363297396338401e-01
2.438142615314829e-01
2.200816694305053e-01
2.222982913474731e-01
1.970574205356645e-01
1.921921507920003e-01
1.632415251297185e-01
1.488633445358626e-01
1.140516936812237e-01
8.955636677972731e-02
5.257176538011213e-02
2.854340009142954e-02
7.243722236844018e-03
1.028524512151145e-03
2.292956048288993e-01
1.998061010679722e-01
2.385497006031565e-01
2.035982953887841e-01
2.360075675285079e-01
1.987436506515370e-01
2.263189207214583e-01
1.894560971603079e-01
2.136238879771862e-01
1.790488756049888e-01
2.007743752405678e-01
1.694128353574705e-01
1.890822493236528e-01
1.610531195050548e-01
1.785819249427734e-01
1.534825375098335e-01
1.684918232980435e-01
1.456474245004832e-01
1.575858286078247e-01
1.361839432432935e-01
1.443505344518932e-01
1.234485521108465e-01
1.269143673161350e-01
1.053461032166193e-01
1.028525791884683e-01
7.930370130587031e-02
6.985794514155620e-02
4.466601663248852e-02
3.123366856339478e-02
1.163742976754000e-02
4.620008836049173e-03
-2.461276965360949e-04
8.789981488083501e-02
1.258307552619823e-01
8.961529356012890e-02
1.231388869110679e-01
8.532640538084342e-02
1.152935978854440e-01
7.826367230288966e-02
1.054684398202242e-01
7.081864467982642e-02
9.574822599960262e-02
6.426730823506685e-02
8.708432921692355e-02
5.893631697984156e-02
7.957750335592031e-02
5.455279106947576e-02
7.284334365288442e-02
5.056262099635982e-02
6.628517523170599e-02
4.631838910322322e-02
5.923055042155725e-02
4.114544794026270e-02
5.096523285205328e-02
3.433722100132967e-02
4.073113986548492e-02
2.519047999560689e-02
2.792383917381603e-02
1.358975945987166e-02
1.342876950640881e-02
2.357002613336819e-03
2.471062889931406e-03
-1.683789261704895e-03
-7.651513448463099e-05
1.738900159902382e-02
-2.208318120817131e-02
1.083403612089404e-02
-2.917434063821737e-02
2.017808222455154e-03
-3.620561193169623e-02
-6.487143921414571e-03
-4.162397496679440e-02
-1.351179954956036e-02
-4.511993544956107e-02
-1.894976987367102e-02
-4.709882274697869e-02
-2.318160385940352e-02
-4.812103137893722e-02
-2.661768355483899e-02
-4.858614114442540e-02
-2.949970263081150e-02
-4.865509537222366e-02
-3.187414355345128e-02
-4.827066384905583e-02
-3.359601334763468e-02
-4.714378009732707e-02
-3.424982348605092e-02
-4.460347396882278e-02
-3.288947432356582e-02
-3.923293254405168e-02
-2.763912865057965e-02
-2.874762808958190e-02
-1.658332240647110e-02
-1.305897808137100e-02
-3.732761690224018e-03
-1.292868001592624e-03
-1.275519969838852e-01
-9.726525205287263e-02
-1.416067238473552e-01
-1.107974758294934e-01
-1.518901097208371e-01
-1.206510039621110e-01
-1.572845299104519e-01
-1.263563562197381e-01
-1.584992024716112e-01
-1.289214558600385e-01
-1.571242948280747e-01
-1.297448877095216e-01
-1.545763582574175e-01
-1.297896377716913e-01
-1.515633022128077e-01
-1.293211350424447e-01
-1.480659311482806e-01
-1.280112052258204e-01
-1.435204249731399e-01
-1.250899519202898e-01
-1.369208515952651e-01
-1.193285978052919e-01
-1.266756425965378e-01
-1.087252700349829e-01
-1.101398034807964e-01
-8.996849379572786e-02
-8.338524689197618e-02
-5.944692419839470e-02
-4.517685970810309e-02
-2.207299628322073e-02
-1.003777886684684e-02
-1.130447570449472e-03
-1.970183266845622e-01
-2.480971146467212e-01
-2.196382890417739e-01
-2.658798665116219e-01
-2.345853178525484e-01
-2.743946406492831e-01
-2.414340202505783e-01
-2.750536427631670e-01
-2.422646066266785e-01
-2.708843989125729e-01
-2.399252699948737e-01
-2.647259597014714e-01
-2.365141381860213e-01
-2.581554210871533e-01
-2.328029850156085e-01
-2.513746861676658e-01
-2.284084473842170e-01
-2.435704658565894e-01
-2.221581172717275e-01
-2.332358483346323e-01
-2.122581555945561e-01
-2.181712229193921e-01
-1.960647814256281e-01
-1.950236334338623e-01
-1.693927948579699e-01
-1.585443494858340e-01
-1.263105403038219e-01
-1.034315465643192e-01
-6.578921233470464e-02
-3.875051935149074e-02
-1.260012914623583e-02
-2.436357584980217e-03
-3.440913745514886e-01
-3.202409907692000e-01
-3.744150057140402e-01
-3.449743987568273e-01
-3.903511445613356e-01
-3.566041423391819e-01
-3.933001982096470e-01
-3.578269383251997e-01
-3.876767915379926e-01
-3.531724211831773e-01
-3.782408941242721e-01
-3.464631770999749e-01
-3.680729401773448e-01
-3.395515691233243e-01
-3.580956392308926e-01
-3.324013655589838e-01
-3.475623203423361e-01
-3.236869746244760e-01
-3.346672096214161e-01
-3.112385333511235e-01
-3.168027638884879e-01
-2.920264091557664e-01
-2.902659352554473e-01
-2.615419096326356e-01
-2.493462927484042e-01
-2.127736067513718e-01
-1.859201798473610e-01
-1.383702414641217e-01
-9.805120387129466e-02
-5.033733296393065e-02
-1.996096877133580e-02
-2.465595884395849e-03
-4.077024169762497e-01
-4.728752900108729e-01
-4.475825646447248e-01
-5.016416300744282e-01
-4.688450004016190e-01
-5.110003470027628e-01
-4.737658534076492e-01
-5.062550982050218e-01
-4.684599018837999e-01
-4.944433558254927e-01
-4.590246310547366e-01
-4.808446578584694e-01
-4.490525401462346e-01
-4.677037328695189e-01
-4.393447718177603e-01
-4.547278027011156e-01
-4.287203784326946e-01
-4.400336424059677e-01
-4.148102389609378e-01
-4.207497703319634e-01
-3.943473073654721e-01
-3.930014637211826e-01
-3.627853539819531e-01
-3.511550332471317e-01
-3.131561459493134e-01
-2.864538415083609e-01
-2.351893706642172e-01
-1.888173139843298e-01
-1.247507219104128e-01
-7.105542552777880e-02
-2.435024901022628e-02
-4.054200029927457e-03
-5.557512156498243e-01
-5.372106392086486e-01
-6.037327507498439e-01
-5.741243233167904e-01
-6.250468349346374e-01
-5.874328894448148e-01
-6.247429238059583e-01
-5.841841883513458e-01
-6.122175318061195e-01
-5.731952760073032e-01
-5.957155916906042e-01
-5.605615290640631e-01
-5.795316414049330e-01
-5.485114365369310e-01
-5.642923030778091e-01
-5.363626753796791e-01
-5.482912572333136e-01
-5.217388002528295e-01
-5.285236183411062e-01
-5.012388197967493e-01
-5.010210646650362e-01
-4.703766963886967e-01
-4.604025961090211e-01
-4.226904440329055e-01
-3.985252408318016e-01
-3.480048514736923e-01
-3.028959825024038e-01
-2.330929670314973e-01
-1.653765848312420e-01
-8.882590260628156e-02
-3.433383581573515e-02
-4.571191990435750e-03
-6.077327025064057e-01
-6.909256148095521e-01
-6.672119067237521e-01
-7.312825119239105e-01
-6.952036067033116e-01
-7.405334704863372e-01
-6.980592649908530e-01
-7.299387907698283e-01
-6.874840743851700e-01
-7.115565392941072e-01
-6.729950393282520e-01
-6.926629691523103e-01
-6.589811451045866e-01
-6.753674778588225e-01
-6.456727692200792e-01
-6.584255255313443e-01
-6.308996581783972e-01
-6.388333425524714e-01
-6.112251696417788e-01
-6.125728835781374e-01
-5.822432798478776e-01
-5.745110033739864e-01
-5.380467361897751e-01
-5.174059009252653e-01
-4.697062093040104e-01
-4.298295055841872e-01
-3.628696761695089e-01
-2.949911266367597e-01
-2.037674455001493e-01
-1.179305837127459e-01
-4.278980146685044e-02
-6.836183411707497e-03
-7.562442905112934e-01
-7.414717590332170e-01
-8.242094332945592e-01
-7.921927685605883e-01
-8.501294389260776e-01
-8.069721586469679e-01
-8.454144338071237e-01
-7.998204411893155e-01
-8.267901735674752e-01
-7.848239175993621e-01
-8.058252119921709e-01
-7.695220169154797e-01
-7.868336701713907e-01
-7.555481018861732e-01
-7.693358166414671e-01
-7.411628277573872e-01
-7.504586626762155e-01
-7.229976104237705e-01
-7.261755823928927e-01
-6.967381448118143e-01
-6.915470960874689e-01
-6.569391063834245e-01
-6.401207435100371e-01
-5.959593642098003e-01
-5.622984190490540e-01
-5.016443109292701e-01
-4.422135471875984e-01
-3.539662512204966e-01
-2.589531301012826e-01
-1.477139773811970e-01
-5.845862681406484e-02
-8.499378497510757e-03
-7.888421102812774e-01
-8.966034115628615e-01
-8.717953605768842e-01
-9.488477362876291e-01
-9.067350294898872e-01
-9.558248018519597e-01
-9.074545513307370e-01
-9.393383900884877e-01
-8.939659722043175e-01
-9.172813239603446e-01
-8.784612292934668e-01
-8.972082290516842e-01
-8.645951142298860e-01
-8.797072663355614e-01
-8.512717288336480e-01
-8.621253272618195e-01
-8.352852492929501e-01
-8.404618020106449e-01
-8.124409223054851e-01
-8.099336404394057e-01
-7.776647487832474e-01
-7.646836069472712e-01
-7.243436029366532e-01
-6.966868816571374e-01
-6.426710520711612e-01
-5.933181167943220e-01
-5.161086881634948e-01
-4.320769202930692e-01
-3.163768928098456e-01
-1.926574920246724e-01
-7.564554618879821e-02
-1.246677208383651e-02
-9.393143624318685e-01
-9.251168521557166e-01
-1.030275877521368e+00
-9.916103147223582e-01
-1.057650884102357e+00
-1.006830688557501e+00
-1.046608686985080e+00
-9.976699563969610e-01
-1.024712599821325e+00
-9.835335922686911e-01
-1.004486809939594e+00
-9.709768959537751e-01
-9.878588094048171e-01
-9.597078687589149e-01
-9.723721509165248e-01
-9.467307133342472e-01
-9.540449002036592e-01
-9.280085294745868e-01
-9.282411244747337e-01
-8.988017900839140e-01
-8.895699177105261e-01
-8.532780633184526e-01
-8.311537298705176e-01
-7.834493120811076e-01
-7.430619362270783e-01
-6.767868114680133e-01
-6.086919247608491e-01
-5.100619900755269e-01
-3.937988236053290e-01
-2.445400637498417e-01
-1.039069862138445e-01
-1.709044918596397e-02
-9.409982696151524e-01
-1.085432632845300e+00
-1.053382752693759e+00
-1.146562837559423e+00
-1.093407243324208e+00
-1.145591887544571e+00
-1.092387250989129e+00
-1.125079484400470e+00
-1.081682396689422e+00
-1.105926859203529e+00
-1.072216178840405e+00
-1.091544452890158e+00
-1.064527262083455e+00
-1.079392464598040e+00
-1.055757807500530e+00
-1.065390473806638e+00
-1.042050040705686e+00
-1.045047860282919e+00
-1.019025953801396e+00
-1.013404196175486e+00
-9.815079318116883e-01
-9.644586363844065e-01
-9.227987455235616e-01
-8.901374366896125e-01
-8.333158793047221e-01
-7.782152162787332e-01
-6.971219229117986e-01
-6.064866800991362e-01
-4.781321244962080e-01
-3.181431809209613e-01
-1.407071065923130e-01
-2.591847002887404e-02
-1.102477585088368e+00
-1.079816816861255e+00
-1.217179422253964e+00
-1.161358860342199e+00
-1.233338734003602e+00
-1.173663823250100e+00
-1.214440384262098e+00
-1.168763003627337e+00
-1.197704581636532e+00
-1.164907064249022e+00
-1.187660615958628e+00
-1.163140653826241e+00
-1.180822510641621e+00
-1.160414377586678e+00
-1.172668448877496e+00
-1.153007690604199e+00
-1.158828164993466e+00
-1.136985924320686e+00
-1.134820623795227e+00
-1.107847808851741e+00
-1.095437327918804e+00
-1.059908788052753e+00
-1.033949713552871e+00
-9.854496759034075e-01
-9.409268640645946e-01
-8.731834979865822e-01
-8.014127388689802e-01
-7.030860342147746e-01
-5.832978756137455e-01
-4.084133369333715e-01
-1.984247705735463e-01
-3.946084738346714e-02
-1.054864807488773e+00
-1.262514834593750e+00
-1.202844969725023e+00
-1.308811714598745e+00
-1.236248918832500e+00
-1.287684993806373e+00
-1.239046975238503e+00
-1.274284629685862e+00
-1.244236410151305e+00
-1.271760328418218e+00
-1.251981509550700e+00
-1.273428055395200e+00
-1.258161396939182e+00
-1.273558760197769e+00
-1.259024557366489e+00
-1.267831452412778e+00
-1.251210975765476e+00
-1.252383647563392e+00
-1.231059152392464e+00
-1.222888686591459e+00
-1.193891703719486e+00
-1.173768672847299e+00
-1.133326031711441e+00
-1.097423622766897e+00
-1.040502768641494e+00
-9.831132853565490e-01
-9.025852926527442e-01
-8.128625942486879e-01
-6.951434737542623e-01
-5.283242728792445e-01
-2.820452578355108e-01
-6.450717786341177e-02
-1.274628325337319e+00
-1.205632088546286e+00
-1.380033736825205e+00
-1.275363884323093e+00
-1.337936037409981e+00
-1.284269341582543e+00
-1.327073689778853e+00
-1.303092735986082e+00
-1.337154336393289e+00
-1.325949930054661e+00
-1.352593950410774e+00
-1.345557512625354e+00
-1.364971058998002e+00
-1.357771904622875e+00
-1.369928321772930e+00
-1.360022688325764e+00
-1.364506708996481e+00
-1.349809740394869e+00
-1.345544797078696e+00
-1.323686893947488e+00
-1.308702045150331e+00
-1.276550300439069e+00
-1.247794336966033e+00
-1.201091572132795e+00
-1.154318923887933e+00
-1.087367654010413e+00
-1.016916463920176e+00
-9.215359919797701e-01
-8.161721689155490e-01
-6.719005461444914e-01
-4.115048011231494e-01
-1.109983194225868e-01
-1.154368822326037e+00
-1.496043592818234e+00
-1.292416099261038e+00
-1.354279660674870e+00
-1.291022280741828e+00
-1.341195031745554e+00
-1.330112382998934e+00
-1.373142361774178e+00
-1.377361513901188e+00
-1.411453406850165e+00
-1.417728115150920e+00
-1.442624096029440e+00
-1.446187044580317e+00
-1.462408626163341e+00
-1.461414607018076e+00
-1.469360129894910e+00
-1.462646222144414e+00
-1.462044535533659e+00
-1.448124591721074e+00
-1.437726797976517e+00
-1.414275603837772e+00
-1.391680553709735e+00
-1.355220818676472e+00
-1.316853198242757e+00
-1.262584495470313e+00
-1.204100154910804e+00
-1.125884507072906e+00
-1.043605375685107e+00
-9.318802700434188e-01
-8.244292583368722e-01
-6.126293681842729e-01
-2.040623780832596e-01
-1.879416211240193e+00
-1.338126484401556e+00
-1.293919945734886e+00
-1.236077194106689e+00
-1.283694376653525e+00
-1.306199421319352e+00
-1.360477659893994e+00
-1.394278497987122e+00
-1.439036819348101e+00
-1.467615377426701e+00
-1.500249714518939e+00
-1.520150957428849e+00
-1.541629538935451e+00
-1.552929189410000e+00
-1.564718058681804e+00
-1.567978285213206e+00
-1.570882219447689e+00
-1.566016939846893e+00
-1.559708956619430e+00
-1.545516421781701e+00
-1.528337271221568e+00
-1.502281911996664e+00
-1.471178208346762e+00
-1.429324677194298e+00
-1.380071458744730e+00
-1.317399500629240e+00
-1.245874133143140e+00
-1.157715542851808e+00
-1.064558302955841e+00
-9.475039359636739e-01
-8.599656862227062e-01
-4.756403939737435e-01

SCALARS sigma_yy double 1
LOOKUP_TABLE default
9.629304402579320e-01
8.129296494151061e-02
2.086864856991735e-01
9.928265077432441e-02
1.320234143566175e-01
1.108517304843736e-01
1.283449481284137e-01
1.255562792622753e-01
1.382250567065201e-01
1.397190270632791e-01
1.492986703016589e-01
1.512937118488812e-01
1.583954554299081e-01
1.598078710958513e-01
1.648931414690069e-01
1.654738523505086e-01
1.689194654735364e-01
1.686468261309436e-01
1.707011192814261e-01
1.695334183954492e-01
1.702857153585043e-01
1.680260753319747e-01
1.674198459616553e-01
1.635590140378644e-01
1.615471633790926e-01
1.548068497890881e-01
1.522083572523160e-01
1.384855552705629e-01
1.419663674312033e-01
1.020332891905349e-01
1.597708898699057e-01
-9.607137921388564e-04
7.593579816878039e-01
5.265772764648730e-01
1.731017162771524e-01
1.912322147298186e-01
9.802730057139908e-02
1.219732099723185e-01
9.241847626571054e-02
1.144605864391364e-01
1.048364567535158e-01
1.236321825082842e-01
1.205790486251297e-01
1.358337808782294e-01
1.346450275866041e-01
1.466408662468486e-01
1.456418857227194e-01
1.549099904522937e-01
1.535840231424758e-01
1.606803982001248e-01
1.589123502971973e-01
1.642908263423736e-01
1.620105229203110e-01
1.659775083828718e-01
1.629364723568069e-01
1.656924873406562e-01
1.611900458154428e-01
1.630201003240441e-01
1.553573113210836e-01
1.569658561367301e-01
1.437050004966849e-01
1.393374208927314e-01
1.743208303240658e-01
-8.717532441613438e-02
9.042490577977478e-01
4.768784172539469e-01
3.604702751717125e-01
1.581819188202487e-01
1.598867411910858e-01
8.486184278509845e-02
1.067631505203289e-01
7.756239470805082e-02
1.021342212120987e-01
9.031515489581921e-02
1.126654969880212e-01
1.073283339458396e-01
1.261196715816504e-01
1.229268890137046e-01
1.381767037376626e-01
1.354986108390873e-01
1.477407738214622e-01
1.450830683706307e-01
1.549702823893574e-01
1.522505194405176e-01
1.603636326483835e-01
1.575456226695753e-01
1.643173828486612e-01
1.612026352918804e-01
1.668520970806680e-01
1.630275058585227e-01
1.670431967751583e-01
1.631240228792202e-01
1.598715674708907e-01
1.698889812152917e-01
1.580222057701950e-01
-1.375134406037366e-01
7.933048930320971e-01
6.060283033508993e-01
3.226225047187069e-01
2.585537501507125e-01
1.235475510304306e-01
1.271900351018665e-01
6.868070491192368e-02
9.146965073696467e-02
6.585426060221777e-02
9.219440985791527e-02
8.035322103275333e-02
1.048155377074563e-01
9.842009855985201e-02
1.193648186607802e-01
1.149116529577990e-01
1.322756734840167e-01
1.284710580611508e-01
1.428103161892488e-01
1.393329313255876e-01
1.513564636771204e-01
1.482442726340045e-01
1.585824967865960e-01
1.559461358890457e-01
1.649977637442155e-01
1.629785508400307e-01
1.705790953091775e-01
1.697291507564641e-01
1.742934333046975e-01
1.750851480252939e-01
1.863164972948491e-01
1.339280939037549e-01
-1.682493511869892e-01
8.559935373328017e-01
5.379076645897581e-01
4.131689603344060e-01
2.199999941350069e-01
1.855830658291596e-01
8.942050077940367e-02
9.933385925025151e-02
5.402909099950548e-02
7.896362763544518e-02
5.739737435454728e-02
8.510158530288336e-02
7.395217022842893e-02
9.962580821205913e-02
9.271823810898094e-02
1.148863989659555e-01
1.096170503323013e-01
1.282959180634028e-01
1.237974104408699e-01
1.395936173843197e-01
1.357811056656915e-01
1.494300025983309e-01
1.465295056781162e-01
1.586530738331335e-01
1.570300775100688e-01
1.679682466705012e-01
1.681046756038969e-01
1.778858518973847e-01
1.793554205375090e-01
1.899516729987179e-01
1.879284897782041e-01
1.089053650266298e-01
-1.831441959167217e-01
7.622461130831992e-01
5.943210398871976e-01
3.597038815255865e-01
2.823610095543164e-01
1.460801545903253e-01
1.320093775101881e-01
6.163793156864716e-02
7.805338116171856e-02
4.297003084887840e-02
7.012470297168194e-02
5.210203880897646e-02
8.069113678875450e-02
7.029416355447193e-02
9.649709358431979e-02
8.929104593161524e-02
1.120140599769958e-01
1.062256194010698e-01
1.256453540612348e-01
1.208313322203580e-01
1.376143675056342e-01
1.339428472574747e-01
1.488427991475628e-01
1.467566319183427e-01
1.604394700075885e-01
1.605115546789406e-01
1.735610997319545e-01
1.760631221139853e-01
1.886549562745020e-01
1.931113756685509e-01
1.842615236425071e-01
8.360955088178357e-02
-1.847069373579376e-01
7.808477681391923e-01
5.196821952456233e-01
4.054204052644952e-01
2.343591201130542e-01
1.909686966803339e-01
9.273945831455438e-02
9.368225792665724e-02
4.145328622340194e-02
6.335036542696521e-02
3.593328989990013e-02
6.479362545394007e-02
4.948892448105496e-02
7.841081132775923e-02
6.856547953028386e-02
9.474565448445260e-02
8.732044099324027e-02
1.101077432724241e-01
1.040404792892789e-01
1.237907726949339e-01
1.190143976731758e-01
1.364585888480407e-01
1.333766277648087e-01
1.493293121246942e-01
1.485800809419244e-01
1.638697296234006e-01
1.661347205104619e-01
1.811982342347707e-01
1.863565684378445e-01
1.957667162840764e-01
1.704386338009217e-01
6.525256200635286e-02
-1.777095715413221e-01
6.827139364725903e-01
5.395063103027053e-01
3.423648583799766e-01
2.708427432811745e-01
1.460997410215930e-01
1.273195685015173e-01
5.562459110270795e-02
6.768559988218226e-02
2.839260961559786e-02
5.435614003653477e-02
3.244557164920808e-02
6.225431919836977e-02
4.881091336692567e-02
7.751150791906147e-02
6.796139923625105e-02
9.367851430342189e-02
8.608702995076595e-02
1.085855682183945e-01
1.024644535456431e-01
1.222647664934248e-01
1.178545419825452e-01
1.357657547480050e-01
1.336774528694165e-01
1.506221322993528e-01
1.516759507119992e-01
1.684620691889522e-01
1.730475474723377e-01
1.881807408128826e-01
1.859150233009570e-01
1.586035886996529e-01
4.883211575119290e-02
-1.625396587185062e-01
6.715592250319876e-01
4.566623120061072e-01
3.618768146847587e-01
2.152656906212018e-01
1.763461583510735e-01
8.521852411447911e-02
8.433371572180004e-02
3.141932764792421e-02
5.141928085644187e-02
2.120881309224082e-02
4.976475763928695e-02
3.157532685005188e-02
6.153702219785456e-02
4.920792255951156e-02
7.719651267508171e-02
6.773299590541693e-02
9.265568726344370e-02
8.497219242135318e-02
1.069390231943075e-01
1.009835863276770e-01
1.206520805662144e-01
1.169077854630431e-01
1.351734864952915e-01
1.344381573670515e-01
1.522692468079681e-01
1.552942742141515e-01
1.727005512720353e-01
1.763612987151706e-01
1.789456394900540e-01
1.404333486280984e-01
4.058907939339641e-02
-1.431494846780466e-01
5.647405915481085e-01
4.530349434176849e-01
2.907573064967686e-01
2.344782708634661e-01
1.264377571474247e-01
1.118612822760520e-01
4.502842747623120e-02
5.689629073251129e-02
1.714913196095369e-02
4.240333515397560e-02
1.832166187351003e-02
4.810642695157058e-02
3.222108686003639e-02
6.162287287836993e-02
4.983650740530560e-02
7.672511114708030e-02
6.722840808533087e-02
9.112475177962615e-02
8.345460695763041e-02
1.047259147638993e-01
9.914402452395898e-02
1.185515150630730e-01
1.157290168035685e-01
1.342245279151676e-01
1.350160731946018e-01
1.532599422324291e-01
1.571494775879743e-01
1.704280244936024e-01
1.610322382271401e-01
1.281476599390838e-01
3.332294794981854e-02
-1.185722449747666e-01
5.331731273450950e-01
3.619885034432082e-01
2.931701983156907e-01
1.726046165945671e-01
1.460276760545933e-01
6.677448698622496e-02
6.989634608805212e-02
2.033472197785746e-02
4.084561282022720e-02
1.003717690977085e-02
3.829611154662643e-02
1.808580923344955e-02
4.794313275969148e-02
3.330535522929057e-02
6.158015380136589e-02
4.995807294785343e-02
7.547110615984409e-02
6.591138704202040e-02
8.862529944340278e-02
8.109175248474140e-02
1.015420320613820e-01
9.650713041024928e-02
1.155143610815516e-01
1.137487184148860e-01
1.321627325659669e-01
1.340968839463885e-01
1.508402831334194e-01
1.508829665573257e-01
1.491710251171205e-01
1.108218427199434e-01
3.350522438411656e-02
-9.227771613805880e-02
4.179759415375758e-01
3.427332203914573e-01
2.152097491350844e-01
1.803016630713984e-01
9.181152965804520e-02
8.739946519541075e-02
2.905948714430001e-02
4.447711803288845e-02
6.784402562671266e-03
3.261430718855582e-02
7.538516129335426e-03
3.698182123186020e-02
1.897770308411278e-02
4.800743121246540e-02
3.389835455963663e-02
6.064287903718665e-02
4.898290523490079e-02
7.294038294327476e-02
6.335336164868632e-02
8.476805451834221e-02
7.748222951903663e-02
9.697411033807829e-02
9.257422268810872e-02
1.109330815388498e-01
1.100769659779719e-01
1.275237897135247e-01
1.288084433870435e-01
1.394383471706459e-01
1.275320592483387e-01
1.008342490129217e-01
3.303301495305381e-02
-6.251066273050419e-02
3.728867780238472e-01
2.446938358901914e-01
2.065630168109023e-01
1.133590628025760e-01
1.043537348233726e-01
3.968380638235400e-02
5.105363257444617e-02
7.309118477971666e-03
3.061900181738933e-02
6.384981749127661e-04
2.914373225410044e-02
7.430754106373560e-03
3.666672507738006e-02
1.972187651146101e-02
4.728705417703308e-02
3.328147907530188e-02
5.823883536514302e-02
4.647403559095034e-02
6.875579757037434e-02
5.920252021894515e-02
7.919539299118991e-02
7.221158824978537e-02
9.053143422540294e-02
8.668639588868260e-02
1.038844477190343e-01
1.032157414956831e-01
1.177488430905615e-01
1.149424209750929e-01
1.138868973418729e-01
8.566827561743368e-02
3.889943296009840e-02
-3.253588600582102e-02
2.508514154140368e-01
2.156472631465253e-01
1.232386104034667e-01
1.140233585209157e-01
4.677143243873202e-02
5.660962547628862e-02
8.811129212798557e-03
3.060883953127075e-02
-3.549838184670751e-03
2.412324457230280e-02
-1.261357374283095e-03
2.790562821330397e-02
7.904011671121064e-03
3.594945663316892e-02
1.935853447122166e-02
4.505615012067604e-02
3.095880840373240e-02
5.397687049487865e-02
4.212035753905881e-02
6.262023336929777e-02
5.313853248102371e-02
7.153060041566241e-02
6.479073368349811e-02
8.157273900645125e-02
7.792797399486140e-02
9.303344776398179e-02
9.117651905775787e-02
1.003257469209146e-01
9.088410801268354e-02
7.802680078867424e-02
4.257374935685820e-02
-1.554422742212152e-04
1.977556537875370e-01
1.122996200427206e-01
1.083747542725740e-01
4.337768052161459e-02
5.557267360517394e-02
6.908074734285480e-03
2.945488065855185e-02
-7.193688273885696e-03
2.064001306853383e-02
-7.779982195202512e-03
2.154037607789054e-02
-1.453787947035420e-03
2.694473340523351e-02
7.616061915909175e-03
3.384611065295870e-02
1.725445671962707e-02
4.085942753127191e-02
2.662900465631386e-02
4.760695155174096e-02
3.569231372210556e-02
5.427028504841148e-02
4.482491585981454e-02
6.133178239841229e-02
5.461364165007991e-02
6.929071292458026e-02
6.522665166601585e-02
7.715594653357292e-02
7.315828313173132e-02
7.678577247600875e-02
6.448991432042131e-02
5.149263387186747e-02
3.143201216168950e-02
7.069774845733574e-02
7.839956494133753e-02
2.135023514452310e-02
4.097337444030148e-02
-4.260921725873716e-03
2.257669872034428e-02
-1.381097560567775e-02
1.625093945175479e-02
-1.377818159147300e-02
1.663986459980112e-02
-8.819443212832651e-03
2.019470237042179e-02
-1.819150739214358e-03
2.489327286495820e-02
5.694862061654499e-03
2.976521143761609e-02
1.306661135149530e-02
3.446259967112274e-02
2.013422360946682e-02
3.896897426764264e-02
2.699524019172836e-02
4.343596738918144e-02
3.387895187328036e-02
4.808636221208181e-02
4.101979156742251e-02
5.297606495594729e-02
4.814235893864247e-02
5.705953186562603e-02
5.329517176998502e-02
5.807015118454953e-02
5.689529141795627e-02
6.465527922115269e-02
1.441450145476720e-02
-2.841996811119360e-02
4.656712655399542e-03
-3.187762459101530e-02
4.010562890284141e-03
-2.828603690329585e-02
7.254661126870754e-03
-2.202937680502472e-02
1.134855963451347e-02
-1.541308691309706e-02
1.505959604751739e-02
-9.241989557640360e-03
1.819753205863442e-02
-3.585187297130050e-03
2.093441446824880e-02
1.687619625445544e-03
2.344172366869316e-02
6.675862936906196e-03
2.578753112052187e-02
1.140445014062364e-02
2.794701707578494e-02
1.583731817233132e-02
2.982850411741151e-02
1.989936273351771e-02
3.133759433743942e-02
2.366631632364530e-02
3.294479710222637e-02
2.883451786379377e-02
3.898763941314309e-02
4.489151333228983e-02
6.648114917879407e-02
9.631966992096117e-02
-1.158459053336197e-01
-6.254820097675606e-02
-8.430000110463831e-02
-3.349933375158026e-02
-5.683229952003620e-02
-1.133520546676509e-02
-3.650802085370609e-02
2.765874311036004e-03
-2.335248009625283e-02
1.018831944080369e-02
-1.551398077517134e-02
1.334818302707284e-02
-1.075590003609742e-02
1.440617145284221e-02
-7.393609299516310e-03
1.471520292441049e-02
-4.528856670869552e-03
1.484956803567036e-02
-1.887635862621917e-03
1.485146574483734e-02
4.148309800772326e-04
1.444595195627935e-02
2.033815394500503e-03
1.319495971355506e-02
2.633366853249726e-03
1.110888325563042e-02
3.488877669283290e-03
1.243963671883561e-02
1.515035983270774e-02
3.814528892024770e-02
7.137380196973657e-02
1.289356083496134e-01
-1.706646090041352e-01
-1.709631922747690e-01
-9.844054294149945e-02
-1.069601446976037e-01
-4.579797098611783e-02
-6.243352046538141e-02
-1.312859762069524e-02
-3.575554083126573e-02
3.404216127298687e-03
-2.218672752660508e-02
9.407798488805880e-03
-1.640120535192313e-02
9.928187876569294e-03
-1.427721466558464e-02
8.316864940121974e-03
-1.341879026241868e-02
6.228038732758220e-03
-1.285204603522774e-02
4.115751643530133e-03
-1.250680970740790e-02
1.727193379102210e-03
-1.282831283685115e-02
-1.590623197123400e-03
-1.452024431776665e-02
-6.497144539305597e-03
-1.759663275757622e-02
-1.117737058314134e-02
-1.552389706193121e-02
4.875913511931534e-04
2.384326459554077e-02
7.932827053562516e-02
1.592822259984688e-01
-3.023752652485369e-01
-2.005301694583496e-01
-1.874944433450483e-01
-1.037511137720175e-01
-1.063287949490293e-01
-4.154204821537297e-02
-5.682044637330216e-02
-8.376567058220485e-03
-3.159548979237156e-02
4.821967061469923e-03
-2.161304345393003e-02
6.872428204710457e-03
-1.935641823287068e-02
4.079537017187967e-03
-2.007781298400327e-02
-9.107263974436619e-05
-2.151116193909877e-02
-4.311162621732451e-03
-2.304627852247354e-02
-8.543872231804805e-03
-2.501214161425241e-02
-1.346292755883033e-02
-2.825820365572829e-02
-2.009834484993406e-02
-3.366721993250857e-02
-2.866765164030619e-02
-3.907048307404820e-02
-3.108603802045984e-02
-2.361321773056353e-02
1.517504549440026e-02
8.145352109468491e-02
1.898174987776983e-01
-3.507259219418835e-01
-3.086610153284627e-01
-1.942794746333408e-01
-1.761506459723695e-01
-8.898618954821716e-02
-9.192971063028338e-02
-2.922180305546290e-02
-4.693417011134610e-02
-2.641008475569306e-03
-2.806002167876651e-02
4.173003158278399e-03
-2.338471524370350e-02
1.575258048241851e-03
-2.479177282174158e-02
-4.255965915220677e-03
-2.797767863839126e-02
-1.052469664660990e-02
-3.133202417580688e-02
-1.656190821427492e-02
-3.480473389179975e-02
-2.285433145640137e-02
-3.917881017037794e-02
-3.050996217826779e-02
-4.566204686053521e-02
-4.072409225362131e-02
-5.465297022249033e-02
-5.143398898589835e-02
-5.724708385417811e-02
-3.852714113290789e-02
-1.604215836564261e-03
8.533809160653719e-02
2.172668609060648e-01
-4.822643992546788e-01
-3.281667004106390e-01
-2.815384857848586e-01
-1.635170698377679e-01
-1.478485382925201e-01
-6.431065521313029e-02
-7.234845085838526e-02
-1.593462523333222e-02
-3.803169096611303e-02
2.967119236056415e-04
-2.751824631439886e-02
7.531515443115477e-05
-2.809601273573459e-02
-6.593808601523643e-03
-3.249888562562925e-02
-1.470433679043187e-02
-3.753606795432823e-02
-2.252378909658895e-02
-4.245318432730755e-02
-3.011853764459171e-02
-4.777134540918226e-02
-3.847171657157597e-02
-5.468290050953986e-02
-4.903416475363515e-02
-6.453337597670855e-02
-6.256098764811857e-02
-7.559274030993608e-02
-7.041516184117647e-02
-6.218606857667850e-02
-1.348259476350020e-02
8.220178255414204e-02
2.438771523666374e-01
-5.181375615735407e-01
-4.341834947550399e-01
-2.751664074234620e-01
-2.331091051390461e-01
-1.202023283556560e-01
-1.131175867778263e-01
-3.880194326882547e-02
-5.447820291877709e-02
-6.753034522719970e-03
-3.332598178092838e-02
-1.455865419474456e-03
-3.079951761040084e-02
-7.638956117830775e-03
-3.549327483741449e-02
-1.715252419923402e-02
-4.191406083142879e-02
-2.666958000607650e-02
-4.820210417358700e-02
-3.555955087102786e-02
-5.440840739781627e-02
-4.452516892781688e-02
-6.152230325906444e-02
-5.493567230508764e-02
-7.101944809395111e-02
-6.835876922093384e-02
-8.387322329062497e-02
-8.377789827549612e-02
-9.255005167500970e-02
-7.627915592803314e-02
-3.347901086653639e-02
7.923889434095252e-02
2.662633957658400e-01
-6.482399746953174e-01
-4.365780936800339e-01
-3.586744333798628e-01
-2.053842397103805e-01
-1.760479662963676e-01
-7.594453901607684e-02
-8.109283033357223e-02
-1.941100053092076e-02
-4.276950902419757e-02
-4.322213467483071e-03
-3.397387267912577e-02
-8.130825369616901e-03
-3.756668165399091e-02
-1.832066807274579e-02
-4.483855245284551e-02
-2.932330699167390e-02
-5.233819620079239e-02
-3.948530256617727e-02
-5.940413026915897e-02
-4.907797798220426e-02
-6.669717244194662e-02
-5.925087502447118e-02
-7.551399616232152e-02
-7.159244931006670e-02
-8.739386738178834e-02
-8.736541868761791e-02
-1.019710980389363e-01
-1.010219025086590e-01
-9.736190085134487e-02
-4.885062335910006e-02
6.798930281657031e-02
2.862269240951452e-01
-6.635852095192228e-01
-5.388739299035794e-01
-3.312860338476935e-01
-2.702904008048684e-01
-1.334468981951765e-01
-1.225359906493284e-01
-4.053372732991384e-02
-5.816618067697571e-02
-1.000427582235258e-02
-3.889827228364373e-02
-8.968846119580209e-03
-3.949596409700390e-02
-1.881143797688323e-02
-4.681477513895316e-02
-3.092290097715311e-02
-5.522629289473258e-02
-4.225817961273332e-02
-6.307639292799089e-02
-5.249365942977258e-02
-7.057742680623369e-02
-6.249439242412413e-02
-7.875068235957700e-02
-7.363624170410710e-02
-8.901013173608746e-02
-8.750355698672935e-02
-1.026126665674988e-01
-1.043913577781544e-01
-1.161559187043175e-01
-1.077609685229270e-01
-7.112970214582942e-02
5.509143045758095e-02
3.001301723419619e-01
-7.921871329369622e-01
-5.138627092154928e-01
-4.089113572008037e-01
-2.197795492482142e-01
-1.850169283706545e-01
-7.345788880880544e-02
-8.216745534922754e-02
-2.000141763187696e-02
-4.695354503982274e-02
-1.111221013217395e-02
-4.216927685866101e-02
-1.934882674335342e-02
-4.846923909256051e-02
-3.203228400131269e-02
-5.732890088145476e-02
-4.433196481957519e-02
-6.579197324595837e-02
-5.516503654230404e-02
-7.349367346038882e-02
-6.505902772993549e-02
-8.114406601645791e-02
-7.515381992838727e-02
-8.987506089706487e-02
-8.682770079489899e-02
-1.010064930662192e-01
-1.013612990359607e-01
-1.150368840595347e-01
-1.172933399465927e-01
-1.219444403730092e-01
-8.772300221789898e-02
3.287607073724288e-02
3.089309463884956e-01
-7.749079445494317e-01
-6.114624046707038e-01
-3.480619509351914e-01
-2.777540100509617e-01
-1.223024147746695e-01
-1.178235985629893e-01
-3.557231370132286e-02
-5.945473063297257e-02
-1.540826328105893e-02
-4.647202740566236e-02
-2.071131054064490e-02
-5.050258563246046e-02
-3.333291167685548e-02
-5.920273495213224e-02
-4.627222979307355e-02
-6.799211156135537e-02
-5.756011740211370e-02
-7.580232965637140e-02
-6.734303944139264e-02
-8.300510272739103e-02
-7.653569456111603e-02
-9.046571131922487e-02
-8.627475127921908e-02
-9.918980737850924e-02
-9.772444369251054e-02
-1.101721610802455e-01
-1.114444383896004e-01
-1.228155180294854e-01
-1.236331332881578e-01
-1.074790333993772e-01
7.616546883949860e-03
3.084078232136352e-01
-9.062311946592490e-01
-5.407100169864638e-01
-4.166347445514130e-01
-1.930551659084068e-01
-1.689281715636349e-01
-5.725666385748129e-02
-7.739519297795638e-02
-2.232081523233376e-02
-5.310348191977987e-02
-2.363096943506093e-02
-5.360033848134527e-02
-3.559859584522573e-02
-6.146706217305620e-02
-4.876337556031685e-02
-7.019517790686280e-02
-6.024519134865935e-02
-7.792081120742411e-02
-6.980752087607101e-02
-8.465179012199475e-02
-7.815421531593425e-02
-9.102754633626120e-02
-8.621212215892443e-02
-9.779362809846825e-02
-9.489229632689705e-02
-1.055886915374071e-01
-1.049776170175727e-01
-1.147906203429835e-01
-1.157869433224337e-01
-1.250564111066943e-01
-1.176790814641213e-01
-2.624531892505595e-02
2.979627891756986e-01
-8.349943530924426e-01
-6.330368558676318e-01
-2.975023115432650e-01
-2.413309833058462e-01
-8.376532731940400e-02
-1.010222114114743e-01
-3.150656381344785e-02
-6.229515099549032e-02
-2.868231871935545e-02
-5.829838449286795e-02
-3.967106201897030e-02
-6.474330848662302e-02
-5.261005945509634e-02
-7.297452659337789e-02
-6.389625169126412e-02
-8.033216617736427e-02
-7.299503347117997e-02
-8.646418406676559e-02
-8.043225686476230e-02
-9.180262905151726e-02
-8.696363737043855e-02
-9.691985647534929e-02
-9.325393014117289e-02
-1.022455769204154e-01
-9.980854128506195e-02
-1.077947432093660e-01
-1.070605207764966e-01
-1.125907946333585e-01
-1.137649168288921e-01
-1.231128944575830e-01
-6.147976039949414e-02
2.722121476980077e-01
-9.898237742578927e-01
-4.681459326296771e-01
-3.484226848317987e-01
-1.086403180162535e-01
-1.289982368854993e-01
-4.118854792382065e-02
-7.337422226304591e-02
-3.625204868320298e-02
-6.480869026970193e-02
-4.648592309627619e-02
-6.957422454519724e-02
-5.875093891979466e-02
-7.691557765597512e-02
-6.930601893954103e-02
-8.356170806270635e-02
-7.753677283708882e-02
-8.888262558011861e-02
-8.385440834606639e-02
-9.312313333131350e-02
-8.887497261392718e-02
-9.670231461686807e-02
-9.308102239416038e-02
-9.993021948657188e-02
-9.667622893181249e-02
-1.028438967083171e-01
-9.954818516473263e-02
-1.047478857624344e-01
-1.020275249426992e-01
-1.012101654629031e-01
-1.126392758878275e-01
-9.747587374001096e-02
2.277979699920732e-01
-8.053521221352817e-01
-5.366485692076215e-01
-1.091455102676490e-01
-1.559364841906428e-01
-4.785652599117374e-02
-8.398598168679683e-02
-4.697704204723618e-02
-7.281162344566872e-02
-5.729577192441815e-02
-7.633916641671457e-02
-6.833233740497546e-02
-8.256051489424365e-02
-7.739708484673180e-02
-8.813426097510624e-02
-8.414973832512207e-02
-9.236962782654734e-02
-8.896860328225298e-02
-9.538325874941433e-02
-9.233506415058956e-02
-9.743936708629852e-02
-9.457750405078313e-02
-9.870147227951309e-02
-9.574107584496971e-02
-9.914779924712402e-02
-9.543916106762562e-02
-9.856103419058715e-02
-9.256051474162352e-02
-9.646311311536560e-02
-8.595135205420634e-02
-8.609082287933922e-02
-1.252915820190994e-01
1.593005658706266e-01
-1.052498761221758e+00
6.940473235355626e-03
-1.745260156558500e-01
-4.617636668468905e-02
-9.098783491889484e-02
-6.286029216143751e-02
-8.191072252361742e-02
-7.410192802508153e-02
-8.542116704206304e-02
-8.281201542590721e-02
-9.043887556848595e-02
-8.921115623969023e-02
-9.455301941743277e-02
-9.359827723177017e-02
-9.737015089720324e-02
-9.635332029419075e-02
-9.897856900862800e-02
-9.777698130546231e-02
-9.949261818248090e-02
-9.799615847965237e-02
-9.889926346858391e-02
-9.690967526667960e-02
-9.701568401372973e-02
-9.411491575315933e-02
-9.354838763506201e-02
-8.866244414810043e-02
-8.856471644178410e-02
-7.788392178181791e-02
-8.561885467140812e-02
-4.965887571304056e-02
-1.176863453696099e-01
4.983535714881621e-02

SCALARS sigma_xy double 1
LOOKUP_TABLE default
8.916267613270648e-01
4.893148537479832e-01
3.948772280499886e-01
3.668494185296584e-01
3.620079815396459e-01
3.741338679157081e-01
3.888523497687942e-01
4.075887082102805e-01
4.248017855020184e-01
4.419075374339050e-01
4.565530290279142e-01
4.698434147314290e-01
4.806923375610108e-01
4.899543710855083e-01
4.970638933769163e-01
5.026606874206947e-01
5.063734312736902e-01
5.086417373584387e-01
5.091325631514281e-01
5.080894238445515e-01
5.051378158093058e-01
5.003183213585263e-01
4.931706462120988e-01
4.835148993683157e-01
4.707706422374480e-01
4.545694765153805e-01
4.340491138378050e-01
4.093532674749430e-01
3.770193338718610e-01
3.478059956991744e-01
2.674165795955578e-01
3.411081068253120e-01
7.146000832563204e-01
6.024135724624097e-01
4.488144862722346e-01
3.858418424588669e-01
3.619269230387774e-01
3.549664752756357e-01
3.628018797130077e-01
3.736078265659050e-01
3.890371000102591e-01
4.034902543591394e-01
4.186049978366905e-01
4.316088808640041e-01
4.438458030695012e-01
4.538421318989436e-01
4.626719208767329e-01
4.694627816025155e-01
4.750463123852843e-01
4.788112810721237e-01
4.813620614814996e-01
4.821718132478112e-01
4.816247704029152e-01
4.791728919391877e-01
4.749849126104929e-01
4.683796304846024e-01
4.593688084879629e-01
4.468047534258738e-01
4.310849959629011e-01
4.087451393501053e-01
3.849772281121505e-01
3.413032020766974e-01
2.990338708779282e-01
4.506116074259862e-01
5.872293488655372e-01
5.297817579975271e-01
4.567195809995177e-01
3.875709591496049e-01
3.560092175439943e-01
3.426362296863501e-01
3.418582156094034e-01
3.493693537006636e-01
3.601233819175629e-01
3.735388271189221e-01
3.866889915639439e-01
3.999766089935135e-01
4.117943592599608e-01
4.227983906709585e-01
4.320828607761421e-01
4.403104720812905e-01
4.469138565308777e-01
4.524619014329540e-01
4.565172604997241e-01
4.595134606275784e-01
4.610106838078423e-01
4.612993722836616e-01
4.598057890046686e-01
4.567173079343413e-01
4.510635268480106e-01
4.431216531790519e-01
4.308461895320415e-01
4.150640184487006e-01
3.931172590242811e-01
3.554028157719533e-01
3.724841807326500e-01
5.273730851647149e-01
4.951127310770189e-01
4.672811525334675e-01
4.173809693053147e-01
3.761414426508483e-01
3.439964181502707e-01
3.298439674042600e-01
3.257612728401150e-01
3.294553266412008e-01
3.379636569952567e-01
3.487089654859233e-01
3.609272531137715e-01
3.729278795718575e-01
3.848121379233359e-01
3.955740060106744e-01
4.056328725138675e-01
4.143775848164131e-01
4.223024407264522e-01
4.289814055349726e-01
4.348707064995943e-01
4.395884087720338e-01
4.435040342792217e-01
4.461649312629562e-01
4.478371772790231e-01
4.478560054651273e-01
4.463481369988482e-01
4.423027724207190e-01
4.352979003483491e-01
4.251817104267449e-01
4.074529088253401e-01
3.936378775226892e-01
4.489203659470077e-01
5.761529352810172e-01
4.066351262829162e-01
3.990704886819025e-01
3.778116177739677e-01
3.492228955265378e-01
3.290767597864585e-01
3.154838236706231e-01
3.115327029183818e-01
3.132975939557434e-01
3.196907927732154e-01
3.288108231954949e-01
3.392936661954274e-01
3.505281486895470e-01
3.615465555922806e-01
3.723744939432749e-01
3.823986499169390e-01
3.919183275425577e-01
4.005287553647310e-01
4.086119463968054e-01
4.158467911104241e-01
4.225999801691832e-01
4.285382321573577e-01
4.339555506559303e-01
4.384237194493506e-01
4.420781088171655e-01
4.443579222767125e-01
4.449569559666032e-01
4.435461277065619e-01
4.391409759716065e-01
4.321284206008559e-01
4.434314777054558e-01
5.151045921934193e-01
6.081878835904386e-01
3.315014763250798e-01
3.396480419893155e-01
3.330503182300508e-01
3.219390497252976e-01
3.088966106410167e-01
3.013757261943391e-01
2.978131743675533e-01
2.995983464295161e-01
3.045965435209189e-01
3.122863060289737e-01
3.215076043723020e-01
3.315347784171431e-01
3.419761829005830e-01
3.522813179480835e-01
3.624923066321525e-01
3.722338199730477e-01
3.817512435476347e-01
3.907687196057625e-01
3.995981346083937e-01
4.079908787224424e-01
4.162418648631642e-01
4.240734084019030e-01
4.316811215156386e-01
4.387243293589900e-01
4.451610559160422e-01
4.506194101086861e-01
4.549971108093995e-01
4.579627501021586e-01
4.646270870218704e-01
4.951158578443120e-01
5.691138674663174e-01
6.296339832692455e-01
2.597957341600105e-01
2.831717090461470e-01
2.925500365719662e-01
2.919347086466904e-01
2.892701436638141e-01
2.858056012336208e-01
2.854494833318523e-01
2.872325965106806e-01
2.919776113530663e-01
2.985098112853289e-01
3.066289984976325e-01
3.156732191666726e-01
3.252763260636814e-01
3.352343746899541e-01
3.452406465960384e-01
3.553722257115911e-01
3.653978269254397e-01
3.755337219959163e-01
3.855906951648501e-01
3.958294691456321e-01
4.060682368460146e-01
4.165390146721730e-01
4.270393989640486e-01
4.376983737106151e-01
4.482670655230591e-01
4.588535633554267e-01
4.693227073527289e-01
4.810636249744330e-01
5.007770962140597e-01
5.436815406740526e-01
6.117888439652690e-01
6.443909470960646e-01
1.974484193735932e-01
2.330180185503010e-01
2.534320294057967e-01
2.644262081652193e-01
2.686730888956030e-01
2.713462930281057e-01
2.731923914449624e-01
2.765582002983740e-01
2.809628511788179e-01
2.870256877494978e-01
2.941472290213624e-01
3.023168142016998e-01
3.112021022183064e-01
3.206398193338088e-01
3.305619415717576e-01
3.408013193682610e-01
3.514641955026168e-01
3.624083620090610e-01
3.738322680184896e-01
3.856145133214378e-01
3.979840306424629e-01
4.108292213886464e-01
4.243619254975257e-01
4.384655445183759e-01
4.533511002749707e-01
4.690061531584755e-01
4.860617233318115e-01
5.066190472701221e-01
5.373126996221519e-01
5.865993662065466e-01
6.450978807759661e-01
6.547099308872761e-01
1.397377219126310e-01
1.871678876570423e-01
2.186767921765548e-01
2.378826206585656e-01
2.499409409074893e-01
2.569083984995245e-01
2.622710436198092e-01
2.666521192938311e-01
2.716607513413464e-01
2.771709077768162e-01
2.837179487989412e-01
2.910606043329667e-01
2.992907962047726e-01
3.082860118780937e-01
3.179906662083861e-01
3.284244335698301e-01
3.394987086325602e-01
3.513397905363640e-01
3.638674925677665e-01
3.772757173797890e-01
3.915083398230699e-01
4.067980343097069e-01
4.231201418113769e-01
4.407466963557237e-01
4.597473609079112e-01
4.806011552661304e-01
5.041046011170934e-01
5.328957091177408e-01
5.717221330681819e-01
6.232010661762603e-01
6.707823251635899e-01
6.620720165108316e-01
9.001416149856363e-02
1.469181697043531e-01
1.869419017810562e-01
2.144134881225963e-01
2.321194227851931e-01
2.440503912984109e-01
2.518763747290225e-01
2.581068399295492e-01
2.633805875521088e-01
2.689195898746129e-01
2.748375930707091e-01
2.816136577323112e-01
2.892235187620276e-01
2.977993663423749e-01
3.073431123608913e-01
3.178490920042393e-01
3.293895299109236e-01
3.419230296566406e-01
3.555947670793672e-01
3.703801055059329e-01
3.864925726487170e-01
4.039570955086164e-01
4.230631423394833e-01
4.439354945676419e-01
4.670200639858880e-01
4.927746187307909e-01
5.224400469362211e-01
5.581440270363173e-01
6.026372639554917e-01
6.534413258014350e-01
6.904854079649053e-01
6.673400532960639e-01
4.571888950975710e-02
1.114687648570442e-01
1.594926867474450e-01
1.931916404963904e-01
2.165905453190993e-01
2.321069441231888e-01
2.428603615820816e-01
2.503107477688755e-01
2.563807179761531e-01
2.617518470992881e-01
2.674039764694064e-01
2.735940737543392e-01
2.807373617390657e-01
2.889283355883007e-01
2.982968965299500e-01
3.089119011661499e-01
3.207871671706241e-01
3.340290047391239e-01
3.486344674259284e-01
3.647785970426344e-01
3.825048553805392e-01
4.020830503097895e-01
4.236613658136208e-01
4.476606635410331e-01
4.744525013536758e-01
5.048349298401880e-01
5.398682155344652e-01
5.811905335514921e-01
6.291665197316381e-01
6.778334119644611e-01
7.053700979381107e-01
6.711336509785009e-01
8.691461850568837e-03
8.143414502049282e-02
1.357089074165096e-01
1.752098882229582e-01
2.028130845565951e-01
2.219356369839071e-01
2.347312514882503e-01
2.437053368080588e-01
2.501974750961558e-01
2.557381539213077e-01
2.610278678899273e-01
2.668564753728522e-01
2.735447443016575e-01
2.814279238373633e-01
2.906524183939652e-01
3.013226918405799e-01
3.135416593564690e-01
3.273343343714578e-01
3.428392518583297e-01
3.601019048477677e-01
3.793505211577368e-01
4.007279083524742e-01
4.246110433998463e-01
4.513324775250939e-01
4.815307656608777e-01
5.159076431935066e-01
5.555233617212265e-01
6.010438768261928e-01
6.510315936388640e-01
6.968558380773096e-01
7.164373453894196e-01
6.738040270250891e-01
-2.239357051615848e-02
5.646648403580511e-02
1.162118268113666e-01
1.600552502609870e-01
1.914860771439155e-01
2.131596589956451e-01
2.279830130676123e-01
2.379213351653940e-01
2.450240728521483e-01
2.505327243069515e-01
2.556715817836424e-01
2.611158126809404e-01
2.674789345905250e-01
2.750852016768924e-01
2.841800570463064e-01
2.949219814743232e-01
3.073860937683734e-01
3.216976811402177e-01
3.379028195042768e-01
3.561846043329039e-01
3.766622490167085e-01
3.996517200319545e-01
4.254397170460568e-01
4.545657923008720e-01
4.875959644319885e-01
5.253674541398052e-01
5.685628440247885e-01
6.171675074166105e-01
6.680724250749449e-01
7.111071898010307e-01
7.243315038691377e-01
6.756308535933356e-01
-4.667218967695845e-02
3.688961357719636e-02
1.007279679125106e-01
1.482195862077968e-01
1.823371268635174e-01
2.062172982493954e-01
2.223467454595054e-01
2.332033593588918e-01
2.405901892574562e-01
2.461771214075913e-01
2.510888483152907e-01
2.562752226198046e-01
2.623408663253352e-01
2.697282908555586e-01
2.787269950175446e-01
2.894969707559431e-01
3.021925199544672e-01
3.168726797724953e-01
3.336900423557385e-01
3.527351450911191e-01
3.742585452809728e-01
3.984885581637550e-01
4.258680997389269e-01
4.568684663801293e-01
4.922046183620866e-01
5.325619433582913e-01
5.784659658865018e-01
6.291208509452150e-01
6.803831404131294e-01
7.209984964091202e-01
7.295947676544123e-01
6.767593923606366e-01
-6.459469519053376e-02
2.256340575992335e-02
8.956570862571139e-02
1.395307090233978e-01
1.756924047663646e-01
2.009325343510771e-01
2.180482957225902e-01
2.293674709415361e-01
2.369731705982267e-01
2.424895646529401e-01
2.472329402251514e-01
2.521758707223434e-01
2.580077875797489e-01
2.652303678548175e-01
2.741292470570902e-01
2.849438578239817e-01
2.977691100296946e-01
3.127574237398519e-01
3.299776353745769e-01
3.496255137936556e-01
3.718672502904408e-01
3.970485195064939e-01
4.255423190418237e-01
4.579423406415564e-01
4.948850324629536e-01
5.370860561363371e-01
5.847681946655816e-01
6.367219441253507e-01
6.880087980263720e-01
7.269248305699838e-01
7.325356779222381e-01
6.773147910456985e-01
-7.602430511629522e-02
1.366707385868278e-02
8.264638457301626e-02
1.341952830035992e-01
1.714615373158385e-01
1.974631337209550e-01
2.149880626970593e-01
2.264778035421451e-01
2.340679230727263e-01
2.394425357186921e-01
2.440057656864798e-01
2.487278169578346e-01
2.543984478825240e-01
2.614670142637679e-01
2.703206073833441e-01
2.811179094369442e-01
2.940527684522430e-01
3.091879353474429e-01
3.266879409596397e-01
3.466635184896872e-01
3.693738630084439e-01
3.950923752874692e-01
4.242821290298277e-01
4.574747474055104e-01
4.953716269423530e-01
5.385771002380534e-01
5.872333784619717e-01
6.398064311494686e-01
6.910652641894018e-01
7.290958932355946e-01
7.333922945229145e-01
6.773470557316058e-01
-8.066676764908264e-02
1.018918266807583e-02
8.008373895152053e-02
1.322040539110050e-01
1.697138750115326e-01
1.957888723403051e-01
2.131738182318249e-01
2.245078882161524e-01
2.318272633472727e-01
2.370107558867726e-01
2.413249001399531e-01
2.459121485409348e-01
2.514132398310350e-01
2.584242798725084e-01
2.671934952698982e-01
2.780031544914979e-01
2.909290187826067e-01
3.061366421683918e-01
3.236950907180633e-01
3.437989644080027e-01
3.666319075360996e-01
3.925337201214420e-01
4.219064980893618e-01
4.553291819343660e-01
4.934444731373326e-01
5.368725266947764e-01
5.856808668836814e-01
6.383308179749423e-01
6.895766674299438e-01
7.276525974586093e-01
7.322488930466635e-01
6.768935373087154e-01
-7.902560739613353e-02
1.221989450092184e-02
8.194443972023571e-02
1.335461370664461e-01
1.705067356157489e-01
1.958325464900738e-01
2.126559599919498e-01
2.233494656424588e-01
2.303033904980956e-01
2.350850004370490e-01
2.392457851664876e-01
2.436320095274501e-01
2.491046271372354e-01
2.560181280195728e-01
2.647895595030973e-01
2.755238800853099e-01
2.884233763270570e-01
3.035312553178334e-01
3.210059581155728e-01
3.409586418759807e-01
3.636284534275074e-01
3.892943533863403e-01
4.183822481744381e-01
4.514207074255251e-01
4.890560767401390e-01
5.318931652903096e-01
5.800764004106265e-01
6.322550134410609e-01
6.835478529588177e-01
7.225867985635641e-01
7.291119590184165e-01
6.759466092090576e-01
-7.006054920658675e-02
1.986428396063025e-02
8.817376922991253e-02
1.383593933008670e-01
1.736693752731166e-01
1.977224909921708e-01
2.132269176455019e-01
2.231334822773535e-01
2.293180102500162e-01
2.338024621060199e-01
2.376432110441988e-01
2.420187520255105e-01
2.473930862347549e-01
2.543597305416426e-01
2.630594137877823e-01
2.737648873363443e-01
2.865053920226162e-01
3.014328034585266e-01
3.186043554417431e-01
3.381880039520326e-01
3.603625106764679e-01
3.854161905288903e-01
4.137302517210726e-01
4.458034215888033e-01
4.822576998817793e-01
5.237081827513145e-01
5.704705003872180e-01
6.215887223970400e-01
6.729158562982798e-01
7.137794115590108e-01
7.238780765059375e-01
6.744726592849395e-01
-5.494601342546958e-02
3.312813406067567e-02
9.899471562111088e-02
1.463966823948010e-01
1.794171173540434e-01
2.011223580129599e-01
2.150999274030700e-01
2.235636707414957e-01
2.290951641411890e-01
2.329675368247815e-01
2.367382509368328e-01
2.409706178348809e-01
2.464721615696277e-01
2.534105178405989e-01
2.621562644160578e-01
2.727263591490042e-01
2.852915936937061e-01
2.998692566764817e-01
3.165848510203332e-01
3.355434050091716e-01
3.569281451424943e-01
3.809950274873700e-01
4.080722293067976e-01
4.386327281980708e-01
4.732228447262424e-01
5.125211666282670e-01
5.570150805162289e-01
6.063991925922898e-01
6.575578358202534e-01
7.010014336045582e-01
7.163216339613980e-01
6.724078256347544e-01
-3.177325434116402e-02
5.226823418969142e-02
1.141374432449797e-01
1.579803986587207e-01
1.872719281587141e-01
2.063403739339472e-01
2.178063730486958e-01
2.249579339095309e-01
2.293128893180101e-01
2.329018169884887e-01
2.363692379713236e-01
2.407777536775099e-01
2.462935560734678e-01
2.534041270984724e-01
2.620993618194927e-01
2.725856329040642e-01
2.848442344574237e-01
2.989804172150169e-01
3.150474120768916e-01
3.331556811942398e-01
3.534729859072550e-01
3.761892109090116e-01
4.016288705865867e-01
4.301392318332912e-01
4.622727994509859e-01
4.986359938400465e-01
5.400247538238838e-01
5.867927205625386e-01
6.373621096297241e-01
6.838644593746677e-01
7.061192543681627e-01
6.696307637609246e-01
-2.545501611135473e-03
7.715690115008583e-02
1.340572004245873e-01
1.725091486725838e-01
1.976676267339302e-01
2.126783194273983e-01
2.217733615436784e-01
2.267924740239321e-01
2.304072878028970e-01
2.333297277262911e-01
2.369403318476973e-01
2.413537100811960e-01
2.471870596315744e-01
2.543658238985775e-01
2.631360581462953e-01
2.734318178134345e-01
2.853490237179891e-01
2.989017048291935e-01
3.141509305863475e-01
3.312105438246972e-01
3.501713513566750e-01
3.712574809681430e-01
3.946426054972972e-01
4.206975112928789e-01
4.497757997845411e-01
4.825567096096710e-01
5.199006770037353e-01
5.630637742000693e-01
6.121695928361175e-01
6.619200068654877e-01
6.927370397949084e-01
6.659869072029416e-01
3.580956041407481e-02
1.083128466934062e-01
1.581079411710923e-01
1.906006924505309e-01
2.096258167532762e-01
2.207069451319727e-01
2.261706562363321e-01
2.296402417396347e-01
2.319081677303268e-01
2.347935613984747e-01
2.382858396294100e-01
2.431460201804845e-01
2.491680983151181e-01
2.566267016793939e-01
2.653770805618809e-01
2.755010521717819e-01
2.869736863631088e-01
2.998161654124062e-01
3.141136747936478e-01
3.298861888776409e-01
3.473074422184117e-01
3.664280821131592e-01
3.875022871964229e-01
4.106563806861742e-01
4.362899924108555e-01
4.648177922285016e-01
4.973216690138570e-01
5.355979192985613e-01
5.820029736634896e-01
6.345268065978784e-01
6.755169243854022e-01
6.612014276947366e-01
8.010291802631675e-02
1.453208524914435e-01
1.871747490355022e-01
2.109818934768691e-01
2.239347850171881e-01
2.291424256676690e-01
2.317475003586087e-01
2.327080524852089e-01
2.345325327037668e-01
2.369852507871917e-01
2.410027317762661e-01
2.461399239197782e-01
2.526715482450593e-01
2.603165961577480e-01
2.691172063391396e-01
2.789954842490168e-01
2.899244854425396e-01
3.019761651740798e-01
3.151106566859999e-01
3.294910056461234e-01
3.450822384348664e-01
3.620935872038155e-01
3.805018219415423e-01
4.005514926118394e-01
4.222979159449791e-01
4.462021820263101e-01
4.730244825292000e-01
5.051815945738829e-01
5.469603938916939e-01
6.011022549685997e-01
6.534436393970176e-01
6.549217057820715e-01
1.352032739822176e-01
1.892625728257032e-01
2.197872851393541e-01
2.348096778455789e-01
2.386578139926807e-01
2.389848762054420e-01
2.371687856853072e-01
2.369457521661084e-01
2.377245455933596e-01
2.407004586998345e-01
2.450184148945033e-01
2.509038911946520e-01
2.578488084062781e-01
2.658012985785053e-01
2.746022833088852e-01
2.841453945001642e-01
2.944965497438757e-01
3.055479279259927e-01
3.174817810670786e-01
3.301914210007336e-01
3.438973150446864e-01
3.584824196237014e-01
3.741471263630998e-01
3.907535729562010e-01
4.084984498499776e-01
4.273763766503849e-01
4.481027721875579e-01
4.727820724834370e-01
5.076740161602954e-01
5.609594970790138e-01
6.253065505750736e-01
6.465340377295958e-01
1.959867356039768e-01
2.389764782223354e-01
2.577434791045907e-01
2.592722001961689e-01
2.552007388538982e-01
2.479596339356809e-01
2.437118724567486e-01
2.413553144165595e-01
2.425585585960283e-01
2.457680540531713e-01
2.510804442096766e-01
2.576238529835887e-01
2.651540721981731e-01
2.733921282817737e-01
2.820880207447686e-01
2.913065650391037e-01
3.008412919337842e-01
3.109174190643950e-01
3.213507907513627e-01
3.324137869447294e-01
3.439124694188326e-01
3.560855517774201e-01
3.686978683182729e-01
3.818800659590330e-01
3.953478482318173e-01
4.092338703715762e-01
4.235405999596333e-01
4.399750938111420e-01
4.651871720487523e-01
5.138608745015537e-01
5.893488095844406e-01
6.351771793751082e-01
2.705981571370840e-01
2.970122983229985e-01
2.973028694160005e-01
2.865426743149254e-01
2.695968652346175e-01
2.578299148371419e-01
2.495359492422353e-01
2.474252954273285e-01
2.486987175929151e-01
2.531854883001941e-01
2.594452634405783e-01
2.668655706015197e-01
2.750102199904677e-01
2.833699404466348e-01
2.920247754233922e-01
3.006069925228425e-01
3.094131609322108e-01
3.181559231697040e-01
3.271891748439538e-01
3.362411335956066e-01
3.456349164902919e-01
3.550570097455572e-01
3.647196722221887e-01
3.742256772320220e-01
3.835613729854864e-01
3.923190819506486e-01
4.005425796756169e-01
4.084239576839482e-01
4.216810054512585e-01
4.600319140022568e-01
5.436022488824708e-01
6.193529791140112e-01
3.503655186794850e-01
3.597228531636681e-01
3.423099680354042e-01
3.095557977047241e-01
2.843789041934622e-01
2.649775632870079e-01
2.567860049732505e-01
2.545379639473725e-01
2.575033005690220e-01
2.633682797853296e-01
2.708183872994478e-01
2.792581219605167e-01
2.877167552055352e-01
2.963438641257712e-01
3.045012234216774e-01
3.126069318993192e-01
3.202172875576336e-01
3.278020110781962e-01
3.349955115438124e-01
3.422231437210534e-01
3.491068037470544e-01
3.559763237749187e-01
3.623539246099800e-01
3.683989708399456e-01
3.734834993196248e-01
3.773865385731222e-01
3.797543842564293e-01
3.801215610369965e-01
3.801904612460601e-01
4.014230461172027e-01
4.856278675143162e-01
5.967373293933792e-01
4.510799309401919e-01
4.342081646462089e-01
3.804192228992918e-01
3.322407298281063e-01
2.916319802219629e-01
2.726667960548264e-01
2.643547490580141e-01
2.645809467348529e-01
2.697664600836461e-01
2.771865505897447e-01
2.862300101691442e-01
2.950973341117875e-01
3.041624838737654e-01
3.123323354848124e-01
3.202498989823555e-01
3.272204999443634e-01
3.338918825926613e-01
3.397584929792267e-01
3.453765265913477e-01
3.502952974219180e-01
3.549494997926482e-01
3.588321948845205e-01
3.622498627565969e-01
3.644934077325995e-01
3.657203601927199e-01
3.648781543836770e-01
3.617151706508902e-01
3.561041622644743e-01
3.450471138057402e-01
3.424210046216722e-01
4.137464158514060e-01
5.631782131686771e-01
5.574177627334420e-01
5.029754503089879e-01
4.191543798000901e-01
3.343321574429572e-01
2.966965714845974e-01
2.790126990649593e-01
2.748941831638028e-01
2.792975729107374e-01
2.865175088053107e-01
2.964772669346051e-01
3.059172200482752e-01
3.157743652107002e-01
3.242416151282831e-01
3.323538949568175e-01
3.390525653478078e-01
3.452400279498753e-01
3.502197855206500e-01
3.547083668645397e-01
3.581632307913625e-01
3.611136670238099e-01
3.630438858701772e-01
3.643130903807342e-01
3.643040871273732e-01
3.632547444058166e-01
3.601861923014502e-01
3.554199035207091e-01
3.469600151933233e-01
3.358761100764583e-01
3.197651054113882e-01
2.924885230811309e-01
3.284963127496966e-01
5.117631089008131e-01
7.139421010688664e-01
5.853005238299733e-01
3.961704192251734e-01
3.247663955215878e-01
2.975280888767600e-01
2.874995482615698e-01
2.928018288585397e-01
2.996895041874763e-01
3.113166057928225e-01
3.212605795388779e-01
3.322083061042069e-01
3.409493441019530e-01
3.494632346736062e-01
3.559827876183155e-01
3.619532117565210e-01
3.662777148334900e-01
3.700055054079788e-01
3.723512357428302e-01
3.740561920598289e-01
3.744685096880927e-01
3.740740572129527e-01
3.722524590385188e-01
3.692641022757591e-01
3.644156554795114e-01
3.578082318236365e-01
3.483649774115820e-01
3.365667751157599e-01
3.191849480615150e-01
3.016307708424006e-01
2.662379404540660e-01
2.412711295522232e-01
4.290113040605907e-01
9.158521544719479e-01
4.301458664076809e-01
3.330436871999549e-01
3.060708684693712e-01
2.997229940299087e-01
3.092378731464848e-01
3.190909086335763e-01
3.326407737206473e-01
3.439177371720373e-01
3.554015950645428e-01
3.644939108348252e-01
3.728449099609241e-01
3.791701117135547e-01
3.845939992623910e-01
3.883753659772881e-01
3.912845700156159e-01
3.928024175551635e-01
3.934373526094649e-01
3.927469413692465e-01
3.910278980696476e-01
3.878456087032077e-01
3.833079634420093e-01
3.769576204674300e-01
3.687197030714328e-01
3.581057335890931e-01
3.449109645838411e-01
3.285061696423206e-01
3.092576651162632e-01
2.841171471663822e-01
2.642089635372034e-01
1.950881562419821e-01
3.008947025195177e-01

SCALARS von_mises double 1
LOOKUP_TABLE default
2.103924884701758e+00
1.438165320034830e+00
1.266905961924510e+00
1.236859395315345e+00
1.258486286297609e+00
1.301751528572938e+00
1.357917997730566e+00
1.411973223574185e+00
1.467051923926006e+00
1.514301269922768e+00
1.558604511336854e+00
1.594304860954870e+00
1.626100687367029e+00
1.649983204620677e+00
1.670013723470322e+00
1.683000352517426e+00
1.692255273739746e+00
1.694940767247758e+00
1.693602991980537e+00
1.685481299591871e+00
1.672363941530136e+00
1.651373663799308e+00
1.623551421145818e+00
1.585756062954217e+00
1.538299967926289e+00
1.477835263870887e+00
1.403858172768874e+00
1.314353823862034e+00
1.205233259268849e+00
1.089780251193874e+00
9.168656726516977e-01
7.593283080425679e-01
1.549885480509720e+00
1.544636601864961e+00
1.333770893196072e+00
1.317616419003825e+00
1.296345418432997e+00
1.326390197542812e+00
1.346773553576098e+00
1.387930339745234e+00
1.417341606626398e+00
1.456086196839580e+00
1.483076318988105e+00
1.514321020802016e+00
1.534689167396595e+00
1.556946005851233e+00
1.569411001107709e+00
1.582500074784940e+00
1.586645871248976e+00
1.590407784505746e+00
1.585548458500846e+00
1.579075424591688e+00
1.563568200304655e+00
1.544698946116065e+00
1.515454812074979e+00
1.480380532593526e+00
1.432455275220864e+00
1.375396220575914e+00
1.301745281014771e+00
1.214547450424397e+00
1.105533885557614e+00
9.759077902147755e-01
7.626033939390311e-01
8.245292701640418e-01
1.457107679523966e+00
1.322919990706017e+00
1.358446619232864e+00
1.290830672082897e+00
1.314752586809756e+00
1.304845013151094e+00
1.334395119540641e+00
1.343073407223919e+00
1.373684016125031e+00
1.387861084033043e+00
1.415453897625834e+00
1.428886027964183e+00
1.450959759141218e+00
1.460480330018118e+00
1.475757787933030e+00
1.479707052800080e+00
1.487409995857753e+00
1.484562170409131e+00
1.483717470414588e+00
1.472510179819386e+00
1.461394937297410e+00
1.439353182028482e+00
1.415029629992927e+00
1.378260036491712e+00
1.336099712509295e+00
1.278704256153325e+00
1.211737614739387e+00
1.124209537098180e+00
1.022638727387873e+00
8.745319917731155e-01
7.448655991294461e-01
9.393684832767624e-01
1.245886207949443e+00
1.286322912367162e+00
1.233004061640195e+00
1.282309703278858e+00
1.259200143935929e+00
1.289458749196289e+00
1.282314874427359e+00
1.306953540244951e+00
1.307690497893844e+00
1.330111022341621e+00
1.334333950747894e+00
1.353999340189489e+00
1.358327930890518e+00
1.373872331122592e+00
1.375843544565548e+00
1.386004187703506e+00
1.383774631589398e+00
1.387327478476233e+00
1.379164277239741e+00
1.374553162554268e+00
1.358314688163753e+00
1.343227438986258e+00
1.315868895700441e+00
1.286771593608264e+00
1.243772799503444e+00
1.195278817997504e+00
1.129591184753202e+00
1.053482841462998e+00
9.531859867704978e-01
8.327778806117715e-01
8.176565251869997e-01
1.019685712659926e+00
1.188662398867736e+00
1.127379848153411e+00
1.196564274522290e+00
1.182895775104099e+00
1.229983041475141e+00
1.218847737909335e+00
1.245189786046830e+00
1.236502496176187e+00
1.255300452838937e+00
1.250266921007956e+00
1.266482886976466e+00
1.264137956665810e+00
1.278271701577182e+00
1.276593551437895e+00
1.287634639376208e+00
1.284534920630594e+00
1.291117502706013e+00
1.284649181018753e+00
1.285229337368661e+00
1.273372777013281e+00
1.266021638974588e+00
1.246324806057880e+00
1.228375757919091e+00
1.197513399897343e+00
1.165072135529725e+00
1.118258008172572e+00
1.065499013286184e+00
9.967235315025266e-01
9.156729656999835e-01
8.498805938276984e-01
9.094964488899261e-01
1.073356837730911e+00
1.027444111517650e+00
1.079716950750309e+00
1.069995343011901e+00
1.138463581647810e+00
1.136046519268757e+00
1.174214476952906e+00
1.164094800504736e+00
1.184176878423769e+00
1.172795144690207e+00
1.186491525809915e+00
1.177506709942092e+00
1.189345164042847e+00
1.182920512633493e+00
1.193439102450828e+00
1.188113673194532e+00
1.196309846281887e+00
1.190185093809011e+00
1.194580326847755e+00
1.185696193509866e+00
1.184583567606231e+00
1.170858804989442e+00
1.162184785798148e+00
1.141172896797245e+00
1.122253477011347e+00
1.090835582520062e+00
1.058053877533268e+00
1.012798910227390e+00
9.633126691028845e-01
9.102182777652337e-01
9.026717732760390e-01
9.935106033708226e-01
1.108488448190901e+00
9.731350159865044e-01
9.406150379904672e-01
1.017604672259465e+00
1.025761891404805e+00
1.082256308708380e+00
1.079366218890969e+00
1.107602893384784e+00
1.095320856193825e+00
1.109655445629646e+00
1.096005106525194e+00
1.105985427916452e+00
1.094748727415436e+00
1.103894129049461e+00
1.095407103554853e+00
1.103946121474830e+00
1.096947369814246e+00
1.103789996813113e+00
1.096530124230946e+00
1.100177191644411e+00
1.090833745504663e+00
1.089640088106401e+00
1.076358482122022e+00
1.068503922698776e+00
1.049317947610503e+00
1.032779743430300e+00
1.005933531065651e+00
9.799376468364375e-01
9.484817013810096e-01
9.336213611683992e-01
9.667384595452310e-01
1.063492605223617e+00
1.131544129607468e+00
8.295127574428728e-01
8.860491731633385e-01
8.928502360305010e-01
9.659857537857677e-01
9.746692495253046e-01
1.017125517575900e+00
1.010229604614413e+00
1.029958374886252e+00
1.015373378984235e+00
1.025473453240292e+00
1.010683670795646e+00
1.018509606899959e+00
1.006649896488342e+00
1.014652454781415e+00
1.005889353069932e+00
1.013942114653212e+00
1.007113240428637e+00
1.014101968757747e+00
1.007689321641347e+00
1.012282899532075e+00
1.004835281577644e+00
1.005777905720649e+00
9.960773627683358e-01
9.923692640107383e-01
9.797747249492652e-01
9.716547753130820e-01
9.586417842261565e-01
9.553039386228048e-01
9.707662210226514e-01
1.031327252727738e+00
1.119202572366637e+00
1.146418593403335e+00
7.754140048519849e-01
7.536761995485916e-01
8.313716120238676e-01
8.486788660578384e-01
9.079778240914903e-01
9.111934721897161e-01
9.413193811183318e-01
9.304246030574519e-01
9.439012124059113e-01
9.280923002631224e-01
9.357410463610664e-01
9.212335626772483e-01
9.284511503802416e-01
9.175658642054167e-01
9.258826906796851e-01
9.185731107782966e-01
9.276226163031368e-01
9.228876219986942e-01
9.317050463783259e-01
9.284395615560718e-01
9.361419283495206e-01
9.335913389347461e-01
9.397753104205785e-01
9.379576928389506e-01
9.434201633845504e-01
9.445951525674201e-01
9.547914432274046e-01
9.723427510049992e-01
1.016035322131933e+00
1.088706627516429e+00
1.162869882301201e+00
1.156098189779015e+00
6.409420409675040e-01
6.941371952416251e-01
7.068007778304735e-01
7.802887971467266e-01
7.948908111947849e-01
8.392364060745642e-01
8.363351877647589e-01
8.570536352845746e-01
8.436147381943817e-01
8.532283714890095e-01
8.377555106214722e-01
8.447137311925612e-01
8.320380103326552e-01
8.401210362147252e-01
8.318401252092859e-01
8.419038363372133e-01
8.378704116373987e-01
8.495156374759151e-01
8.490496877879753e-01
8.617072266253447e-01
8.643621688992980e-01
8.779463512689553e-01
8.840646022540162e-01
8.996209061935332e-01
9.112871522695249e-01
9.327554230605978e-01
9.574653497312140e-01
9.992246088114103e-01
1.059574390169604e+00
1.138206319964229e+00
1.196500813804810e+00
1.162215532909670e+00
5.875139601746352e-01
5.641565762645814e-01
6.396119752084167e-01
6.614736090651475e-01
7.216448203433996e-01
7.296850350548211e-01
7.613734497457264e-01
7.539434166022272e-01
7.683364108578283e-01
7.543561799528874e-01
7.623378817259420e-01
7.489465218378458e-01
7.568441469485978e-01
7.476389182783922e-01
7.579954844399613e-01
7.540557259320477e-01
7.673427105321001e-01
7.686016715712357e-01
7.846338414923519e-01
7.909236326363949e-01
8.097924290021947e-01
8.215735353315757e-01
8.443498351650566e-01
8.634738852657271e-01
8.932771514025188e-01
9.247255029644554e-01
9.698274333678958e-01
1.026137773610770e+00
1.100437258515965e+00
1.178234375017683e+00
1.222146832539312e+00
1.166220313693737e+00
4.594046188877564e-01
5.014080838381448e-01
5.153783789233639e-01
5.890485077196093e-01
6.087482619173389e-01
6.545213622706684e-01
6.565124445362988e-01
6.787962171671676e-01
6.692749482714390e-01
6.801575857439141e-01
6.678149631987211e-01
6.761171776497610e-01
6.666345858612530e-01
6.769335724306283e-01
6.729292306086238e-01
6.869096739982037e-01
6.891742110328117e-01
7.072067011984451e-01
7.159249766609155e-01
7.382600110251596e-01
7.539235948805741e-01
7.815284987584633e-01
8.056867843060893e-01
8.410729738176578e-01
8.773710241956341e-01
9.260744221644768e-01
9.821780400123592e-01
1.053648085120456e+00
1.134132658379652e+00
1.210200019112114e+00
1.241238532843591e+00
1.168807442762100e+00
4.079257772048754e-01
3.720024387819005e-01
4.455955652172243e-01
4.732573121411042e-01
5.353063673377018e-01
5.497495571067942e-01
5.831566704313690e-01
5.814391121229927e-01
5.974964994172129e-01
5.885795904088023e-01
5.983110559726413e-01
5.898072001806630e-01
6.000338980293416e-01
5.963074733654463e-01
6.102510326142518e-01
6.131965283641302e-01
6.320167636255219e-01
6.423138199218104e-01
6.665007968790534e-01
6.846847847144313e-01
7.150691269330433e-01
7.423622996851582e-01
7.809169450624197e-01
8.200536519126446e-01
8.708354892981837e-01
9.271080012726596e-01
9.968567022474368e-01
1.075784382131146e+00
1.161689001542074e+00
1.233908149093297e+00
1.255040403144596e+00
1.170694077715558e+00
2.879958463549804e-01
3.074090369547902e-01
3.249889806807306e-01
4.032267745474952e-01
4.327890810422532e-01
4.808433003517599e-01
4.908996504701719e-01
5.147161237127669e-01
5.122730887363666e-01
5.247388296982721e-01
5.190882062488582e-01
5.294364475173362e-01
5.268453634092812e-01
5.401388742119831e-01
5.438429445851144e-01
5.622983397373514e-01
5.736545638771084e-01
5.981554413794633e-01
6.178338857057376e-01
6.491265127422094e-01
6.780657815149900e-01
7.176429612576547e-01
7.578607302340358e-01
8.087649109209791e-01
8.641733867363263e-01
9.315755031676645e-01
1.007368220217196e+00
1.093837247591898e+00
1.181105171810079e+00
1.250676717865159e+00
1.264310949963383e+00
1.172182181807153e+00
2.426039873858489e-01
1.778281622579345e-01
2.585813804621491e-01
3.048093232206819e-01
3.718545222819025e-01
3.991183712401740e-01
4.336551912211946e-01
4.417426402161165e-01
4.583893831280206e-01
4.581654634947549e-01
4.688517486396439e-01
4.687505967410434e-01
4.807155086153076e-01
4.856037121653015e-01
5.024273995381112e-01
5.145729823176742e-01
5.377488601163680e-01
5.581177729839594e-01
5.884328796459989e-01
6.177971247233267e-01
6.563567257977238e-01
6.961737050949391e-01
7.452138992869332e-01
7.984113470158768e-01
8.619667705154253e-01
9.331426328893780e-01
1.015531752916636e+00
1.104682760222920e+00
1.193541626431121e+00
1.260477294468104e+00
1.269748202474887e+00
1.173567955750310e+00
1.544322343177641e-01
1.125840175495111e-01
1.645135266156342e-01
2.565574187241543e-01
3.096118479318581e-01
3.580145803613796e-01
3.821733172595974e-01
4.044135384645409e-01
4.129700336628009e-01
4.240867294479486e-01
4.282421189310110e-01
4.379833844738383e-01
4.446793492712166e-01
4.583299119775711e-01
4.710811609218228e-01
4.910252132216849e-01
5.113391484719759e-01
5.385987132055675e-01
5.672682148960808e-01
6.026984904729943e-01
6.407980271900128e-01
6.859769449926414e-01
7.356694190399722e-01
7.936385481954976e-01
8.587566719870547e-01
9.339715133969670e-01
1.018026152683776e+00
1.109381219755532e+00
1.198095952769925e+00
1.264111236487449e+00
1.271585027439887e+00
1.174981855101576e+00
1.406445293952364e-01
3.129243525701546e-02
1.390281484149035e-01
2.310217566252077e-01
2.939735731868311e-01
3.407149549707228e-01
3.694198228489631e-01
3.905281988789245e-01
4.021148319685069e-01
4.124320908399633e-01
4.190279028579665e-01
4.281200544790988e-01
4.369396255742136e-01
4.500058772964829e-01
4.646300336292425e-01
4.840482598029842e-01
5.059944195845214e-01
5.328185725309633e-01
5.628840453613054e-01
5.979998349787441e-01
6.372640764280304e-01
6.822522641890902e-01
7.328708552382667e-01
7.907256331990414e-01
8.564792954612513e-01
9.315171207632895e-01
1.015788403199706e+00
1.106745444565543e+00
1.195403500076298e+00
1.261430509354844e+00
1.270136669456062e+00
1.176417554056141e+00
1.834354083115286e-01
8.796031851761668e-02
1.880589829055153e-01
2.513769213083256e-01
3.238609148399572e-01
3.582857888818894e-01
3.949642819270668e-01
4.074039960847877e-01
4.255407631056600e-01
4.287574009864287e-01
4.406889396107241e-01
4.436366041976303e-01
4.566248765057532e-01
4.642827858615005e-01
4.819191142307511e-01
4.965719539020808e-01
5.204205925645532e-01
5.430487623593312e-01
5.739906242174283e-01
6.053793997584472e-01
6.445783483205262e-01
6.861647730016983e-01
7.358257989951270e-01
7.904251274736046e-01
8.543742084291006e-01
9.262549349422947e-01
1.008326377485239e+00
1.097117762851142e+00
1.185186875387449e+00
1.252668873017650e+00
1.265197280033542e+00
1.177914631652509e+00
2.214588354327619e-01
2.225957906754995e-01
2.442008329724336e-01
3.333526542859072e-01
3.699558752620507e-01
4.234872964028906e-01
4.378244069622332e-01
4.652568388347144e-01
4.661423590143385e-01
4.815094432752020e-01
4.788869362523852e-01
4.916566255485315e-01
4.919305648422703e-01
5.072069966936557e-01
5.136179091559765e-01
5.337019703934752e-01
5.476200899658653e-01
5.735386413202489e-01
5.956607440791615e-01
6.282927048092679e-01
6.595502528219644e-01
7.004294391201590e-01
7.427315982073918e-01
7.947548907609487e-01
8.516765992151262e-01
9.194927338411397e-01
9.954783985218325e-01
1.080949136156003e+00
1.167393586340453e+00
1.237512500138596e+00
1.256761589623179e+00
1.179196733452679e+00
3.388836785671028e-01
2.860788015292327e-01
3.667967977987827e-01
3.978393107290032e-01
4.677026490050917e-01
4.852100558589192e-01
5.238034483689913e-01
5.244569266860569e-01
5.445149348376673e-01
5.378462753197349e-01
5.509023135950707e-01
5.446701044164307e-01
5.576498594402584e-01
5.561904310293287e-01
5.723840922433846e-01
5.775806475063909e-01
5.982973404167780e-01
6.108691265546750e-01
6.367875172386357e-01
6.573061463794114e-01
6.893901545757202e-01
7.190276605120567e-01
7.592228120420632e-01
8.004670918950595e-01
8.524856838917781e-01
9.099607469940431e-01
9.796051370066243e-01
1.057814362364842e+00
1.142367384229912e+00
1.215622075383797e+00
1.244190121085713e+00
1.180212534746871e+00
3.863505482494045e-01
4.255824245241956e-01
4.361199706216612e-01
5.188278105470778e-01
5.396533808717228e-01
5.918828955521326e-01
5.947962286263185e-01
6.217351477681320e-01
6.131701653289483e-01
6.277876031930073e-01
6.166423494075376e-01
6.280412363018404e-01
6.199512772529759e-01
6.327773415176636e-01
6.302859127365459e-01
6.463332565454079e-01
6.502372597019178e-01
6.700686734210016e-01
6.806147203929371e-01
7.046813312982209e-01
7.223911893979735e-01
7.517597801974910e-01
7.780698892086000e-01
8.151194382427926e-01
8.532646992551814e-01
9.029400645987062e-01
9.595535274406151e-01
1.030095654188891e+00
1.109473826156582e+00
1.186570375137479e+00
1.227096871666998e+00
1.180389024019185e+00
5.229137376945366e-01
4.877023410114317e-01
5.724483800293260e-01
5.930899280953589e-01
6.613228766672626e-01
6.686787484471711e-01
7.056125765150985e-01
6.975104306848164e-01
7.157063661955880e-01
7.014636639701841e-01
7.125050415585334e-01
6.993041487271591e-01
7.096957857359579e-01
7.009974407929149e-01
7.133476467704429e-01
7.101472781181177e-01
7.250681052674394e-01
7.273196336642662e-01
7.448317924054648e-01
7.524308430281568e-01
7.728063691998015e-01
7.862152771732440e-01
8.105633713509297e-01
8.314472177723554e-01
8.626491495432314e-01
8.954510933480067e-01
9.409854638113502e-01
9.969953805050366e-01
1.070134212830143e+00
1.149473141988301e+00
1.204330547131606e+00
1.179503053080169e+00
5.716322276561171e-01
6.333245870328731e-01
6.420968307576602e-01
7.263822871421908e-01
7.389320073300794e-01
7.896535424651863e-01
7.843250407003931e-01
8.088366220570422e-01
7.933357089533207e-01
8.056637380643311e-01
7.888504778492550e-01
7.979704726318351e-01
7.845602582707766e-01
7.943436229017707e-01
7.857401611617788e-01
7.971111358397888e-01
7.930835430597584e-01
8.057962336745237e-01
8.056848014114140e-01
8.193603543721593e-01
8.227591539841035e-01
8.374432904407472e-01
8.446468652515765e-01
8.613493691820949e-01
8.742054555184863e-01
8.966067562056845e-01
9.221058543993838e-01
9.637838068345074e-01
1.023708384641750e+00
1.104062078111425e+00
1.174933926413137e+00
1.176573473563954e+00
7.219017553714554e-01
6.928383106867877e-01
7.857791341390721e-01
8.003675637677216e-01
8.686136968620338e-01
8.678739902618633e-01
9.021448190540391e-01
8.871433498323097e-01
9.028102452396766e-01
8.837766199278086e-01
8.929604937084629e-01
8.762008800172175e-01
8.845837913739824e-01
8.721471354423228e-01
8.812856531389114e-01
8.729056587897328e-01
8.825069179428333e-01
8.771007167906936e-01
8.863442763019280e-01
8.828086765733987e-01
8.909584259935714e-01
8.885329124339667e-01
8.952450860082428e-01
8.938407837614212e-01
8.998235138581714e-01
9.015223389071891e-01
9.122030521726754e-01
9.302497074205619e-01
9.740743872041002e-01
1.049267194487385e+00
1.137092910554116e+00
1.170981709758683e+00
7.707094290999911e-01
8.476954349410336e-01
8.519878589160540e-01
9.393142428981223e-01
9.433176388210378e-01
9.913800961399285e-01
9.783053353347948e-01
9.997660014036088e-01
9.797298819393633e-01
9.904784584370913e-01
9.715955222710736e-01
9.797778938645750e-01
9.649208922870872e-01
9.730591917922331e-01
9.620370225392875e-01
9.700071407700190e-01
9.614438209127046e-01
9.682045145003193e-01
9.604956446351931e-01
9.648262881842774e-01
9.564854491755410e-01
9.572106708596065e-01
9.469510161999862e-01
9.430526431985795e-01
9.300859644228897e-01
9.217513194597642e-01
9.087225815311536e-01
9.058493445698437e-01
9.223949285997404e-01
9.861538144864289e-01
1.089013123103501e+00
1.161031429823964e+00
9.386115143968609e-01
9.032398870210473e-01
1.003334678731146e+00
1.007633177260281e+00
1.073571418162672e+00
1.062824717563822e+00
1.092854286794156e+00
1.072635888146148e+00
1.086568277403841e+00
1.066648201407045e+00
1.075889253249504e+00
1.059949713297331e+00
1.068294704491229e+00
1.056197610764696e+00
1.063846854785794e+00
1.053979353926174e+00
1.059848200260646e+00
1.050265829220040e+00
1.052906476027073e+00
1.041680825212423e+00
1.039501340875285e+00
1.024692736689750e+00
1.015878147943593e+00
9.953913431906908e-01
9.778491886310298e-01
9.498060816379278e-01
9.229719611282912e-01
8.915314556661694e-01
8.781364916474389e-01
9.155339285754025e-01
1.028245889520506e+00
1.145146422658626e+00
9.881513643923407e-01
1.073777416902054e+00
1.062679103900318e+00
1.148743364409482e+00
1.137900849571653e+00
1.179285465638401e+00
1.158672138071341e+00
1.177329709121305e+00
1.157221038145917e+00
1.168823287921161e+00
1.153171723755841e+00
1.162989976270019e+00
1.151406724321487e+00
1.159993810290428e+00
1.150542831822050e+00
1.156864440123355e+00
1.147349312215925e+00
1.149923273699289e+00
1.138192840817671e+00
1.135312508634485e+00
1.119145043309629e+00
1.108742761036503e+00
1.085563421968017e+00
1.064906233289013e+00
1.031449500174758e+00
9.968761016042503e-01
9.497428870298672e-01
8.993631949567555e-01
8.474828131117869e-01
8.446663189216932e-01
9.525956219070715e-01
1.120078099796102e+00
1.185698197187955e+00
1.123701697214695e+00
1.224548635747513e+00
1.203865751566393e+00
1.258542643750472e+00
1.234586711288103e+00
1.258841043171435e+00
1.238864867391799e+00
1.254048567831721e+00
1.240212707649382e+00
1.252908424692969e+00
1.243668992379210e+00
1.254544181912785e+00
1.247322223734125e+00
1.255358900392753e+00
1.247702821324315e+00
1.251509037876815e+00
1.241210050244173e+00
1.239187296075021e+00
1.224010585352075e+00
1.214158417477614e+00
1.191477910978880e+00
1.171069173932003e+00
1.137434584548511e+00
1.102547446453954e+00
1.053122403560802e+00
9.980404682078813e-01
9.272570347282355e-01
8.465014702831040e-01
7.848627265409643e-01
8.616012778982024e-01
1.081842487256728e+00
1.240793490689142e+00
1.327053554991236e+00
1.269508110686536e+00
1.336609006926890e+00
1.298815175344721e+00
1.327137856369603e+00
1.306461732262518e+00
1.326012625128059e+00
1.315895574668949e+00
1.333089874482405e+00
1.328588316022257e+00
1.343358504880612e+00
1.340556012628910e+00
1.351663535411796e+00
1.347760590915067e+00
1.353965275951066e+00
1.346839397075894e+00
1.346834075244584e+00
1.334471413719146e+00
1.326552091783595e+00
1.306553615992176e+00
1.288272679554378e+00
1.257422750014770e+00
1.225215241176947e+00
1.178987208794637e+00
1.127636997001566e+00
1.059247142163892e+00
9.809851996319487e-01
8.799184610891176e-01
7.622310836400538e-01
7.612801740636570e-01
1.023391111033310e+00
1.508282048792342e+00
1.366473746366907e+00
1.439488660828850e+00
1.354671101284900e+00
1.377754899109626e+00
1.353399906755060e+00
1.376893529120743e+00
1.373370492988404e+00
1.397068184805507e+00
1.400843481980439e+00
1.421619262936012e+00
1.426206252455032e+00
1.442037563811968e+00
1.444168770741845e+00
1.453988494303143e+00
1.451824343493840e+00
1.454805634997170e+00
1.446818743476352e+00
1.441771157652315e+00
1.426047810927328e+00
1.410992718948687e+00
1.384772263820611e+00
1.356626992897143e+00
1.315945394799241e+00
1.270242759606609e+00
1.209546486518869e+00
1.140050490548475e+00
1.050739952563450e+00
9.489598276847387e-01
8.031837696305822e-01
6.800407632940340e-01
9.355224063482508e-01
1.606432696640294e+00
1.658619478504297e+00
1.418465263803059e+00
1.401294976977759e+00
1.368507883108549e+00
1.393263847114418e+00
1.402183932831794e+00
1.435368297819473e+00
1.453356336699890e+00
1.483207433712536e+00
1.499610855137250e+00
1.522371866078714e+00
1.533587386628723e+00
1.548447470715611e+00
1.553340451351050e+00
1.560226004231109e+00
1.558150189853247e+00
1.556648305165671e+00
1.546490227773622e+00
1.535298531518938e+00
1.514977205132658e+00
1.491600316569668e+00
1.457774829484670e+00
1.418367316725856e+00
1.366311980817306e+00
1.305744452961912e+00
1.229553782872964e+00
1.141658872936808e+00
1.033748262010734e+00
9.103666082087868e-01
6.992071899099425e-01
8.072654295661198e-01
2.275572721283174e+00
1.534599064459167e+00
1.345964247725681e+00
1.324378972364783e+00
1.344935346467110e+00
1.383793501178872e+00
1.432350566500263e+00
1.475850451030155e+00
1.519880840236404e+00
1.555039362848003e+00
1.588022333590499e+00
1.612526936162518e+00
1.634351890481496e+00
1.648858951164887e+00
1.660714602410435e+00
1.666154493286650e+00
1.668791553205315e+00
1.665301124780207e+00
1.658361167719395e+00
1.644833741166005e+00
1.626566044473849e+00
1.600447362625908e+00
1.567590873396368e+00
1.524850332631046e+00
1.472740378197168e+00
1.408364063048216e+00
1.331711111986686e+00
1.242225690825623e+00
1.136501810812169e+00
1.030823390135434e+00
8.754216154115765e-01
7.239018732692024e-01

