# vtk DataFile Version 3.0
True Cook Membrane Grid Output
ASCII
DATASET UNSTRUCTURED_GRID

POINTS 1089 double
0.000000000000000e+00 0.000000000000000e+00 0.0
1.500000000000000e+00 5.000000000000000e-01 0.0
3.000000000000000e+00 1.000000000000000e+00 0.0
4.500000000000000e+00 1.500000000000000e+00 0.0
6.000000000000000e+00 2.000000000000000e+00 0.0
7.500000000000000e+00 2.500000000000000e+00 0.0
9.000000000000000e+00 3.000000000000000e+00 0.0
1.050000000000000e+01 3.500000000000000e+00 0.0
1.200000000000000e+01 4.000000000000000e+00 0.0
1.350000000000000e+01 4.500000000000000e+00 0.0
1.500000000000000e+01 5.000000000000000e+00 0.0
1.650000000000000e+01 5.500000000000000e+00 0.0
1.800000000000000e+01 6.000000000000000e+00 0.0
1.950000000000000e+01 6.500000000000000e+00 0.0
2.100000000000000e+01 7.000000000000000e+00 0.0
2.250000000000000e+01 7.500000000000000e+00 0.0
2.400000000000000e+01 8.000000000000000e+00 0.0
2.550000000000000e+01 8.500000000000000e+00 0.0
2.700000000000000e+01 9.000000000000000e+00 0.0
2.850000000000000e+01 9.500000000000000e+00 0.0
3.000000000000000e+01 1.000000000000000e+01 0.0
3.150000000000000e+01 1.050000000000000e+01 0.0
3.300000000000000e+01 1.100000000000000e+01 0.0
3.450000000000000e+01 1.150000000000000e+01 0.0
3.600000000000000e+01 1.200000000000000e+01 0.0
3.750000000000000e+01 1.250000000000000e+01 0.0
3.900000000000000e+01 1.300000000000000e+01 0.0
4.050000000000000e+01 1.350000000000000e+01 0.0
4.200000000000000e+01 1.400000000000000e+01 0.0
4.350000000000000e+01 1.450000000000000e+01 0.0
4.500000000000000e+01 1.500000000000000e+01 0.0
4.650000000000000e+01 1.550000000000000e+01 0.0
4.800000000000000e+01 1.600000000000000e+01 0.0
0.000000000000000e+00 1.375000000000000e+00 0.0
1.500000000000000e+00 1.847656250000000e+00 0.0
3.000000000000000e+00 2.320312500000000e+00 0.0
4.500000000000000e+00 2.792968750000000e+00 0.0
6.000000000000000e+00 3.265625000000000e+00 0.0
7.500000000000000e+00 3.738281250000000e+00 0.0
9.000000000000000e+00 4.210937500000000e+00 0.0
1.050000000000000e+01 4.683593750000000e+00 0.0
1.200000000000000e+01 5.156250000000000e+00 0.0
1.350000000000000e+01 5.628906250000000e+00 0.0
1.500000000000000e+01 6.101562500000000e+00 0.0
1.650000000000000e+01 6.574218750000000e+00 0.0
1.800000000000000e+01 7.046875000000000e+00 0.0
1.950000000000000e+01 7.519531250000000e+00 0.0
2.100000000000000e+01 7.992187500000000e+00 0.0
2.250000000000000e+01 8.464843750000000e+00 0.0
2.400000000000000e+01 8.937500000000000e+00 0.0
2.550000000000000e+01 9.410156250000000e+00 0.0
2.700000000000000e+01 9.882812500000000e+00 0.0
2.850000000000000e+01 1.035546875000000e+01 0.0
3.000000000000000e+01 1.082812500000000e+01 0.0
3.150000000000000e+01 1.130078125000000e+01 0.0
3.300000000000000e+01 1.177343750000000e+01 0.0
3.450000000000000e+01 1.224609375000000e+01 0.0
3.600000000000000e+01 1.271875000000000e+01 0.0
3.750000000000000e+01 1.319140625000000e+01 0.0
3.900000000000000e+01 1.366406250000000e+01 0.0
4.050000000000000e+01 1.413671875000000e+01 0.0
4.200000000000000e+01 1.460937500000000e+01 0.0
4.350000000000000e+01 1.508203125000000e+01 0.0
4.500000000000000e+01 1.555468750000000e+01 0.0
4.650000000000000e+01 1.602734375000000e+01 0.0
4.800000000000000e+01 1.650000000000000e+01 0.0
0.000000000000000e+00 2.750000000000000e+00 0.0
1.500000000000000e+00 3.195312500000000e+00 0.0
3.000000000000000e+00 3.640625000000000e+00 0.0
4.500000000000000e+00 4.085937500000000e+00 0.0
6.000000000000000e+00 4.531250000000000e+00 0.0
7.500000000000000e+00 4.976562500000000e+00 0.0
9.000000000000000e+00 5.421875000000000e+00 0.0
1.050000000000000e+01 5.867187500000000e+00 0.0
1.200000000000000e+01 6.312500000000000e+00 0.0
1.350000000000000e+01 6.757812500000000e+00 0.0
1.500000000000000e+01 7.203125000000000e+00 0.0
1.650000000000000e+01 7.648437500000000e+00 0.0
1.800000000000000e+01 8.093750000000000e+00 0.0
1.950000000000000e+01 8.539062500000000e+00 0.0
2.100000000000000e+01 8.984375000000000e+00 0.0
2.250000000000000e+01 9.429687500000000e+00 0.0
2.400000000000000e+01 9.875000000000000e+00 0.0
2.550000000000000e+01 1.032031250000000e+01 0.0
2.700000000000000e+01 1.076562500000000e+01 0.0
2.850000000000000e+01 1.121093750000000e+01 0.0
3.000000000000000e+01 1.165625000000000e+01 0.0
3.150000000000000e+01 1.210156250000000e+01 0.0
3.300000000000000e+01 1.254687500000000e+01 0.0
3.450000000000000e+01 1.299218750000000e+01 0.0
3.600000000000000e+01 1.343750000000000e+01 0.0
3.750000000000000e+01 1.388281250000000e+01 0.0
3.900000000000000e+01 1.432812500000000e+01 0.0
4.050000000000000e+01 1.477343750000000e+01 0.0
4.200000000000000e+01 1.521875000000000e+01 0.0
4.350000000000000e+01 1.566406250000000e+01 0.0
4.500000000000000e+01 1.610937500000000e+01 0.0
4.650000000000000e+01 1.655468750000000e+01 0.0
4.800000000000000e+01 1.700000000000000e+01 0.0
0.000000000000000e+00 4.125000000000000e+00 0.0
1.500000000000000e+00 4.542968750000000e+00 0.0
3.000000000000000e+00 4.960937500000000e+00 0.0
4.500000000000000e+00 5.378906250000000e+00 0.0
6.000000000000000e+00 5.796875000000000e+00 0.0
7.500000000000000e+00 6.214843750000000e+00 0.0
9.000000000000000e+00 6.632812500000000e+00 0.0
1.050000000000000e+01 7.050781250000000e+00 0.0
1.200000000000000e+01 7.468750000000000e+00 0.0
1.350000000000000e+01 7.886718750000000e+00 0.0
1.500000000000000e+01 8.304687500000000e+00 0.0
1.650000000000000e+01 8.722656250000000e+00 0.0
1.800000000000000e+01 9.140625000000000e+00 0.0
1.950000000000000e+01 9.558593750000000e+00 0.0
2.100000000000000e+01 9.976562500000000e+00 0.0
2.250000000000000e+01 1.039453125000000e+01 0.0
2.400000000000000e+01 1.081250000000000e+01 0.0
2.550000000000000e+01 1.123046875000000e+01 0.0
2.700000000000000e+01 1.164843750000000e+01 0.0
2.850000000000000e+01 1.206640625000000e+01 0.0
3.000000000000000e+01 1.248437500000000e+01 0.0
3.150000000000000e+01 1.290234375000000e+01 0.0
3.300000000000000e+01 1.332031250000000e+01 0.0
3.450000000000000e+01 1.373828125000000e+01 0.0
3.600000000000000e+01 1.415625000000000e+01 0.0
3.750000000000000e+01 1.457421875000000e+01 0.0
3.900000000000000e+01 1.499218750000000e+01 0.0
4.050000000000000e+01 1.541015625000000e+01 0.0
4.200000000000000e+01 1.582812500000000e+01 0.0
4.350000000000000e+01 1.624609375000000e+01 0.0
4.500000000000000e+01 1.666406250000000e+01 0.0
4.650000000000000e+01 1.708203125000000e+01 0.0
4.800000000000000e+01 1.750000000000000e+01 0.0
0.000000000000000e+00 5.500000000000000e+00 0.0
1.500000000000000e+00 5.890625000000000e+00 0.0
3.000000000000000e+00 6.281250000000000e+00 0.0
4.500000000000000e+00 6.671875000000000e+00 0.0
6.000000000000000e+00 7.062500000000000e+00 0.0
7.500000000000000e+00 7.453125000000000e+00 0.0
9.000000000000000e+00 7.843750000000000e+00 0.0
1.050000000000000e+01 8.234375000000000e+00 0.0
1.200000000000000e+01 8.625000000000000e+00 0.0
1.350000000000000e+01 9.015625000000000e+00 0.0
1.500000000000000e+01 9.406250000000000e+00 0.0
1.650000000000000e+01 9.796875000000000e+00 0.0
1.800000000000000e+01 1.018750000000000e+01 0.0
1.950000000000000e+01 1.057812500000000e+01 0.0
2.100000000000000e+01 1.096875000000000e+01 0.0
2.250000000000000e+01 1.135937500000000e+01 0.0
2.400000000000000e+01 1.175000000000000e+01 0.0
2.550000000000000e+01 1.214062500000000e+01 0.0
2.700000000000000e+01 1.253125000000000e+01 0.0
2.850000000000000e+01 1.292187500000000e+01 0.0
3.000000000000000e+01 1.331250000000000e+01 0.0
3.150000000000000e+01 1.370312500000000e+01 0.0
3.300000000000000e+01 1.409375000000000e+01 0.0
3.450000000000000e+01 1.448437500000000e+01 0.0
3.600000000000000e+01 1.487500000000000e+01 0.0
3.750000000000000e+01 1.526562500000000e+01 0.0
3.900000000000000e+01 1.565625000000000e+01 0.0
4.050000000000000e+01 1.604687500000000e+01 0.0
4.200000000000000e+01 1.643750000000000e+01 0.0
4.350000000000000e+01 1.682812500000000e+01 0.0
4.500000000000000e+01 1.721875000000000e+01 0.0
4.650000000000000e+01 1.760937500000000e+01 0.0
4.800000000000000e+01 1.800000000000000e+01 0.0
0.000000000000000e+00 6.875000000000000e+00 0.0
1.500000000000000e+00 7.238281250000000e+00 0.0
3.000000000000000e+00 7.601562500000000e+00 0.0
4.500000000000000e+00 7.964843750000000e+00 0.0
6.000000000000000e+00 8.328125000000000e+00 0.0
7.500000000000000e+00 8.691406250000000e+00 0.0
9.000000000000000e+00 9.054687500000000e+00 0.0
1.050000000000000e+01 9.417968750000000e+00 0.0
1.200000000000000e+01 9.781250000000000e+00 0.0
1.350000000000000e+01 1.014453125000000e+01 0.0
1.500000000000000e+01 1.050781250000000e+01 0.0
1.650000000000000e+01 1.087109375000000e+01 0.0
1.800000000000000e+01 1.123437500000000e+01 0.0
1.950000000000000e+01 1.159765625000000e+01 0.0
2.100000000000000e+01 1.196093750000000e+01 0.0
2.250000000000000e+01 1.232421875000000e+01 0.0
2.400000000000000e+01 1.268750000000000e+01 0.0
2.550000000000000e+01 1.305078125000000e+01 0.0
2.700000000000000e+01 1.341406250000000e+01 0.0
2.850000000000000e+01 1.377734375000000e+01 0.0
3.000000000000000e+01 1.414062500000000e+01 0.0
3.150000000000000e+01 1.450390625000000e+01 0.0
3.300000000000000e+01 1.486718750000000e+01 0.0
3.450000000000000e+01 1.523046875000000e+01 0.0
3.600000000000000e+01 1.559375000000000e+01 0.0
3.750000000000000e+01 1.595703125000000e+01 0.0
3.900000000000000e+01 1.632031250000000e+01 0.0
4.050000000000000e+01 1.668359375000000e+01 0.0
4.200000000000000e+01 1.704687500000000e+01 0.0
4.350000000000000e+01 1.741015625000000e+01 0.0
4.500000000000000e+01 1.777343750000000e+01 0.0
4.650000000000000e+01 1.813671875000000e+01 0.0
4.800000000000000e+01 1.850000000000000e+01 0.0
0.000000000000000e+00 8.250000000000000e+00 0.0
1.500000000000000e+00 8.585937500000000e+00 0.0
3.000000000000000e+00 8.921875000000000e+00 0.0
4.500000000000000e+00 9.257812500000000e+00 0.0
6.000000000000000e+00 9.593750000000000e+00 0.0
7.500000000000000e+00 9.929687500000000e+00 0.0
9.000000000000000e+00 1.026562500000000e+01 0.0
1.050000000000000e+01 1.060156250000000e+01 0.0
1.200000000000000e+01 1.093750000000000e+01 0.0
1.350000000000000e+01 1.127343750000000e+01 0.0
1.500000000000000e+01 1.160937500000000e+01 0.0
1.650000000000000e+01 1.194531250000000e+01 0.0
1.800000000000000e+01 1.228125000000000e+01 0.0
1.950000000000000e+01 1.261718750000000e+01 0.0
2.100000000000000e+01 1.295312500000000e+01 0.0
2.250000000000000e+01 1.328906250000000e+01 0.0
2.400000000000000e+01 1.362500000000000e+01 0.0
2.550000000000000e+01 1.396093750000000e+01 0.0
2.700000000000000e+01 1.429687500000000e+01 0.0
2.850000000000000e+01 1.463281250000000e+01 0.0
3.000000000000000e+01 1.496875000000000e+01 0.0
3.150000000000000e+01 1.530468750000000e+01 0.0
3.300000000000000e+01 1.564062500000000e+01 0.0
3.450000000000000e+01 1.597656250000000e+01 0.0
3.600000000000000e+01 1.631250000000000e+01 0.0
3.750000000000000e+01 1.664843750000000e+01 0.0
3.900000000000000e+01 1.698437500000000e+01 0.0
4.050000000000000e+01 1.732031250000000e+01 0.0
4.200000000000000e+01 1.765625000000000e+01 0.0
4.350000000000000e+01 1.799218750000000e+01 0.0
4.500000000000000e+01 1.832812500000000e+01 0.0
4.650000000000000e+01 1.866406250000000e+01 0.0
4.800000000000000e+01 1.900000000000000e+01 0.0
0.000000000000000e+00 9.625000000000000e+00 0.0
1.500000000000000e+00 9.933593750000000e+00 0.0
3.000000000000000e+00 1.024218750000000e+01 0.0
4.500000000000000e+00 1.055078125000000e+01 0.0
6.000000000000000e+00 1.085937500000000e+01 0.0
7.500000000000000e+00 1.116796875000000e+01 0.0
9.000000000000000e+00 1.147656250000000e+01 0.0
1.050000000000000e+01 1.178515625000000e+01 0.0
1.200000000000000e+01 1.209375000000000e+01 0.0
1.350000000000000e+01 1.240234375000000e+01 0.0
1.500000000000000e+01 1.271093750000000e+01 0.0
1.650000000000000e+01 1.301953125000000e+01 0.0
1.800000000000000e+01 1.332812500000000e+01 0.0
1.950000000000000e+01 1.363671875000000e+01 0.0
2.100000000000000e+01 1.394531250000000e+01 0.0
2.250000000000000e+01 1.425390625000000e+01 0.0
2.400000000000000e+01 1.456250000000000e+01 0.0
2.550000000000000e+01 1.487109375000000e+01 0.0
2.700000000000000e+01 1.517968750000000e+01 0.0
2.850000000000000e+01 1.548828125000000e+01 0.0
3.000000000000000e+01 1.579687500000000e+01 0.0
3.150000000000000e+01 1.610546875000000e+01 0.0
3.300000000000000e+01 1.641406250000000e+01 0.0
3.450000000000000e+01 1.672265625000000e+01 0.0
3.600000000000000e+01 1.703125000000000e+01 0.0
3.750000000000000e+01 1.733984375000000e+01 0.0
3.900000000000000e+01 1.764843750000000e+01 0.0
4.050000000000000e+01 1.795703125000000e+01 0.0
4.200000000000000e+01 1.826562500000000e+01 0.0
4.350000000000000e+01 1.857421875000000e+01 0.0
4.500000000000000e+01 1.888281250000000e+01 0.0
4.650000000000000e+01 1.919140625000000e+01 0.0
4.800000000000000e+01 1.950000000000000e+01 0.0
0.000000000000000e+00 1.100000000000000e+01 0.0
1.500000000000000e+00 1.128125000000000e+01 0.0
3.000000000000000e+00 1.156250000000000e+01 0.0
4.500000000000000e+00 1.184375000000000e+01 0.0
6.000000000000000e+00 1.212500000000000e+01 0.0
7.500000000000000e+00 1.240625000000000e+01 0.0
9.000000000000000e+00 1.268750000000000e+01 0.0
1.050000000000000e+01 1.296875000000000e+01 0.0
1.200000000000000e+01 1.325000000000000e+01 0.0
1.350000000000000e+01 1.353125000000000e+01 0.0
1.500000000000000e+01 1.381250000000000e+01 0.0
1.650000000000000e+01 1.409375000000000e+01 0.0
1.800000000000000e+01 1.437500000000000e+01 0.0
1.950000000000000e+01 1.465625000000000e+01 0.0
2.100000000000000e+01 1.493750000000000e+01 0.0
2.250000000000000e+01 1.521875000000000e+01 0.0
2.400000000000000e+01 1.550000000000000e+01 0.0
2.550000000000000e+01 1.578125000000000e+01 0.0
2.700000000000000e+01 1.606250000000000e+01 0.0
2.850000000000000e+01 1.634375000000000e+01 0.0
3.000000000000000e+01 1.662500000000000e+01 0.0
3.150000000000000e+01 1.690625000000000e+01 0.0
3.300000000000000e+01 1.718750000000000e+01 0.0
3.450000000000000e+01 1.746875000000000e+01 0.0
3.600000000000000e+01 1.775000000000000e+01 0.0
3.750000000000000e+01 1.803125000000000e+01 0.0
3.900000000000000e+01 1.831250000000000e+01 0.0
4.050000000000000e+01 1.859375000000000e+01 0.0
4.200000000000000e+01 1.887500000000000e+01 0.0
4.350000000000000e+01 1.915625000000000e+01 0.0
4.500000000000000e+01 1.943750000000000e+01 0.0
4.650000000000000e+01 1.971875000000000e+01 0.0
4.800000000000000e+01 2.000000000000000e+01 0.0
0.000000000000000e+00 1.237500000000000e+01 0.0
1.500000000000000e+00 1.262890625000000e+01 0.0
3.000000000000000e+00 1.288281250000000e+01 0.0
4.500000000000000e+00 1.313671875000000e+01 0.0
6.000000000000000e+00 1.339062500000000e+01 0.0
7.500000000000000e+00 1.364453125000000e+01 0.0
9.000000000000000e+00 1.389843750000000e+01 0.0
1.050000000000000e+01 1.415234375000000e+01 0.0
1.200000000000000e+01 1.440625000000000e+01 0.0
1.350000000000000e+01 1.466015625000000e+01 0.0
1.500000000000000e+01 1.491406250000000e+01 0.0
1.650000000000000e+01 1.516796875000000e+01 0.0
1.800000000000000e+01 1.542187500000000e+01 0.0
1.950000000000000e+01 1.567578125000000e+01 0.0
2.100000000000000e+01 1.592968750000000e+01 0.0
2.250000000000000e+01 1.618359375000000e+01 0.0
2.400000000000000e+01 1.643750000000000e+01 0.0
2.550000000000000e+01 1.669140625000000e+01 0.0
2.700000000000000e+01 1.694531250000000e+01 0.0
2.850000000000000e+01 1.719921875000000e+01 0.0
3.000000000000000e+01 1.745312500000000e+01 0.0
3.150000000000000e+01 1.770703125000000e+01 0.0
3.300000000000000e+01 1.796093750000000e+01 0.0
3.450000000000000e+01 1.821484375000000e+01 0.0
3.600000000000000e+01 1.846875000000000e+01 0.0
3.750000000000000e+01 1.872265625000000e+01 0.0
3.900000000000000e+01 1.897656250000000e+01 0.0
4.050000000000000e+01 1.923046875000000e+01 0.0
4.200000000000000e+01 1.948437500000000e+01 0.0
4.350000000000000e+01 1.973828125000000e+01 0.0
4.500000000000000e+01 1.999218750000000e+01 0.0
4.650000000000000e+01 2.024609375000000e+01 0.0
4.800000000000000e+01 2.050000000000000e+01 0.0
0.000000000000000e+00 1.375000000000000e+01 0.0
1.500000000000000e+00 1.397656250000000e+01 0.0
3.000000000000000e+00 1.420312500000000e+01 0.0
4.500000000000000e+00 1.442968750000000e+01 0.0
6.000000000000000e+00 1.465625000000000e+01 0.0
7.500000000000000e+00 1.488281250000000e+01 0.0
9.000000000000000e+00 1.510937500000000e+01 0.0
1.050000000000000e+01 1.533593750000000e+01 0.0
1.200000000000000e+01 1.556250000000000e+01 0.0
1.350000000000000e+01 1.578906250000000e+01 0.0
1.500000000000000e+01 1.601562500000000e+01 0.0
1.650000000000000e+01 1.624218750000000e+01 0.0
1.800000000000000e+01 1.646875000000000e+01 0.0
1.950000000000000e+01 1.669531250000000e+01 0.0
2.100000000000000e+01 1.692187500000000e+01 0.0
2.250000000000000e+01 1.714843750000000e+01 0.0
2.400000000000000e+01 1.737500000000000e+01 0.0
2.550000000000000e+01 1.760156250000000e+01 0.0
2.700000000000000e+01 1.782812500000000e+01 0.0
2.850000000000000e+01 1.805468750000000e+01 0.0
3.000000000000000e+01 1.828125000000000e+01 0.0
3.150000000000000e+01 1.850781250000000e+01 0.0
3.300000000000000e+01 1.873437500000000e+01 0.0
3.450000000000000e+01 1.896093750000000e+01 0.0
3.600000000000000e+01 1.918750000000000e+01 0.0
3.750000000000000e+01 1.941406250000000e+01 0.0
3.900000000000000e+01 1.964062500000000e+01 0.0
4.050000000000000e+01 1.986718750000000e+01 0.0
4.200000000000000e+01 2.009375000000000e+01 0.0
4.350000000000000e+01 2.032031250000000e+01 0.0
4.500000000000000e+01 2.054687500000000e+01 0.0
4.650000000000000e+01 2.077343750000000e+01 0.0
4.800000000000000e+01 2.100000000000000e+01 0.0
0.000000000000000e+00 1.512500000000000e+01 0.0
1.500000000000000e+00 1.532421875000000e+01 0.0
3.000000000000000e+00 1.552343750000000e+01 0.0
4.500000000000000e+00 1.572265625000000e+01 0.0
6.000000000000000e+00 1.592187500000000e+01 0.0
7.500000000000000e+00 1.612109375000000e+01 0.0
9.000000000000000e+00 1.632031250000000e+01 0.0
1.050000000000000e+01 1.651953125000000e+01 0.0
1.200000000000000e+01 1.671875000000000e+01 0.0
1.350000000000000e+01 1.691796875000000e+01 0.0
1.500000000000000e+01 1.711718750000000e+01 0.0
1.650000000000000e+01 1.731640625000000e+01 0.0
1.800000000000000e+01 1.751562500000000e+01 0.0
1.950000000000000e+01 1.771484375000000e+01 0.0
2.100000000000000e+01 1.791406250000000e+01 0.0
2.250000000000000e+01 1.811328125000000e+01 0.0
2.400000000000000e+01 1.831250000000000e+01 0.0
2.550000000000000e+01 1.851171875000000e+01 0.0
2.700000000000000e+01 1.871093750000000e+01 0.0
2.850000000000000e+01 1.891015625000000e+01 0.0
3.000000000000000e+01 1.910937500000000e+01 0.0
3.150000000000000e+01 1.930859375000000e+01 0.0
3.300000000000000e+01 1.950781250000000e+01 0.0
3.450000000000000e+01 1.970703125000000e+01 0.0
3.600000000000000e+01 1.990625000000000e+01 0.0
3.750000000000000e+01 2.010546875000000e+01 0.0
3.900000000000000e+01 2.030468750000000e+01 0.0
4.050000000000000e+01 2.050390625000000e+01 0.0
4.200000000000000e+01 2.070312500000000e+01 0.0
4.350000000000000e+01 2.090234375000000e+01 0.0
4.500000000000000e+01 2.110156250000000e+01 0.0
4.650000000000000e+01 2.130078125000000e+01 0.0
4.800000000000000e+01 2.150000000000000e+01 0.0
0.000000000000000e+00 1.650000000000000e+01 0.0
1.500000000000000e+00 1.667187500000000e+01 0.0
3.000000000000000e+00 1.684375000000000e+01 0.0
4.500000000000000e+00 1.701562500000000e+01 0.0
6.000000000000000e+00 1.718750000000000e+01 0.0
7.500000000000000e+00 1.735937500000000e+01 0.0
9.000000000000000e+00 1.753125000000000e+01 0.0
1.050000000000000e+01 1.770312500000000e+01 0.0
1.200000000000000e+01 1.787500000000000e+01 0.0
1.350000000000000e+01 1.804687500000000e+01 0.0
1.500000000000000e+01 1.821875000000000e+01 0.0
1.650000000000000e+01 1.839062500000000e+01 0.0
1.800000000000000e+01 1.856250000000000e+01 0.0
1.950000000000000e+01 1.873437500000000e+01 0.0
2.100000000000000e+01 1.890625000000000e+01 0.0
2.250000000000000e+01 1.907812500000000e+01 0.0
2.400000000000000e+01 1.925000000000000e+01 0.0
2.550000000000000e+01 1.942187500000000e+01 0.0
2.700000000000000e+01 1.959375000000000e+01 0.0
2.850000000000000e+01 1.976562500000000e+01 0.0
3.000000000000000e+01 1.993750000000000e+01 0.0
3.150000000000000e+01 2.010937500000000e+01 0.0
3.300000000000000e+01 2.028125000000000e+01 0.0
3.450000000000000e+01 2.045312500000000e+01 0.0
3.600000000000000e+01 2.062500000000000e+01 0.0
3.750000000000000e+01 2.079687500000000e+01 0.0
3.900000000000000e+01 2.096875000000000e+01 0.0
4.050000000000000e+01 2.114062500000000e+01 0.0
4.200000000000000e+01 2.131250000000000e+01 0.0
4.350000000000000e+01 2.148437500000000e+01 0.0
4.500000000000000e+01 2.165625000000000e+01 0.0
4.650000000000000e+01 2.182812500000000e+01 0.0
4.800000000000000e+01 2.200000000000000e+01 0.0
0.000000000000000e+00 1.787500000000000e+01 0.0
1.500000000000000e+00 1.801953125000000e+01 0.0
3.000000000000000e+00 1.816406250000000e+01 0.0
4.500000000000000e+00 1.830859375000000e+01 0.0
6.000000000000000e+00 1.845312500000000e+01 0.0
7.500000000000000e+00 1.859765625000000e+01 0.0
9.000000000000000e+00 1.874218750000000e+01 0.0
1.050000000000000e+01 1.888671875000000e+01 0.0
1.200000000000000e+01 1.903125000000000e+01 0.0
1.350000000000000e+01 1.917578125000000e+01 0.0
1.500000000000000e+01 1.932031250000000e+01 0.0
1.650000000000000e+01 1.946484375000000e+01 0.0
1.800000000000000e+01 1.960937500000000e+01 0.0
1.950000000000000e+01 1.975390625000000e+01 0.0
2.100000000000000e+01 1.989843750000000e+01 0.0
2.250000000000000e+01 2.004296875000000e+01 0.0
2.400000000000000e+01 2.018750000000000e+01 0.0
2.550000000000000e+01 2.033203125000000e+01 0.0
2.700000000000000e+01 2.047656250000000e+01 0.0
2.850000000000000e+01 2.062109375000000e+01 0.0
3.000000000000000e+01 2.076562500000000e+01 0.0
3.150000000000000e+01 2.091015625000000e+01 0.0
3.300000000000000e+01 2.105468750000000e+01 0.0
3.450000000000000e+01 2.119921875000000e+01 0.0
3.600000000000000e+01 2.134375000000000e+01 0.0
3.750000000000000e+01 2.148828125000000e+01 0.0
3.900000000000000e+01 2.163281250000000e+01 0.0
4.050000000000000e+01 2.177734375000000e+01 0.0
4.200000000000000e+01 2.192187500000000e+01 0.0
4.350000000000000e+01 2.206640625000000e+01 0.0
4.500000000000000e+01 2.221093750000000e+01 0.0
4.650000000000000e+01 2.235546875000000e+01 0.0
4.800000000000000e+01 2.250000000000000e+01 0.0
0.000000000000000e+00 1.925000000000000e+01 0.0
1.500000000000000e+00 1.936718750000000e+01 0.0
3.000000000000000e+00 1.948437500000000e+01 0.0
4.500000000000000e+00 1.960156250000000e+01 0.0
6.000000000000000e+00 1.971875000000000e+01 0.0
7.500000000000000e+00 1.983593750000000e+01 0.0
9.000000000000000e+00 1.995312500000000e+01 0.0
1.050000000000000e+01 2.007031250000000e+01 0.0
1.200000000000000e+01 2.018750000000000e+01 0.0
1.350000000000000e+01 2.030468750000000e+01 0.0
1.500000000000000e+01 2.042187500000000e+01 0.0
1.650000000000000e+01 2.053906250000000e+01 0.0
1.800000000000000e+01 2.065625000000000e+01 0.0
1.950000000000000e+01 2.077343750000000e+01 0.0
2.100000000000000e+01 2.089062500000000e+01 0.0
2.250000000000000e+01 2.100781250000000e+01 0.0
2.400000000000000e+01 2.112500000000000e+01 0.0
2.550000000000000e+01 2.124218750000000e+01 0.0
2.700000000000000e+01 2.135937500000000e+01 0.0
2.850000000000000e+01 2.147656250000000e+01 0.0
3.000000000000000e+01 2.159375000000000e+01 0.0
3.150000000000000e+01 2.171093750000000e+01 0.0
3.300000000000000e+01 2.182812500000000e+01 0.0
3.450000000000000e+01 2.194531250000000e+01 0.0
3.600000000000000e+01 2.206250000000000e+01 0.0
3.750000000000000e+01 2.217968750000000e+01 0.0
3.900000000000000e+01 2.229687500000000e+01 0.0
4.050000000000000e+01 2.241406250000000e+01 0.0
4.200000000000000e+01 2.253125000000000e+01 0.0
4.350000000000000e+01 2.264843750000000e+01 0.0
4.500000000000000e+01 2.276562500000000e+01 0.0
4.650000000000000e+01 2.288281250000000e+01 0.0
4.800000000000000e+01 2.300000000000000e+01 0.0
0.000000000000000e+00 2.062500000000000e+01 0.0
1.500000000000000e+00 2.071484375000000e+01 0.0
3.000000000000000e+00 2.080468750000000e+01 0.0
4.500000000000000e+00 2.089453125000000e+01 0.0
6.000000000000000e+00 2.098437500000000e+01 0.0
7.500000000000000e+00 2.107421875000000e+01 0.0
9.000000000000000e+00 2.116406250000000e+01 0.0
1.050000000000000e+01 2.125390625000000e+01 0.0
1.200000000000000e+01 2.134375000000000e+01 0.0
1.350000000000000e+01 2.143359375000000e+01 0.0
1.500000000000000e+01 2.152343750000000e+01 0.0
1.650000000000000e+01 2.161328125000000e+01 0.0
1.800000000000000e+01 2.170312500000000e+01 0.0
1.950000000000000e+01 2.179296875000000e+01 0.0
2.100000000000000e+01 2.188281250000000e+01 0.0
2.250000000000000e+01 2.197265625000000e+01 0.0
2.400000000000000e+01 2.206250000000000e+01 0.0
2.550000000000000e+01 2.215234375000000e+01 0.0
2.700000000000000e+01 2.224218750000000e+01 0.0
2.850000000000000e+01 2.233203125000000e+01 0.0
3.000000000000000e+01 2.242187500000000e+01 0.0
3.150000000000000e+01 2.251171875000000e+01 0.0
3.300000000000000e+01 2.260156250000000e+01 0.0
3.450000000000000e+01 2.269140625000000e+01 0.0
3.600000000000000e+01 2.278125000000000e+01 0.0
3.750000000000000e+01 2.287109375000000e+01 0.0
3.900000000000000e+01 2.296093750000000e+01 0.0
4.050000000000000e+01 2.305078125000000e+01 0.0
4.200000000000000e+01 2.314062500000000e+01 0.0
4.350000000000000e+01 2.323046875000000e+01 0.0
4.500000000000000e+01 2.332031250000000e+01 0.0
4.650000000000000e+01 2.341015625000000e+01 0.0
4.800000000000000e+01 2.350000000000000e+01 0.0
0.000000000000000e+00 2.200000000000000e+01 0.0
1.500000000000000e+00 2.206250000000000e+01 0.0
3.000000000000000e+00 2.212500000000000e+01 0.0
4.500000000000000e+00 2.218750000000000e+01 0.0
6.000000000000000e+00 2.225000000000000e+01 0.0
7.500000000000000e+00 2.231250000000000e+01 0.0
9.000000000000000e+00 2.237500000000000e+01 0.0
1.050000000000000e+01 2.243750000000000e+01 0.0
1.200000000000000e+01 2.250000000000000e+01 0.0
1.350000000000000e+01 2.256250000000000e+01 0.0
1.500000000000000e+01 2.262500000000000e+01 0.0
1.650000000000000e+01 2.268750000000000e+01 0.0
1.800000000000000e+01 2.275000000000000e+01 0.0
1.950000000000000e+01 2.281250000000000e+01 0.0
2.100000000000000e+01 2.287500000000000e+01 0.0
2.250000000000000e+01 2.293750000000000e+01 0.0
2.400000000000000e+01 2.300000000000000e+01 0.0
2.550000000000000e+01 2.306250000000000e+01 0.0
2.700000000000000e+01 2.312500000000000e+01 0.0
2.850000000000000e+01 2.318750000000000e+01 0.0
3.000000000000000e+01 2.325000000000000e+01 0.0
3.150000000000000e+01 2.331250000000000e+01 0.0
3.300000000000000e+01 2.337500000000000e+01 0.0
3.450000000000000e+01 2.343750000000000e+01 0.0
3.600000000000000e+01 2.350000000000000e+01 0.0
3.750000000000000e+01 2.356250000000000e+01 0.0
3.900000000000000e+01 2.362500000000000e+01 0.0
4.050000000000000e+01 2.368750000000000e+01 0.0
4.200000000000000e+01 2.375000000000000e+01 0.0
4.350000000000000e+01 2.381250000000000e+01 0.0
4.500000000000000e+01 2.387500000000000e+01 0.0
4.650000000000000e+01 2.393750000000000e+01 0.0
4.800000000000000e+01 2.400000000000000e+01 0.0
0.000000000000000e+00 2.337500000000000e+01 0.0
1.500000000000000e+00 2.341015625000000e+01 0.0
3.000000000000000e+00 2.344531250000000e+01 0.0
4.500000000000000e+00 2.348046875000000e+01 0.0
6.000000000000000e+00 2.351562500000000e+01 0.0
7.500000000000000e+00 2.355078125000000e+01 0.0
9.000000000000000e+00 2.358593750000000e+01 0.0
1.050000000000000e+01 2.362109375000000e+01 0.0
1.200000000000000e+01 2.365625000000000e+01 0.0
1.350000000000000e+01 2.369140625000000e+01 0.0
1.500000000000000e+01 2.372656250000000e+01 0.0
1.650000000000000e+01 2.376171875000000e+01 0.0
1.800000000000000e+01 2.379687500000000e+01 0.0
1.950000000000000e+01 2.383203125000000e+01 0.0
2.100000000000000e+01 2.386718750000000e+01 0.0
2.250000000000000e+01 2.390234375000000e+01 0.0
2.400000000000000e+01 2.393750000000000e+01 0.0
2.550000000000000e+01 2.397265625000000e+01 0.0
2.700000000000000e+01 2.400781250000000e+01 0.0
2.850000000000000e+01 2.404296875000000e+01 0.0
3.000000000000000e+01 2.407812500000000e+01 0.0
3.150000000000000e+01 2.411328125000000e+01 0.0
3.300000000000000e+01 2.414843750000000e+01 0.0
3.450000000000000e+01 2.418359375000000e+01 0.0
3.600000000000000e+01 2.421875000000000e+01 0.0
3.750000000000000e+01 2.425390625000000e+01 0.0
3.900000000000000e+01 2.428906250000000e+01 0.0
4.050000000000000e+01 2.432421875000000e+01 0.0
4.200000000000000e+01 2.435937500000000e+01 0.0
4.350000000000000e+01 2.439453125000000e+01 0.0
4.500000000000000e+01 2.442968750000000e+01 0.0
4.650000000000000e+01 2.446484375000000e+01 0.0
4.800000000000000e+01 2.450000000000000e+01 0.0
0.000000000000000e+00 2.475000000000000e+01 0.0
1.500000000000000e+00 2.475781250000000e+01 0.0
3.000000000000000e+00 2.476562500000000e+01 0.0
4.500000000000000e+00 2.477343750000000e+01 0.0
6.000000000000000e+00 2.478125000000000e+01 0.0
7.500000000000000e+00 2.478906250000000e+01 0.0
9.000000000000000e+00 2.479687500000000e+01 0.0
1.050000000000000e+01 2.480468750000000e+01 0.0
1.200000000000000e+01 2.481250000000000e+01 0.0
1.350000000000000e+01 2.482031250000000e+01 0.0
1.500000000000000e+01 2.482812500000000e+01 0.0
1.650000000000000e+01 2.483593750000000e+01 0.0
1.800000000000000e+01 2.484375000000000e+01 0.0
1.950000000000000e+01 2.485156250000000e+01 0.0
2.100000000000000e+01 2.485937500000000e+01 0.0
2.250000000000000e+01 2.486718750000000e+01 0.0
2.400000000000000e+01 2.487500000000000e+01 0.0
2.550000000000000e+01 2.488281250000000e+01 0.0
2.700000000000000e+01 2.489062500000000e+01 0.0
2.850000000000000e+01 2.489843750000000e+01 0.0
3.000000000000000e+01 2.490625000000000e+01 0.0
3.150000000000000e+01 2.491406250000000e+01 0.0
3.300000000000000e+01 2.492187500000000e+01 0.0
3.450000000000000e+01 2.492968750000000e+01 0.0
3.600000000000000e+01 2.493750000000000e+01 0.0
3.750000000000000e+01 2.494531250000000e+01 0.0
3.900000000000000e+01 2.495312500000000e+01 0.0
4.050000000000000e+01 2.496093750000000e+01 0.0
4.200000000000000e+01 2.496875000000000e+01 0.0
4.350000000000000e+01 2.497656250000000e+01 0.0
4.500000000000000e+01 2.498437500000000e+01 0.0
4.650000000000000e+01 2.499218750000000e+01 0.0
4.800000000000000e+01 2.500000000000000e+01 0.0
0.000000000000000e+00 2.612500000000000e+01 0.0
1.500000000000000e+00 2.610546875000000e+01 0.0
3.000000000000000e+00 2.608593750000000e+01 0.0
4.500000000000000e+00 2.606640625000000e+01 0.0
6.000000000000000e+00 2.604687500000000e+01 0.0
7.500000000000000e+00 2.602734375000000e+01 0.0
9.000000000000000e+00 2.600781250000000e+01 0.0
1.050000000000000e+01 2.598828125000000e+01 0.0
1.200000000000000e+01 2.596875000000000e+01 0.0
1.350000000000000e+01 2.594921875000000e+01 0.0
1.500000000000000e+01 2.592968750000000e+01 0.0
1.650000000000000e+01 2.591015625000000e+01 0.0
1.800000000000000e+01 2.589062500000000e+01 0.0
1.950000000000000e+01 2.587109375000000e+01 0.0
2.100000000000000e+01 2.585156250000000e+01 0.0
2.250000000000000e+01 2.583203125000000e+01 0.0
2.400000000000000e+01 2.581250000000000e+01 0.0
2.550000000000000e+01 2.579296875000000e+01 0.0
2.700000000000000e+01 2.577343750000000e+01 0.0
2.850000000000000e+01 2.575390625000000e+01 0.0
3.000000000000000e+01 2.573437500000000e+01 0.0
3.150000000000000e+01 2.571484375000000e+01 0.0
3.300000000000000e+01 2.569531250000000e+01 0.0
3.450000000000000e+01 2.567578125000000e+01 0.0
3.600000000000000e+01 2.565625000000000e+01 0.0
3.750000000000000e+01 2.563671875000000e+01 0.0
3.900000000000000e+01 2.561718750000000e+01 0.0
4.050000000000000e+01 2.559765625000000e+01 0.0
4.200000000000000e+01 2.557812500000000e+01 0.0
4.350000000000000e+01 2.555859375000000e+01 0.0
4.500000000000000e+01 2.553906250000000e+01 0.0
4.650000000000000e+01 2.551953125000000e+01 0.0
4.800000000000000e+01 2.550000000000000e+01 0.0
0.000000000000000e+00 2.750000000000000e+01 0.0
1.500000000000000e+00 2.745312500000000e+01 0.0
3.000000000000000e+00 2.740625000000000e+01 0.0
4.500000000000000e+00 2.735937500000000e+01 0.0
6.000000000000000e+00 2.731250000000000e+01 0.0
7.500000000000000e+00 2.726562500000000e+01 0.0
9.000000000000000e+00 2.721875000000000e+01 0.0
1.050000000000000e+01 2.717187500000000e+01 0.0
1.200000000000000e+01 2.712500000000000e+01 0.0
1.350000000000000e+01 2.707812500000000e+01 0.0
1.500000000000000e+01 2.703125000000000e+01 0.0
1.650000000000000e+01 2.698437500000000e+01 0.0
1.800000000000000e+01 2.693750000000000e+01 0.0
1.950000000000000e+01 2.689062500000000e+01 0.0
2.100000000000000e+01 2.684375000000000e+01 0.0
2.250000000000000e+01 2.679687500000000e+01 0.0
2.400000000000000e+01 2.675000000000000e+01 0.0
2.550000000000000e+01 2.670312500000000e+01 0.0
2.700000000000000e+01 2.665625000000000e+01 0.0
2.850000000000000e+01 2.660937500000000e+01 0.0
3.000000000000000e+01 2.656250000000000e+01 0.0
3.150000000000000e+01 2.651562500000000e+01 0.0
3.300000000000000e+01 2.646875000000000e+01 0.0
3.450000000000000e+01 2.642187500000000e+01 0.0
3.600000000000000e+01 2.637500000000000e+01 0.0
3.750000000000000e+01 2.632812500000000e+01 0.0
3.900000000000000e+01 2.628125000000000e+01 0.0
4.050000000000000e+01 2.623437500000000e+01 0.0
4.200000000000000e+01 2.618750000000000e+01 0.0
4.350000000000000e+01 2.614062500000000e+01 0.0
4.500000000000000e+01 2.609375000000000e+01 0.0
4.650000000000000e+01 2.604687500000000e+01 0.0
4.800000000000000e+01 2.600000000000000e+01 0.0
0.000000000000000e+00 2.887500000000000e+01 0.0
1.500000000000000e+00 2.880078125000000e+01 0.0
3.000000000000000e+00 2.872656250000000e+01 0.0
4.500000000000000e+00 2.865234375000000e+01 0.0
6.000000000000000e+00 2.857812500000000e+01 0.0
7.500000000000000e+00 2.850390625000000e+01 0.0
9.000000000000000e+00 2.842968750000000e+01 0.0
1.050000000000000e+01 2.835546875000000e+01 0.0
1.200000000000000e+01 2.828125000000000e+01 0.0
1.350000000000000e+01 2.820703125000000e+01 0.0
1.500000000000000e+01 2.813281250000000e+01 0.0
1.650000000000000e+01 2.805859375000000e+01 0.0
1.800000000000000e+01 2.798437500000000e+01 0.0
1.950000000000000e+01 2.791015625000000e+01 0.0
2.100000000000000e+01 2.783593750000000e+01 0.0
2.250000000000000e+01 2.776171875000000e+01 0.0
2.400000000000000e+01 2.768750000000000e+01 0.0
2.550000000000000e+01 2.761328125000000e+01 0.0
2.700000000000000e+01 2.753906250000000e+01 0.0
2.850000000000000e+01 2.746484375000000e+01 0.0
3.000000000000000e+01 2.739062500000000e+01 0.0
3.150000000000000e+01 2.731640625000000e+01 0.0
3.300000000000000e+01 2.724218750000000e+01 0.0
3.450000000000000e+01 2.716796875000000e+01 0.0
3.600000000000000e+01 2.709375000000000e+01 0.0
3.750000000000000e+01 2.701953125000000e+01 0.0
3.900000000000000e+01 2.694531250000000e+01 0.0
4.050000000000000e+01 2.687109375000000e+01 0.0
4.200000000000000e+01 2.679687500000000e+01 0.0
4.350000000000000e+01 2.672265625000000e+01 0.0
4.500000000000000e+01 2.664843750000000e+01 0.0
4.650000000000000e+01 2.657421875000000e+01 0.0
4.800000000000000e+01 2.650000000000000e+01 0.0
0.000000000000000e+00 3.025000000000000e+01 0.0
1.500000000000000e+00 3.014843750000000e+01 0.0
3.000000000000000e+00 3.004687500000000e+01 0.0
4.500000000000000e+00 2.994531250000000e+01 0.0
6.000000000000000e+00 2.984375000000000e+01 0.0
7.500000000000000e+00 2.974218750000000e+01 0.0
9.000000000000000e+00 2.964062500000000e+01 0.0
1.050000000000000e+01 2.953906250000000e+01 0.0
1.200000000000000e+01 2.943750000000000e+01 0.0
1.350000000000000e+01 2.933593750000000e+01 0.0
1.500000000000000e+01 2.923437500000000e+01 0.0
1.650000000000000e+01 2.913281250000000e+01 0.0
1.800000000000000e+01 2.903125000000000e+01 0.0
1.950000000000000e+01 2.892968750000000e+01 0.0
2.100000000000000e+01 2.882812500000000e+01 0.0
2.250000000000000e+01 2.872656250000000e+01 0.0
2.400000000000000e+01 2.862500000000000e+01 0.0
2.550000000000000e+01 2.852343750000000e+01 0.0
2.700000000000000e+01 2.842187500000000e+01 0.0
2.850000000000000e+01 2.832031250000000e+01 0.0
3.000000000000000e+01 2.821875000000000e+01 0.0
3.150000000000000e+01 2.811718750000000e+01 0.0
3.300000000000000e+01 2.801562500000000e+01 0.0
3.450000000000000e+01 2.791406250000000e+01 0.0
3.600000000000000e+01 2.781250000000000e+01 0.0
3.750000000000000e+01 2.771093750000000e+01 0.0
3.900000000000000e+01 2.760937500000000e+01 0.0
4.050000000000000e+01 2.750781250000000e+01 0.0
4.200000000000000e+01 2.740625000000000e+01 0.0
4.350000000000000e+01 2.730468750000000e+01 0.0
4.500000000000000e+01 2.720312500000000e+01 0.0
4.650000000000000e+01 2.710156250000000e+01 0.0
4.800000000000000e+01 2.700000000000000e+01 0.0
0.000000000000000e+00 3.162500000000000e+01 0.0
1.500000000000000e+00 3.149609375000000e+01 0.0
3.000000000000000e+00 3.136718750000000e+01 0.0
4.500000000000000e+00 3.123828125000000e+01 0.0
6.000000000000000e+00 3.110937500000000e+01 0.0
7.500000000000000e+00 3.098046875000000e+01 0.0
9.000000000000000e+00 3.085156250000000e+01 0.0
1.050000000000000e+01 3.072265625000000e+01 0.0
1.200000000000000e+01 3.059375000000000e+01 0.0
1.350000000000000e+01 3.046484375000000e+01 0.0
1.500000000000000e+01 3.033593750000000e+01 0.0
1.650000000000000e+01 3.020703125000000e+01 0.0
1.800000000000000e+01 3.007812500000000e+01 0.0
1.950000000000000e+01 2.994921875000000e+01 0.0
2.100000000000000e+01 2.982031250000000e+01 0.0
2.250000000000000e+01 2.969140625000000e+01 0.0
2.400000000000000e+01 2.956250000000000e+01 0.0
2.550000000000000e+01 2.943359375000000e+01 0.0
2.700000000000000e+01 2.930468750000000e+01 0.0
2.850000000000000e+01 2.917578125000000e+01 0.0
3.000000000000000e+01 2.904687500000000e+01 0.0
3.150000000000000e+01 2.891796875000000e+01 0.0
3.300000000000000e+01 2.878906250000000e+01 0.0
3.450000000000000e+01 2.866015625000000e+01 0.0
3.600000000000000e+01 2.853125000000000e+01 0.0
3.750000000000000e+01 2.840234375000000e+01 0.0
3.900000000000000e+01 2.827343750000000e+01 0.0
4.050000000000000e+01 2.814453125000000e+01 0.0
4.200000000000000e+01 2.801562500000000e+01 0.0
4.350000000000000e+01 2.788671875000000e+01 0.0
4.500000000000000e+01 2.775781250000000e+01 0.0
4.650000000000000e+01 2.762890625000000e+01 0.0
4.800000000000000e+01 2.750000000000000e+01 0.0
0.000000000000000e+00 3.300000000000000e+01 0.0
1.500000000000000e+00 3.284375000000000e+01 0.0
3.000000000000000e+00 3.268750000000000e+01 0.0
4.500000000000000e+00 3.253125000000000e+01 0.0
6.000000000000000e+00 3.237500000000000e+01 0.0
7.500000000000000e+00 3.221875000000000e+01 0.0
9.000000000000000e+00 3.206250000000000e+01 0.0
1.050000000000000e+01 3.190625000000000e+01 0.0
1.200000000000000e+01 3.175000000000000e+01 0.0
1.350000000000000e+01 3.159375000000000e+01 0.0
1.500000000000000e+01 3.143750000000000e+01 0.0
1.650000000000000e+01 3.128125000000000e+01 0.0
1.800000000000000e+01 3.112500000000000e+01 0.0
1.950000000000000e+01 3.096875000000000e+01 0.0
2.100000000000000e+01 3.081250000000000e+01 0.0
2.250000000000000e+01 3.065625000000000e+01 0.0
2.400000000000000e+01 3.050000000000000e+01 0.0
2.550000000000000e+01 3.034375000000000e+01 0.0
2.700000000000000e+01 3.018750000000000e+01 0.0
2.850000000000000e+01 3.003125000000000e+01 0.0
3.000000000000000e+01 2.987500000000000e+01 0.0
3.150000000000000e+01 2.971875000000000e+01 0.0
3.300000000000000e+01 2.956250000000000e+01 0.0
3.450000000000000e+01 2.940625000000000e+01 0.0
3.600000000000000e+01 2.925000000000000e+01 0.0
3.750000000000000e+01 2.909375000000000e+01 0.0
3.900000000000000e+01 2.893750000000000e+01 0.0
4.050000000000000e+01 2.878125000000000e+01 0.0
4.200000000000000e+01 2.862500000000000e+01 0.0
4.350000000000000e+01 2.846875000000000e+01 0.0
4.500000000000000e+01 2.831250000000000e+01 0.0
4.650000000000000e+01 2.815625000000000e+01 0.0
4.800000000000000e+01 2.800000000000000e+01 0.0
0.000000000000000e+00 3.437500000000000e+01 0.0
1.500000000000000e+00 3.419140625000000e+01 0.0
3.000000000000000e+00 3.400781250000000e+01 0.0
4.500000000000000e+00 3.382421875000000e+01 0.0
6.000000000000000e+00 3.364062500000000e+01 0.0
7.500000000000000e+00 3.345703125000000e+01 0.0
9.000000000000000e+00 3.327343750000000e+01 0.0
1.050000000000000e+01 3.308984375000000e+01 0.0
1.200000000000000e+01 3.290625000000000e+01 0.0
1.350000000000000e+01 3.272265625000000e+01 0.0
1.500000000000000e+01 3.253906250000000e+01 0.0
1.650000000000000e+01 3.235546875000000e+01 0.0
1.800000000000000e+01 3.217187500000000e+01 0.0
1.950000000000000e+01 3.198828125000000e+01 0.0
2.100000000000000e+01 3.180468750000000e+01 0.0
2.250000000000000e+01 3.162109375000000e+01 0.0
2.400000000000000e+01 3.143750000000000e+01 0.0
2.550000000000000e+01 3.125390625000000e+01 0.0
2.700000000000000e+01 3.107031250000000e+01 0.0
2.850000000000000e+01 3.088671875000000e+01 0.0
3.000000000000000e+01 3.070312500000000e+01 0.0
3.150000000000000e+01 3.051953125000000e+01 0.0
3.300000000000000e+01 3.033593750000000e+01 0.0
3.450000000000000e+01 3.015234375000000e+01 0.0
3.600000000000000e+01 2.996875000000000e+01 0.0
3.750000000000000e+01 2.978515625000000e+01 0.0
3.900000000000000e+01 2.960156250000000e+01 0.0
4.050000000000000e+01 2.941796875000000e+01 0.0
4.200000000000000e+01 2.923437500000000e+01 0.0
4.350000000000000e+01 2.905078125000000e+01 0.0
4.500000000000000e+01 2.886718750000000e+01 0.0
4.650000000000000e+01 2.868359375000000e+01 0.0
4.800000000000000e+01 2.850000000000000e+01 0.0
0.000000000000000e+00 3.575000000000000e+01 0.0
1.500000000000000e+00 3.553906250000000e+01 0.0
3.000000000000000e+00 3.532812500000000e+01 0.0
4.500000000000000e+00 3.511718750000000e+01 0.0
6.000000000000000e+00 3.490625000000000e+01 0.0
7.500000000000000e+00 3.469531250000000e+01 0.0
9.000000000000000e+00 3.448437500000000e+01 0.0
1.050000000000000e+01 3.427343750000000e+01 0.0
1.200000000000000e+01 3.406250000000000e+01 0.0
1.350000000000000e+01 3.385156250000000e+01 0.0
1.500000000000000e+01 3.364062500000000e+01 0.0
1.650000000000000e+01 3.342968750000000e+01 0.0
1.800000000000000e+01 3.321875000000000e+01 0.0
1.950000000000000e+01 3.300781250000000e+01 0.0
2.100000000000000e+01 3.279687500000000e+01 0.0
2.250000000000000e+01 3.258593750000000e+01 0.0
2.400000000000000e+01 3.237500000000000e+01 0.0
2.550000000000000e+01 3.216406250000000e+01 0.0
2.700000000000000e+01 3.195312500000000e+01 0.0
2.850000000000000e+01 3.174218750000000e+01 0.0
3.000000000000000e+01 3.153125000000000e+01 0.0
3.150000000000000e+01 3.132031250000000e+01 0.0
3.300000000000000e+01 3.110937500000000e+01 0.0
3.450000000000000e+01 3.089843750000000e+01 0.0
3.600000000000000e+01 3.068750000000000e+01 0.0
3.750000000000000e+01 3.047656250000000e+01 0.0
3.900000000000000e+01 3.026562500000000e+01 0.0
4.050000000000000e+01 3.005468750000000e+01 0.0
4.200000000000000e+01 2.984375000000000e+01 0.0
4.350000000000000e+01 2.963281250000000e+01 0.0
4.500000000000000e+01 2.942187500000000e+01 0.0
4.650000000000000e+01 2.921093750000000e+01 0.0
4.800000000000000e+01 2.900000000000000e+01 0.0
0.000000000000000e+00 3.712500000000000e+01 0.0
1.500000000000000e+00 3.688671875000000e+01 0.0
3.000000000000000e+00 3.664843750000000e+01 0.0
4.500000000000000e+00 3.641015625000000e+01 0.0
6.000000000000000e+00 3.617187500000000e+01 0.0
7.500000000000000e+00 3.593359375000000e+01 0.0
9.000000000000000e+00 3.569531250000000e+01 0.0
1.050000000000000e+01 3.545703125000000e+01 0.0
1.200000000000000e+01 3.521875000000000e+01 0.0
1.350000000000000e+01 3.498046875000000e+01 0.0
1.500000000000000e+01 3.474218750000000e+01 0.0
1.650000000000000e+01 3.450390625000000e+01 0.0
1.800000000000000e+01 3.426562500000000e+01 0.0
1.950000000000000e+01 3.402734375000000e+01 0.0
2.100000000000000e+01 3.378906250000000e+01 0.0
2.250000000000000e+01 3.355078125000000e+01 0.0
2.400000000000000e+01 3.331250000000000e+01 0.0
2.550000000000000e+01 3.307421875000000e+01 0.0
2.700000000000000e+01 3.283593750000000e+01 0.0
2.850000000000000e+01 3.259765625000000e+01 0.0
3.000000000000000e+01 3.235937500000000e+01 0.0
3.150000000000000e+01 3.212109375000000e+01 0.0
3.300000000000000e+01 3.188281250000000e+01 0.0
3.450000000000000e+01 3.164453125000000e+01 0.0
3.600000000000000e+01 3.140625000000000e+01 0.0
3.750000000000000e+01 3.116796875000000e+01 0.0
3.900000000000000e+01 3.092968750000000e+01 0.0
4.050000000000000e+01 3.069140625000000e+01 0.0
4.200000000000000e+01 3.045312500000000e+01 0.0
4.350000000000000e+01 3.021484375000000e+01 0.0
4.500000000000000e+01 2.997656250000000e+01 0.0
4.650000000000000e+01 2.973828125000000e+01 0.0
4.800000000000000e+01 2.950000000000000e+01 0.0
0.000000000000000e+00 3.850000000000000e+01 0.0
1.500000000000000e+00 3.823437500000000e+01 0.0
3.000000000000000e+00 3.796875000000000e+01 0.0
4.500000000000000e+00 3.770312500000000e+01 0.0
6.000000000000000e+00 3.743750000000000e+01 0.0
7.500000000000000e+00 3.717187500000000e+01 0.0
9.000000000000000e+00 3.690625000000000e+01 0.0
1.050000000000000e+01 3.664062500000000e+01 0.0
1.200000000000000e+01 3.637500000000000e+01 0.0
1.350000000000000e+01 3.610937500000000e+01 0.0
1.500000000000000e+01 3.584375000000000e+01 0.0
1.650000000000000e+01 3.557812500000000e+01 0.0
1.800000000000000e+01 3.531250000000000e+01 0.0
1.950000000000000e+01 3.504687500000000e+01 0.0
2.100000000000000e+01 3.478125000000000e+01 0.0
2.250000000000000e+01 3.451562500000000e+01 0.0
2.400000000000000e+01 3.425000000000000e+01 0.0
2.550000000000000e+01 3.398437500000000e+01 0.0
2.700000000000000e+01 3.371875000000000e+01 0.0
2.850000000000000e+01 3.345312500000000e+01 0.0
3.000000000000000e+01 3.318750000000000e+01 0.0
3.150000000000000e+01 3.292187500000000e+01 0.0
3.300000000000000e+01 3.265625000000000e+01 0.0
3.450000000000000e+01 3.239062500000000e+01 0.0
3.600000000000000e+01 3.212500000000000e+01 0.0
3.750000000000000e+01 3.185937500000000e+01 0.0
3.900000000000000e+01 3.159375000000000e+01 0.0
4.050000000000000e+01 3.132812500000000e+01 0.0
4.200000000000000e+01 3.106250000000000e+01 0.0
4.350000000000000e+01 3.079687500000000e+01 0.0
4.500000000000000e+01 3.053125000000000e+01 0.0
4.650000000000000e+01 3.026562500000000e+01 0.0
4.800000000000000e+01 3.000000000000000e+01 0.0
0.000000000000000e+00 3.987500000000000e+01 0.0
1.500000000000000e+00 3.958203125000000e+01 0.0
3.000000000000000e+00 3.928906250000000e+01 0.0
4.500000000000000e+00 3.899609375000000e+01 0.0
6.000000000000000e+00 3.870312500000000e+01 0.0
7.500000000000000e+00 3.841015625000000e+01 0.0
9.000000000000000e+00 3.811718750000000e+01 0.0
1.050000000000000e+01 3.782421875000000e+01 0.0
1.200000000000000e+01 3.753125000000000e+01 0.0
1.350000000000000e+01 3.723828125000000e+01 0.0
1.500000000000000e+01 3.694531250000000e+01 0.0
1.650000000000000e+01 3.665234375000000e+01 0.0
1.800000000000000e+01 3.635937500000000e+01 0.0
1.950000000000000e+01 3.606640625000000e+01 0.0
2.100000000000000e+01 3.577343750000000e+01 0.0
2.250000000000000e+01 3.548046875000000e+01 0.0
2.400000000000000e+01 3.518750000000000e+01 0.0
2.550000000000000e+01 3.489453125000000e+01 0.0
2.700000000000000e+01 3.460156250000000e+01 0.0
2.850000000000000e+01 3.430859375000000e+01 0.0
3.000000000000000e+01 3.401562500000000e+01 0.0
3.150000000000000e+01 3.372265625000000e+01 0.0
3.300000000000000e+01 3.342968750000000e+01 0.0
3.450000000000000e+01 3.313671875000000e+01 0.0
3.600000000000000e+01 3.284375000000000e+01 0.0
3.750000000000000e+01 3.255078125000000e+01 0.0
3.900000000000000e+01 3.225781250000000e+01 0.0
4.050000000000000e+01 3.196484375000000e+01 0.0
4.200000000000000e+01 3.167187500000000e+01 0.0
4.350000000000000e+01 3.137890625000000e+01 0.0
4.500000000000000e+01 3.108593750000000e+01 0.0
4.650000000000000e+01 3.079296875000000e+01 0.0
4.800000000000000e+01 3.050000000000000e+01 0.0
0.000000000000000e+00 4.125000000000000e+01 0.0
1.500000000000000e+00 4.092968750000000e+01 0.0
3.000000000000000e+00 4.060937500000000e+01 0.0
4.500000000000000e+00 4.028906250000000e+01 0.0
6.000000000000000e+00 3.996875000000000e+01 0.0
7.500000000000000e+00 3.964843750000000e+01 0.0
9.000000000000000e+00 3.932812500000000e+01 0.0
1.050000000000000e+01 3.900781250000000e+01 0.0
1.200000000000000e+01 3.868750000000000e+01 0.0
1.350000000000000e+01 3.836718750000000e+01 0.0
1.500000000000000e+01 3.804687500000000e+01 0.0
1.650000000000000e+01 3.772656250000000e+01 0.0
1.800000000000000e+01 3.740625000000000e+01 0.0
1.950000000000000e+01 3.708593750000000e+01 0.0
2.100000000000000e+01 3.676562500000000e+01 0.0
2.250000000000000e+01 3.644531250000000e+01 0.0
2.400000000000000e+01 3.612500000000000e+01 0.0
2.550000000000000e+01 3.580468750000000e+01 0.0
2.700000000000000e+01 3.548437500000000e+01 0.0
2.850000000000000e+01 3.516406250000000e+01 0.0
3.000000000000000e+01 3.484375000000000e+01 0.0
3.150000000000000e+01 3.452343750000000e+01 0.0
3.300000000000000e+01 3.420312500000000e+01 0.0
3.450000000000000e+01 3.388281250000000e+01 0.0
3.600000000000000e+01 3.356250000000000e+01 0.0
3.750000000000000e+01 3.324218750000000e+01 0.0
3.900000000000000e+01 3.292187500000000e+01 0.0
4.050000000000000e+01 3.260156250000000e+01 0.0
4.200000000000000e+01 3.228125000000000e+01 0.0
4.350000000000000e+01 3.196093750000000e+01 0.0
4.500000000000000e+01 3.164062500000000e+01 0.0
4.650000000000000e+01 3.132031250000000e+01 0.0
4.800000000000000e+01 3.100000000000000e+01 0.0
0.000000000000000e+00 4.262500000000000e+01 0.0
1.500000000000000e+00 4.227734375000000e+01 0.0
3.000000000000000e+00 4.192968750000000e+01 0.0
4.500000000000000e+00 4.158203125000000e+01 0.0
6.000000000000000e+00 4.123437500000000e+01 0.0
7.500000000000000e+00 4.088671875000000e+01 0.0
9.000000000000000e+00 4.053906250000000e+01 0.0
1.050000000000000e+01 4.019140625000000e+01 0.0
1.200000000000000e+01 3.984375000000000e+01 0.0
1.350000000000000e+01 3.949609375000000e+01 0.0
1.500000000000000e+01 3.914843750000000e+01 0.0
1.650000000000000e+01 3.880078125000000e+01 0.0
1.800000000000000e+01 3.845312500000000e+01 0.0
1.950000000000000e+01 3.810546875000000e+01 0.0
2.100000000000000e+01 3.775781250000000e+01 0.0
2.250000000000000e+01 3.741015625000000e+01 0.0
2.400000000000000e+01 3.706250000000000e+01 0.0
2.550000000000000e+01 3.671484375000000e+01 0.0
2.700000000000000e+01 3.636718750000000e+01 0.0
2.850000000000000e+01 3.601953125000000e+01 0.0
3.000000000000000e+01 3.567187500000000e+01 0.0
3.150000000000000e+01 3.532421875000000e+01 0.0
3.300000000000000e+01 3.497656250000000e+01 0.0
3.450000000000000e+01 3.462890625000000e+01 0.0
3.600000000000000e+01 3.428125000000000e+01 0.0
3.750000000000000e+01 3.393359375000000e+01 0.0
3.900000000000000e+01 3.358593750000000e+01 0.0
4.050000000000000e+01 3.323828125000000e+01 0.0
4.200000000000000e+01 3.289062500000000e+01 0.0
4.350000000000000e+01 3.254296875000000e+01 0.0
4.500000000000000e+01 3.219531250000000e+01 0.0
4.650000000000000e+01 3.184765625000000e+01 0.0
4.800000000000000e+01 3.150000000000000e+01 0.0
0.000000000000000e+00 4.400000000000000e+01 0.0
1.500000000000000e+00 4.362500000000000e+01 0.0
3.000000000000000e+00 4.325000000000000e+01 0.0
4.500000000000000e+00 4.287500000000000e+01 0.0
6.000000000000000e+00 4.250000000000000e+01 0.0
7.500000000000000e+00 4.212500000000000e+01 0.0
9.000000000000000e+00 4.175000000000000e+01 0.0
1.050000000000000e+01 4.137500000000000e+01 0.0
1.200000000000000e+01 4.100000000000000e+01 0.0
1.350000000000000e+01 4.062500000000000e+01 0.0
1.500000000000000e+01 4.025000000000000e+01 0.0
1.650000000000000e+01 3.987500000000000e+01 0.0
1.800000000000000e+01 3.950000000000000e+01 0.0
1.950000000000000e+01 3.912500000000000e+01 0.0
2.100000000000000e+01 3.875000000000000e+01 0.0
2.250000000000000e+01 3.837500000000000e+01 0.0
2.400000000000000e+01 3.800000000000000e+01 0.0
2.550000000000000e+01 3.762500000000000e+01 0.0
2.700000000000000e+01 3.725000000000000e+01 0.0
2.850000000000000e+01 3.687500000000000e+01 0.0
3.000000000000000e+01 3.650000000000000e+01 0.0
3.150000000000000e+01 3.612500000000000e+01 0.0
3.300000000000000e+01 3.575000000000000e+01 0.0
3.450000000000000e+01 3.537500000000000e+01 0.0
3.600000000000000e+01 3.500000000000000e+01 0.0
3.750000000000000e+01 3.462500000000000e+01 0.0
3.900000000000000e+01 3.425000000000000e+01 0.0
4.050000000000000e+01 3.387500000000000e+01 0.0
4.200000000000000e+01 3.350000000000000e+01 0.0
4.350000000000000e+01 3.312500000000000e+01 0.0
4.500000000000000e+01 3.275000000000000e+01 0.0
4.650000000000000e+01 3.237500000000000e+01 0.0
4.800000000000000e+01 3.200000000000000e+01 0.0

CELLS 1024 5120
4 0 1 34 33
4 1 2 35 34
4 2 3 36 35
4 3 4 37 36
4 4 5 38 37
4 5 6 39 38
4 6 7 40 39
4 7 8 41 40
4 8 9 42 41
4 9 10 43 42
4 10 11 44 43
4 11 12 45 44
4 12 13 46 45
4 13 14 47 46
4 14 15 48 47
4 15 16 49 48
4 16 17 50 49
4 17 18 51 50
4 18 19 52 51
4 19 20 53 52
4 20 21 54 53
4 21 22 55 54
4 22 23 56 55
4 23 24 57 56
4 24 25 58 57
4 25 26 59 58
4 26 27 60 59
4 27 28 61 60
4 28 29 62 61
4 29 30 63 62
4 30 31 64 63
4 31 32 65 64
4 33 34 67 66
4 34 35 68 67
4 35 36 69 68
4 36 37 70 69
4 37 38 71 70
4 38 39 72 71
4 39 40 73 72
4 40 41 74 73
4 41 42 75 74
4 42 43 76 75
4 43 44 77 76
4 44 45 78 77
4 45 46 79 78
4 46 47 80 79
4 47 48 81 80
4 48 49 82 81
4 49 50 83 82
4 50 51 84 83
4 51 52 85 84
4 52 53 86 85
4 53 54 87 86
4 54 55 88 87
4 55 56 89 88
4 56 57 90 89
4 57 58 91 90
4 58 59 92 91
4 59 60 93 92
4 60 61 94 93
4 61 62 95 94
4 62 63 96 95
4 63 64 97 96
4 64 65 98 97
4 66 67 100 99
4 67 68 101 100
4 68 69 102 101
4 69 70 103 102
4 70 71 104 103
4 71 72 105 104
4 72 73 106 105
4 73 74 107 106
4 74 75 108 107
4 75 76 109 108
4 76 77 110 109
4 77 78 111 110
4 78 79 112 111
4 79 80 113 112
4 80 81 114 113
4 81 82 115 114
4 82 83 116 115
4 83 84 117 116
4 84 85 118 117
4 85 86 119 118
4 86 87 120 119
4 87 88 121 120
4 88 89 122 121
4 89 90 123 122
4 90 91 124 123
4 91 92 125 124
4 92 93 126 125
4 93 94 127 126
4 94 95 128 127
4 95 96 129 128
4 96 97 130 129
4 97 98 131 130
4 99 100 133 132
4 100 101 134 133
4 101 102 135 134
4 102 103 136 135
4 103 104 137 136
4 104 105 138 137
4 105 106 139 138
4 106 107 140 139
4 107 108 141 140
4 108 109 142 141
4 109 110 143 142
4 110 111 144 143
4 111 112 145 144
4 112 113 146 145
4 113 114 147 146
4 114 115 148 147
4 115 116 149 148
4 116 117 150 149
4 117 118 151 150
4 118 119 152 151
4 119 120 153 152
4 120 121 154 153
4 121 122 155 154
4 122 123 156 155
4 123 124 157 156
4 124 125 158 157
4 125 126 159 158
4 126 127 160 159
4 127 128 161 160
4 128 129 162 161
4 129 130 163 162
4 130 131 164 163
4 132 133 166 165
4 133 134 167 166
4 134 135 168 167
4 135 136 169 168
4 136 137 170 169
4 137 138 171 170
4 138 139 172 171
4 139 140 173 172
4 140 141 174 173
4 141 142 175 174
4 142 143 176 175
4 143 144 177 176
4 144 145 178 177
4 145 146 179 178
4 146 147 180 179
4 147 148 181 180
4 148 149 182 181
4 149 150 183 182
4 150 151 184 183
4 151 152 185 184
4 152 153 186 185
4 153 154 187 186
4 154 155 188 187
4 155 156 189 188
4 156 157 190 189
4 157 158 191 190
4 158 159 192 191
4 159 160 193 192
4 160 161 194 193
4 161 162 195 194
4 162 163 196 195
4 163 164 197 196
4 165 166 199 198
4 166 167 200 199
4 167 168 201 200
4 168 169 202 201
4 169 170 203 202
4 170 171 204 203
4 171 172 205 204
4 172 173 206 205
4 173 174 207 206
4 174 175 208 207
4 175 176 209 208
4 176 177 210 209
4 177 178 211 210
4 178 179 212 211
4 179 180 213 212
4 180 181 214 213
4 181 182 215 214
4 182 183 216 215
4 183 184 217 216
4 184 185 218 217
4 185 186 219 218
4 186 187 220 219
4 187 188 221 220
4 188 189 222 221
4 189 190 223 222
4 190 191 224 223
4 191 192 225 224
4 192 193 226 225
4 193 194 227 226
4 194 195 228 227
4 195 196 229 228
4 196 197 230 229
4 198 199 232 231
4 199 200 233 232
4 200 201 234 233
4 201 202 235 234
4 202 203 236 235
4 203 204 237 236
4 204 205 238 237
4 205 206 239 238
4 206 207 240 239
4 207 208 241 240
4 208 209 242 241
4 209 210 243 242
4 210 211 244 243
4 211 212 245 244
4 212 213 246 245
4 213 214 247 246
4 214 215 248 247
4 215 216 249 248
4 216 217 250 249
4 217 218 251 250
4 218 219 252 251
4 219 220 253 252
4 220 221 254 253
4 221 222 255 254
4 222 223 256 255
4 223 224 257 256
4 224 225 258 257
4 225 226 259 258
4 226 227 260 259
4 227 228 261 260
4 228 229 262 261
4 229 230 263 262
4 231 232 265 264
4 232 233 266 265
4 233 234 267 266
4 234 235 268 267
4 235 236 269 268
4 236 237 270 269
4 237 238 271 270
4 238 239 272 271
4 239 240 273 272
4 240 241 274 273
4 241 242 275 274
4 242 243 276 275
4 243 244 277 276
4 244 245 278 277
4 245 246 279 278
4 246 247 280 279
4 247 248 281 280
4 248 249 282 281
4 249 250 283 282
4 250 251 284 283
4 251 252 285 284
4 252 253 286 285
4 253 254 287 286
4 254 255 288 287
4 255 256 289 288
4 256 257 290 289
4 257 258 291 290
4 258 259 292 291
4 259 260 293 292
4 260 261 294 293
4 261 262 295 294
4 262 263 296 295
4 264 265 298 297
4 265 266 299 298
4 266 267 300 299
4 267 268 301 300
4 268 269 302 301
4 269 270 303 302
4 270 271 304 303
4 271 272 305 304
4 272 273 306 305
4 273 274 307 306
4 274 275 308 307
4 275 276 309 308
4 276 277 310 309
4 277 278 311 310
4 278 279 312 311
4 279 280 313 312
4 280 281 314 313
4 281 282 315 314
4 282 283 316 315
4 283 284 317 316
4 284 285 318 317
4 285 286 319 318
4 286 287 320 319
4 287 288 321 320
4 288 289 322 321
4 289 290 323 322
4 290 291 324 323
4 291 292 325 324
4 292 293 326 325
4 293 294 327 326
4 294 295 328 327
4 295 296 329 328
4 297 298 331 330
4 298 299 332 331
4 299 300 333 332
4 300 301 334 333
4 301 302 335 334
4 302 303 336 335
4 303 304 337 336
4 304 305 338 337
4 305 306 339 338
4 306 307 340 339
4 307 308 341 340
4 308 309 342 341
4 309 310 343 342
4 310 311 344 343
4 311 312 345 344
4 312 313 346 345
4 313 314 347 346
4 314 315 348 347
4 315 316 349 348
4 316 317 350 349
4 317 318 351 350
4 318 319 352 351
4 319 320 353 352
4 320 321 354 353
4 321 322 355 354
4 322 323 356 355
4 323 324 357 356
4 324 325 358 357
4 325 326 359 358
4 326 327 360 359
4 327 328 361 360
4 328 329 362 361
4 330 331 364 363
4 331 332 365 364
4 332 333 366 365
4 333 334 367 366
4 334 335 368 367
4 335 336 369 368
4 336 337 370 369
4 337 338 371 370
4 338 339 372 371
4 339 340 373 372
4 340 341 374 373
4 341 342 375 374
4 342 343 376 375
4 343 344 377 376
4 344 345 378 377
4 345 346 379 378
4 346 347 380 379
4 347 348 381 380
4 348 349 382 381
4 349 350 383 382
4 350 351 384 383
4 351 352 385 384
4 352 353 386 385
4 353 354 387 386
4 354 355 388 387
4 355 356 389 388
4 356 357 390 389
4 357 358 391 390
4 358 359 392 391
4 359 360 393 392
4 360 361 394 393
4 361 362 395 394
4 363 364 397 396
4 364 365 398 397
4 365 366 399 398
4 366 367 400 399
4 367 368 401 400
4 368 369 402 401
4 369 370 403 402
4 370 371 404 403
4 371 372 405 404
4 372 373 406 405
4 373 374 407 406
4 374 375 408 407
4 375 376 409 408
4 376 377 410 409
4 377 378 411 410
4 378 379 412 411
4 379 380 413 412
4 380 381 414 413
4 381 382 415 414
4 382 383 416 415
4 383 384 417 416
4 384 385 418 417
4 385 386 419 418
4 386 387 420 419
4 387 388 421 420
4 388 389 422 421
4 389 390 423 422
4 390 391 424 423
4 391 392 425 424
4 392 393 426 425
4 393 394 427 426
4 394 395 428 427
4 396 397 430 429
4 397 398 431 430
4 398 399 432 431
4 399 400 433 432
4 400 401 434 433
4 401 402 435 434
4 402 403 436 435
4 403 404 437 436
4 404 405 438 437
4 405 406 439 438
4 406 407 440 439
4 407 408 441 440
4 408 409 442 441
4 409 410 443 442
4 410 411 444 443
4 411 412 445 444
4 412 413 446 445
4 413 414 447 446
4 414 415 448 447
4 415 416 449 448
4 416 417 450 449
4 417 418 451 450
4 418 419 452 451
4 419 420 453 452
4 420 421 454 453
4 421 422 455 454
4 422 423 456 455
4 423 424 457 456
4 424 425 458 457
4 425 426 459 458
4 426 427 460 459
4 427 428 461 460
4 429 430 463 462
4 430 431 464 463
4 431 432 465 464
4 432 433 466 465
4 433 434 467 466
4 434 435 468 467
4 435 436 469 468
4 436 437 470 469
4 437 438 471 470
4 438 439 472 471
4 439 440 473 472
4 440 441 474 473
4 441 442 475 474
4 442 443 476 475
4 443 444 477 476
4 444 445 478 477
4 445 446 479 478
4 446 447 480 479
4 447 448 481 480
4 448 449 482 481
4 449 450 483 482
4 450 451 484 483
4 451 452 485 484
4 452 453 486 485
4 453 454 487 486
4 454 455 488 487
4 455 456 489 488
4 456 457 490 489
4 457 458 491 490
4 458 459 492 491
4 459 460 493 492
4 460 461 494 493
4 462 463 496 495
4 463 464 497 496
4 464 465 498 497
4 465 466 499 498
4 466 467 500 499
4 467 468 501 500
4 468 469 502 501
4 469 470 503 502
4 470 471 504 503
4 471 472 505 504
4 472 473 506 505
4 473 474 507 506
4 474 475 508 507
4 475 476 509 508
4 476 477 510 509
4 477 478 511 510
4 478 479 512 511
4 479 480 513 512
4 480 481 514 513
4 481 482 515 514
4 482 483 516 515
4 483 484 517 516
4 484 485 518 517
4 485 486 519 518
4 486 487 520 519
4 487 488 521 520
4 488 489 522 521
4 489 490 523 522
4 490 491 524 523
4 491 492 525 524
4 492 493 526 525
4 493 494 527 526
4 495 496 529 528
4 496 497 530 529
4 497 498 531 530
4 498 499 532 531
4 499 500 533 532
4 500 501 534 533
4 501 502 535 534
4 502 503 536 535
4 503 504 537 536
4 504 505 538 537
4 505 506 539 538
4 506 507 540 539
4 507 508 541 540
4 508 509 542 541
4 509 510 543 542
4 510 511 544 543
4 511 512 545 544
4 512 513 546 545
4 513 514 547 546
4 514 515 548 547
4 515 516 549 548
4 516 517 550 549
4 517 518 551 550
4 518 519 552 551
4 519 520 553 552
4 520 521 554 553
4 521 522 555 554
4 522 523 556 555
4 523 524 557 556
4 524 525 558 557
4 525 526 559 558
4 526 527 560 559
4 528 529 562 561
4 529 530 563 562
4 530 531 564 563
4 531 532 565 564
4 532 533 566 565
4 533 534 567 566
4 534 535 568 567
4 535 536 569 568
4 536 537 570 569
4 537 538 571 570
4 538 539 572 571
4 539 540 573 572
4 540 541 574 573
4 541 542 575 574
4 542 543 576 575
4 543 544 577 576
4 544 545 578 577
4 545 546 579 578
4 546 547 580 579
4 547 548 581 580
4 548 549 582 581
4 549 550 583 582
4 550 551 584 583
4 551 552 585 584
4 552 553 586 585
4 553 554 587 586
4 554 555 588 587
4 555 556 589 588
4 556 557 590 589
4 557 558 591 590
4 558 559 592 591
4 559 560 593 592
4 561 562 595 594
4 562 563 596 595
4 563 564 597 596
4 564 565 598 597
4 565 566 599 598
4 566 567 600 599
4 567 568 601 600
4 568 569 602 601
4 569 570 603 602
4 570 571 604 603
4 571 572 605 604
4 572 573 606 605
4 573 574 607 606
4 574 575 608 607
4 575 576 609 608
4 576 577 610 609
4 577 578 611 610
4 578 579 612 611
4 579 580 613 612
4 580 581 614 613
4 581 582 615 614
4 582 583 616 615
4 583 584 617 616
4 584 585 618 617
4 585 586 619 618
4 586 587 620 619
4 587 588 621 620
4 588 589 622 621
4 589 590 623 622
4 590 591 624 623
4 591 592 625 624
4 592 593 626 625
4 594 595 628 627
4 595 596 629 628
4 596 597 630 629
4 597 598 631 630
4 598 599 632 631
4 599 600 633 632
4 600 601 634 633
4 601 602 635 634
4 602 603 636 635
4 603 604 637 636
4 604 605 638 637
4 605 606 639 638
4 606 607 640 639
4 607 608 641 640
4 608 609 642 641
4 609 610 643 642
4 610 611 644 643
4 611 612 645 644
4 612 613 646 645
4 613 614 647 646
4 614 615 648 647
4 615 616 649 648
4 616 617 650 649
4 617 618 651 650
4 618 619 652 651
4 619 620 653 652
4 620 621 654 653
4 621 622 655 654
4 622 623 656 655
4 623 624 657 656
4 624 625 658 657
4 625 626 659 658
4 627 628 661 660
4 628 629 662 661
4 629 630 663 662
4 630 631 664 663
4 631 632 665 664
4 632 633 666 665
4 633 634 667 666
4 634 635 668 667
4 635 636 669 668
4 636 637 670 669
4 637 638 671 670
4 638 639 672 671
4 639 640 673 672
4 640 641 674 673
4 641 642 675 674
4 642 643 676 675
4 643 644 677 676
4 644 645 678 677
4 645 646 679 678
4 646 647 680 679
4 647 648 681 680
4 648 649 682 681
4 649 650 683 682
4 650 651 684 683
4 651 652 685 684
4 652 653 686 685
4 653 654 687 686
4 654 655 688 687
4 655 656 689 688
4 656 657 690 689
4 657 658 691 690
4 658 659 692 691
4 660 661 694 693
4 661 662 695 694
4 662 663 696 695
4 663 664 697 696
4 664 665 698 697
4 665 666 699 698
4 666 667 700 699
4 667 668 701 700
4 668 669 702 701
4 669 670 703 702
4 670 671 704 703
4 671 672 705 704
4 672 673 706 705
4 673 674 707 706
4 674 675 708 707
4 675 676 709 708
4 676 677 710 709
4 677 678 711 710
4 678 679 712 711
4 679 680 713 712
4 680 681 714 713
4 681 682 715 714
4 682 683 716 715
4 683 684 717 716
4 684 685 718 717
4 685 686 719 718
4 686 687 720 719
4 687 688 721 720
4 688 689 722 721
4 689 690 723 722
4 690 691 724 723
4 691 692 725 724
4 693 694 727 726
4 694 695 728 727
4 695 696 729 728
4 696 697 730 729
4 697 698 731 730
4 698 699 732 731
4 699 700 733 732
4 700 701 734 733
4 701 702 735 734
4 702 703 736 735
4 703 704 737 736
4 704 705 738 737
4 705 706 739 738
4 706 707 740 739
4 707 708 741 740
4 708 709 742 741
4 709 710 743 742
4 710 711 744 743
4 711 712 745 744
4 712 713 746 745
4 713 714 747 746
4 714 715 748 747
4 715 716 749 748
4 716 717 750 749
4 717 718 751 750
4 718 719 752 751
4 719 720 753 752
4 720 721 754 753
4 721 722 755 754
4 722 723 756 755
4 723 724 757 756
4 724 725 758 757
4 726 727 760 759
4 727 728 761 760
4 728 729 762 761
4 729 730 763 762
4 730 731 764 763
4 731 732 765 764
4 732 733 766 765
4 733 734 767 766
4 734 735 768 767
4 735 736 769 768
4 736 737 770 769
4 737 738 771 770
4 738 739 772 771
4 739 740 773 772
4 740 741 774 773
4 741 742 775 774
4 742 743 776 775
4 743 744 777 776
4 744 745 778 777
4 745 746 779 778
4 746 747 780 779
4 747 748 781 780
4 748 749 782 781
4 749 750 783 782
4 750 751 784 783
4 751 752 785 784
4 752 753 786 785
4 753 754 787 786
4 754 755 788 787
4 755 756 789 788
4 756 757 790 789
4 757 758 791 790
4 759 760 793 792
4 760 761 794 793
4 761 762 795 794
4 762 763 796 795
4 763 764 797 796
4 764 765 798 797
4 765 766 799 798
4 766 767 800 799
4 767 768 801 800
4 768 769 802 801
4 769 770 803 802
4 770 771 804 803
4 771 772 805 804
4 772 773 806 805
4 773 774 807 806
4 774 775 808 807
4 775 776 809 808
4 776 777 810 809
4 777 778 811 810
4 778 779 812 811
4 779 780 813 812
4 780 781 814 813
4 781 782 815 814
4 782 783 816 815
4 783 784 817 816
4 784 785 818 817
4 785 786 819 818
4 786 787 820 819
4 787 788 821 820
4 788 789 822 821
4 789 790 823 822
4 790 791 824 823
4 792 793 826 825
4 793 794 827 826
4 794 795 828 827
4 795 796 829 828
4 796 797 830 829
4 797 798 831 830
4 798 799 832 831
4 799 800 833 832
4 800 801 834 833
4 801 802 835 834
4 802 803 836 835
4 803 804 837 836
4 804 805 838 837
4 805 806 839 838
4 806 807 840 839
4 807 808 841 840
4 808 809 842 841
4 809 810 843 842
4 810 811 844 843
4 811 812 845 844
4 812 813 846 845
4 813 814 847 846
4 814 815 848 847
4 815 816 849 848
4 816 817 850 849
4 817 818 851 850
4 818 819 852 851
4 819 820 853 852
4 820 821 854 853
4 821 822 855 854
4 822 823 856 855
4 823 824 857 856
4 825 826 859 858
4 826 827 860 859
4 827 828 861 860
4 828 829 862 861
4 829 830 863 862
4 830 831 864 863
4 831 832 865 864
4 832 833 866 865
4 833 834 867 866
4 834 835 868 867
4 835 836 869 868
4 836 837 870 869
4 837 838 871 870
4 838 839 872 871
4 839 840 873 872
4 840 841 874 873
4 841 842 875 874
4 842 843 876 875
4 843 844 877 876
4 844 845 878 877
4 845 846 879 878
4 846 847 880 879
4 847 848 881 880
4 848 849 882 881
4 849 850 883 882
4 850 851 884 883
4 851 852 885 884
4 852 853 886 885
4 853 854 887 886
4 854 855 888 887
4 855 856 889 888
4 856 857 890 889
4 858 859 892 891
4 859 860 893 892
4 860 861 894 893
4 861 862 895 894
4 862 863 896 895
4 863 864 897 896
4 864 865 898 897
4 865 866 899 898
4 866 867 900 899
4 867 868 901 900
4 868 869 902 901
4 869 870 903 902
4 870 871 904 903
4 871 872 905 904
4 872 873 906 905
4 873 874 907 906
4 874 875 908 907
4 875 876 909 908
4 876 877 910 909
4 877 878 911 910
4 878 879 912 911
4 879 880 913 912
4 880 881 914 913
4 881 882 915 914
4 882 883 916 915
4 883 884 917 916
4 884 885 918 917
4 885 886 919 918
4 886 887 920 919
4 887 888 921 920
4 888 889 922 921
4 889 890 923 922
4 891 892 925 924
4 892 893 926 925
4 893 894 927 926
4 894 895 928 927
4 895 896 929 928
4 896 897 930 929
4 897 898 931 930
4 898 899 932 931
4 899 900 933 932
4 900 901 934 933
4 901 902 935 934
4 902 903 936 935
4 903 904 937 936
4 904 905 938 937
4 905 906 939 938
4 906 907 940 939
4 907 908 941 940
4 908 909 942 941
4 909 910 943 942
4 910 911 944 943
4 911 912 945 944
4 912 913 946 945
4 913 914 947 946
4 914 915 948 947
4 915 916 949 948
4 916 917 950 949
4 917 918 951 950
4 918 919 952 951
4 919 920 953 952
4 920 921 954 953
4 921 922 955 954
4 922 923 956 955
4 924 925 958 957
4 925 926 959 958
4 926 927 960 959
4 927 928 961 960
4 928 929 962 961
4 929 930 963 962
4 930 931 964 963
4 931 932 965 964
4 932 933 966 965
4 933 934 967 966
4 934 935 968 967
4 935 936 969 968
4 936 937 970 969
4 937 938 971 970
4 938 939 972 971
4 939 940 973 972
4 940 941 974 973
4 941 942 975 974
4 942 943 976 975
4 943 944 977 976
4 944 945 978 977
4 945 946 979 978
4 946 947 980 979
4 947 948 981 980
4 948 949 982 981
4 949 950 983 982
4 950 951 984 983
4 951 952 985 984
4 952 953 986 985
4 953 954 987 986
4 954 955 988 987
4 955 956 989 988
4 957 958 991 990
4 958 959 992 991
4 959 960 993 992
4 960 961 994 993
4 961 962 995 994
4 962 963 996 995
4 963 964 997 996
4 964 965 998 997
4 965 966 999 998
4 966 967 1000 999
4 967 968 1001 1000
4 968 969 1002 1001
4 969 970 1003 1002
4 970 971 1004 1003
4 971 972 1005 1004
4 972 973 1006 1005
4 973 974 1007 1006
4 974 975 1008 1007
4 975 976 1009 1008
4 976 977 1010 1009
4 977 978 1011 1010
4 978 979 1012 1011
4 979 980 1013 1012
4 980 981 1014 1013
4 981 982 1015 1014
4 982 983 1016 1015
4 983 984 1017 1016
4 984 985 1018 1017
4 985 986 1019 1018
4 986 987 1020 1019
4 987 988 1021 1020
4 988 989 1022 1021
4 990 991 1024 1023
4 991 992 1025 1024
4 992 993 1026 1025
4 993 994 1027 1026
4 994 995 1028 1027
4 995 996 1029 1028
4 996 997 1030 1029
4 997 998 1031 1030
4 998 999 1032 1031
4 999 1000 1033 1032
4 1000 1001 1034 1033
4 1001 1002 1035 1034
4 1002 1003 1036 1035
4 1003 1004 1037 1036
4 1004 1005 1038 1037
4 1005 1006 1039 1038
4 1006 1007 1040 1039
4 1007 1008 1041 1040
4 1008 1009 1042 1041
4 1009 1010 1043 1042
4 1010 1011 1044 1043
4 1011 1012 1045 1044
4 1012 1013 1046 1045
4 1013 1014 1047 1046
4 1014 1015 1048 1047
4 1015 1016 1049 1048
4 1016 1017 1050 1049
4 1017 1018 1051 1050
4 1018 1019 1052 1051
4 1019 1020 1053 1052
4 1020 1021 1054 1053
4 1021 1022 1055 1054
4 1023 1024 1057 1056
4 1024 1025 1058 1057
4 1025 1026 1059 1058
4 1026 1027 1060 1059
4 1027 1028 1061 1060
4 1028 1029 1062 1061
4 1029 1030 1063 1062
4 1030 1031 1064 1063
4 1031 1032 1065 1064
4 1032 1033 1066 1065
4 1033 1034 1067 1066
4 1034 1035 1068 1067
4 1035 1036 1069 1068
4 1036 1037 1070 1069
4 1037 1038 1071 1070
4 1038 1039 1072 1071
4 1039 1040 1073 1072
4 1040 1041 1074 1073
4 1041 1042 1075 1074
4 1042 1043 1076 1075
4 1043 1044 1077 1076
4 1044 1045 1078 1077
4 1045 1046 1079 1078
4 1046 1047 1080 1079
4 1047 1048 1081 1080
4 1048 1049 1082 1081
4 1049 1050 1083 1082
4 1050 1051 1084 1083
4 1051 1052 1085 1084
4 1052 1053 1086 1085
4 1053 1054 1087 1086
4 1054 1055 1088 1087

CELL_TYPES 1024
9
9
9
9
9
9
9
9
9
9
9
9
9
9
9
9
9
9
9
9
9
9
9
9
9
9
9
9
9
9
9
9
9
9
9
9
9
9
9
9
9
9
9
9
9
9
9
9
9
9
9
9
9
9
9
9
9
9
9
9
9
9
9
9
9
9
9
9
9
9
9
9
9
9
9
9
9
9
9
9
9
9
9
9
9
9
9
9
9
9
9
9
9
9
9
9
9
9
9
9
9
9
9
9
9
9
9
9
9
9
9
9
9
9
9
9
9
9
9
9
9
9
9
9
9
9
9
9
9
9
9
9
9
9
9
9
9
9
9
9
9
9
9
9
9
9
9
9
9
9
9
9
9
9
9
9
9
9
9
9
9
9
9
9
9
9
9
9
9
9
9
9
9
9
9
9
9
9
9
9
9
9
9
9
9
9
9
9
9
9
9
9
9
9
9
9
9
9
9
9
9
9
9
9
9
9
9
9
9
9
9
9
9
9
9
9
9
9
9
9
9
9
9
9
9
9
9
9
9
9
9
9
9
9
9
9
9
9
9
9
9
9
9
9
9
9
9
9
9
9
9
9
9
9
9
9
9
9
9
9
9
9
9
9
9
9
9
9
9
9
9
9
9
9
9
9
9
9
9
9
9
9
9
9
9
9
9
9
9
9
9
9
9
9
9
9
9
9
9
9
9
9
9
9
9
9
9
9
9
9
9
9
9
9
9
9
9
9
9
9
9
9
9
9
9
9
9
9
9
9
9
9
9
9
9
9
9
9
9
9
9
9
9
9
9
9
9
9
9
9
9
9
9
9
9
9
9
9
9
9
9
9
9
9
9
9
9
9
9
9
9
9
9
9
9
9
9
9
9
9
9
9
9
9
9
9
9
9
9
9
9
9
9
9
9
9
9
9
9
9
9
9
9
9
9
9
9
9
9
9
9
9
9
9
9
9
9
9
9
9
9
9
9
9
9
9
9
9
9
9
9
9
9
9
9
9
9
9
9
9
9
9
9
9
9
9
9
9
9
9
9
9
9
9
9
9
9
9
9
9
9
9
9
9
9
9
9
9
9
9
9
9
9
9
9
9
9
9
9
9
9
9
9
9
9
9
9
9
9
9
9
9
9
9
9
9
9
9
9
9
9
9
9
9
9
9
9
9
9
9
9
9
9
9
9
9
9
9
9
9
9
9
9
9
9
9
9
9
9
9
9
9
9
9
9
9
9
9
9
9
9
9
9
9
9
9
9
9
9
9
9
9
9
9
9
9
9
9
9
9
9
9
9
9
9
9
9
9
9
9
9
9
9
9
9
9
9
9
9
9
9
9
9
9
9
9
9
9
9
9
9
9
9
9
9
9
9
9
9
9
9
9
9
9
9
9
9
9
9
9
9
9
9
9
9
9
9
9
9
9
9
9
9
9
9
9
9
9
9
9
9
9
9
9
9
9
9
9
9
9
9
9
9
9
9
9
9
9
9
9
9
9
9
9
9
9
9
9
9
9
9
9
9
9
9
9
9
9
9
9
9
9
9
9
9
9
9
9
9
9
9
9
9
9
9
9
9
9
9
9
9
9
9
9
9
9
9
9
9
9
9
9
9
9
9
9
9
9
9
9
9
9
9
9
9
9
9
9
9
9
9
9
9
9
9
9
9
9
9
9
9
9
9
9
9
9
9
9
9
9
9
9
9
9
9
9
9
9
9
9
9
9
9
9
9
9
9
9
9
9
9
9
9
9
9
9
9
9
9
9
9
9
9
9
9
9
9
9
9
9
9
9
9
9
9
9
9
9
9
9
9
9
9
9
9
9
9
9
9
9
9
9
9
9
9
9
9
9
9
9
9
9
9
9
9
9
9
9
9
9
9
9
9
9
9
9
9
9
9
9
9
9
9
9
9
9
9
9
9
9
9
9
9
9
9
9
9
9
9
9
9
9
9
9
9
9
9
9
9
9
9
9
9
9
9
9
9
9
9
9
9
9
9
9
9
9
9
9
9
9
9
9
9
9
9
9
9
9
9
9
9
9
9
9
9
9
9
9
9
9
9
9
9
9
9
9
9
9
9
9
9
9
9
9
9
9
9
9
9
9
9
9
9
9
9
9
9
9
9
9
9
9
9
9
9
9
9
9
9
9
9
9
9
9
9
9
9
9
9
9
9
9
9
9
9
9
9
9
9
9
9
9
9
9
9
9
9
9
9
9
9
9
9
9
9
9
9
9
9
9
9
9
9
9
9
9
9
9
9
9
9
9
9
9
9
9
9
9
9
9
9
9
9
9
9
9
9
9
9
9
9
9
9
9
9
9
9
9
9
9
9
9
9
9

POINT_DATA 1089
VECTORS displacement double
0.000000000000000e+00 0.000000000000000e+00 0.0
9.700909504860097e-01 4.810200273026398e+00 0.0
2.028771361219136e+00 7.117665861972830e+00 0.0
2.713990466706532e+00 9.290479236497609e+00 0.0
3.670510498296070e+00 1.099417657342881e+01 0.0
4.629766229857800e+00 1.260797677702845e+01 0.0
5.749051642388210e+00 1.413471247529795e+01 0.0
6.911167348363964e+00 1.568987089409874e+01 0.0
8.165061189693491e+00 1.730299048610062e+01 0.0
9.443602435960335e+00 1.902375843905950e+01 0.0
1.076453212156654e+01 2.087480993302609e+01 0.0
1.208321228254953e+01 2.288147396452337e+01 0.0
1.340698904000859e+01 2.505875007632194e+01 0.0
1.470389462315004e+01 2.742093932854410e+01 0.0
1.597735477340962e+01 2.997817199740980e+01 0.0
1.720328580403428e+01 3.273948657493877e+01 0.0
1.838314293792795e+01 3.571241202352125e+01 0.0
1.949772953267619e+01 3.890356114089830e+01 0.0
2.054683577531758e+01 4.231922676159422e+01 0.0
2.151395207942520e+01 4.596491191685279e+01 0.0
2.239688175930352e+01 4.984625675008056e+01 0.0
2.318000212342123e+01 5.396798086578566e+01 0.0
2.385860729254543e+01 5.833504670234389e+01 0.0
2.441629366808238e+01 6.295089555615711e+01 0.0
2.484544856140645e+01 6.781943737815544e+01 0.0
2.512697895678406e+01 7.294138015404357e+01 0.0
2.525092521377227e+01 7.831988893487826e+01 0.0
2.519223494605276e+01 8.394982552265468e+01 0.0
2.494338143346793e+01 8.984050622049239e+01 0.0
2.446322459426596e+01 9.597390119551989e+01 0.0
2.376535631912548e+01 1.024176053487206e+02 0.0
2.276190433686122e+01 1.091305519391088e+02 0.0
2.121504153259925e+01 1.169060126310165e+02 0.0
0.000000000000000e+00 0.000000000000000e+00 0.0
3.291867691302982e-01 3.425372208174811e+00 0.0
1.283652712743085e+00 6.263807953069823e+00 0.0
2.295968659764779e+00 8.289582334084049e+00 0.0
3.313182279577340e+00 1.006128903471425e+01 0.0
4.431670535603209e+00 1.162759058373984e+01 0.0
5.568936395005980e+00 1.315116168174862e+01 0.0
6.776031754747877e+00 1.468114296689451e+01 0.0
7.994861149218112e+00 1.628511463585817e+01 0.0
9.248995240241243e+00 1.799517894178954e+01 0.0
1.049720423866306e+01 1.984450429389897e+01 0.0
1.175101013863772e+01 2.185269714381413e+01 0.0
1.297994210512714e+01 2.403753200234301e+01 0.0
1.419009555135500e+01 2.641125893752249e+01 0.0
1.535809173221311e+01 2.898431240873889e+01 0.0
1.648716555531118e+01 3.176509826812467e+01 0.0
1.755857032492734e+01 3.476068031285982e+01 0.0
1.857347698221334e+01 3.797770557745891e+01 0.0
1.951591287312637e+01 4.142183107816276e+01 0.0
2.038499382314917e+01 4.509897474546471e+01 0.0
2.116599010109492e+01 4.901414518443503e+01 0.0
2.185561290270288e+01 5.317278644568081e+01 0.0
2.243901284948652e+01 5.757914541971018e+01 0.0
2.290997948978084e+01 6.223787928003403e+01 0.0
2.325225556618295e+01 6.715155627633109e+01 0.0
2.345609057779263e+01 7.232348896616125e+01 0.0
2.350274455375642e+01 7.775277275399927e+01 0.0
2.337766992119509e+01 8.344206091128038e+01 0.0
2.306053769168232e+01 8.938508092167943e+01 0.0
2.252108917391550e+01 9.559455340322036e+01 0.0
2.176263974131061e+01 1.020701264267058e+02 0.0
2.056023443128246e+01 1.089108227741052e+02 0.0
1.899877953348804e+01 1.167579489120176e+02 0.0
0.000000000000000e+00 0.000000000000000e+00 0.0
2.940658352835210e-01 2.850462026640517e+00 0.0
9.793734270560921e-01 5.278044461476919e+00 0.0
1.964623547014992e+00 7.341829080372354e+00 0.0
3.045534753972026e+00 9.037422840452395e+00 0.0
4.168479002636729e+00 1.061920695605333e+01 0.0
5.345897255628405e+00 1.212203564671224e+01 0.0
6.529261674008821e+00 1.365945534751876e+01 0.0
7.738271181473690e+00 1.526017095980923e+01 0.0
8.935935512366584e+00 1.697919520968622e+01 0.0
1.013544308306029e+01 1.883512387737041e+01 0.0
1.130868965300510e+01 2.085675159238719e+01 0.0
1.246395409883301e+01 2.305550800682639e+01 0.0
1.357932231936182e+01 2.544762694145975e+01 0.0
1.465989298813477e+01 2.804052472877882e+01 0.0
1.568793274237894e+01 3.084442490151057e+01 0.0
1.666616874986224e+01 3.386492762516115e+01 0.0
1.757949806522828e+01 3.710954905875645e+01 0.0
1.842845825295285e+01 4.058330724218611e+01 0.0
1.919930038458916e+01 4.429254698097898e+01 0.0
1.989018742310947e+01 4.824216039992049e+01 0.0
2.048760903879917e+01 5.243773036759492e+01 0.0
2.098691153633269e+01 5.688387089874650e+01 0.0
2.137382223549706e+01 6.158494196305867e+01 0.0
2.164009718880612e+01 6.654464743435157e+01 0.0
2.176996592386870e+01 7.176490210795498e+01 0.0
2.174985162014511e+01 7.724762300003337e+01 0.0
2.156292702535096e+01 8.299133587339112e+01 0.0
2.118357384835381e+01 8.899593091270955e+01 0.0
2.059808552157308e+01 9.526809424524056e+01 0.0
1.973813545840596e+01 1.018022437897428e+02 0.0
1.844760671607519e+01 1.088121901206050e+02 0.0
1.706648155083237e+01 1.166265951192262e+02 0.0
0.000000000000000e+00 0.000000000000000e+00 0.0
2.162072482071155e-01 2.366628951741432e+00 0.0
8.652128678410198e-01 4.521246541417715e+00 0.0
1.749798459827250e+00 6.376410057627902e+00 0.0
2.796317568059461e+00 8.055920686605146e+00 0.0
3.914497206421153e+00 9.586433100345449e+00 0.0
5.061801681249944e+00 1.110299958145629e+01 0.0
6.231589023356944e+00 1.263382117788637e+01 0.0
7.391579387220218e+00 1.425360798038475e+01 0.0
8.548826751333932e+00 1.598176085644296e+01 0.0
9.678455400368865e+00 1.785888268007125e+01 0.0
1.078812893898463e+01 1.989690315825639e+01 0.0
1.185823780103664e+01 2.211874543362087e+01 0.0
1.289477021553381e+01 2.453176528873962e+01 0.0
1.388170731857485e+01 2.714992475915725e+01 0.0
1.482302557904576e+01 2.997837447253865e+01 0.0
1.570499827715944e+01 3.302675622914079e+01 0.0
1.652948741125768e+01 3.629950831901223e+01 0.0
1.728400832799801e+01 3.980433042017058e+01 0.0
1.796811739652674e+01 4.354564468025385e+01 0.0
1.856967403738050e+01 4.753020626527338e+01 0.0
1.908556936707740e+01 5.176245694316232e+01 0.0
1.950319893725510e+01 5.624826178069875e+01 0.0
1.981614610333168e+01 6.099151603720633e+01 0.0
2.001061509951194e+01 6.599656114794966e+01 0.0
2.007564204158142e+01 7.126547776339940e+01 0.0
1.999552689343003e+01 7.680046006275879e+01 0.0
1.975213184513668e+01 8.259964832522289e+01 0.0
1.932424001381810e+01 8.866721179017227e+01 0.0
1.868502010468533e+01 9.499799507658216e+01 0.0
1.774703389828831e+01 1.016304202215037e+02 0.0
1.648294990713245e+01 1.087672825965297e+02 0.0
1.528425072141651e+01 1.164767453127034e+02 0.0
0.000000000000000e+00 0.000000000000000e+00 0.0
2.121184124040947e-01 1.978250530270231e+00 0.0
7.651017864744108e-01 3.813992060231377e+00 0.0
1.597742676586896e+00 5.520963567594304e+00 0.0
2.576961287980213e+00 7.084707845989139e+00 0.0
3.647472588794187e+00 8.600760661991101e+00 0.0
4.758310516392743e+00 1.009232425058627e+01 0.0
5.876796040077945e+00 1.164152143588026e+01 0.0
6.993785730275158e+00 1.326805598595604e+01 0.0
8.086382811543329e+00 1.502257159401552e+01 0.0
9.157208952048192e+00 1.691780508525826e+01 0.0
1.018888146261378e+01 1.898378583601351e+01 0.0
1.118643305821543e+01 2.122822891425405e+01 0.0
1.213585332785450e+01 2.366955254616972e+01 0.0
1.304164485663560e+01 2.631277401745122e+01 0.0
1.389181036385741e+01 2.917024048370394e+01 0.0
1.468927295097569e+01 3.224596119321842e+01 0.0
1.542307828383932e+01 3.554934591259659e+01 0.0
1.609407578061040e+01 3.908432883160704e+01 0.0
1.669159395002892e+01 4.285895789649090e+01 0.0
1.721402481102951e+01 4.687734965251874e+01 0.0
1.765031234436170e+01 5.114672400932445e+01 0.0
1.799589826985230e+01 5.567102117190474e+01 0.0
1.823864484071381e+01 6.045642867773248e+01 0.0
1.837024893414141e+01 6.550567281071677e+01 0.0
1.837642968832481e+01 7.082328522259616e+01 0.0
1.824390394463903e+01 7.640909291686293e+01 0.0
1.795288503425991e+01 8.226608617429029e+01 0.0
1.748390608412709e+01 8.839269516218565e+01 0.0
1.679615914661989e+01 9.479467902304327e+01 0.0
1.583123391134180e+01 1.015295350885894e+02 0.0
1.464657630717883e+01 1.087401828332111e+02 0.0
1.361067399224745e+01 1.163230070307581e+02 0.0
0.000000000000000e+00 0.000000000000000e+00 0.0
1.806522226690032e-01 1.615426893764988e+00 0.0
7.052965115193326e-01 3.196773293958489e+00 0.0
1.455412129601565e+00 4.709875238176472e+00 0.0
2.374169764494353e+00 6.191369246187334e+00 0.0
3.379025949091268e+00 7.644519750256706e+00 0.0
4.429214084185886e+00 9.135023153135066e+00 0.0
5.492218530174996e+00 1.067917023191700e+01 0.0
6.543513286277441e+00 1.233029477949894e+01 0.0
7.575500746310887e+00 1.410130882814364e+01 0.0
8.571693483616327e+00 1.602753544454153e+01 0.0
9.533488598419575e+00 1.811724344459115e+01 0.0
1.044854167341551e+01 2.039313971725629e+01 0.0
1.132062953625722e+01 2.286046340702422e+01 0.0
1.213953844655118e+01 2.553450409471067e+01 0.0
1.290870798139970e+01 2.841913720691818e+01 0.0
1.361887598676724e+01 3.152571905125942e+01 0.0
1.427195120078899e+01 3.485786198022975e+01 0.0
1.485885248729690e+01 3.842500050282126e+01 0.0
1.537934376921677e+01 4.223095652454845e+01 0.0
1.582393561830019e+01 4.628418212344570e+01 0.0
1.618978542153081e+01 5.058859693673025e+01 0.0
1.646639320523214e+01 5.515182674406307e+01 0.0
1.664774796712938e+01 5.997719197351674e+01 0.0
1.672140463274042e+01 6.507103448445790e+01 0.0
1.667732038845081e+01 7.043486387400537e+01 0.0
1.649898053698743e+01 7.607290450737288e+01 0.0
1.617046260928502e+01 8.198485839703223e+01 0.0
1.566674273264340e+01 8.817369842149233e+01 0.0
1.495179895483618e+01 9.465086638747563e+01 0.0
1.400009017305793e+01 1.014761176352697e+02 0.0
1.291813518513444e+01 1.087166858988319e+02 0.0
1.201956523333152e+01 1.161747059885707e+02 0.0
0.000000000000000e+00 0.000000000000000e+00 0.0
1.725468918027113e-01 1.294364985488981e+00 0.0
6.354241858308552e-01 2.622744760680864e+00 0.0
1.332145296095714e+00 3.979643721007604e+00 0.0
2.171598657147273e+00 5.347204286296446e+00 0.0
3.107178804016641e+00 6.759465096392846e+00 0.0
4.085783963339706e+00 8.221267500383950e+00 0.0
5.077316934467039e+00 9.777109656464358e+00 0.0
6.060332934748121e+00 1.143720813658041e+01 0.0
7.016777054330027e+00 1.323769198522588e+01 0.0
7.941477431047929e+00 1.518665440711295e+01 0.0
8.822623654317660e+00 1.730966996026241e+01 0.0
9.661581026497705e+00 1.961220865814595e+01 0.0
1.044951707984988e+01 2.211221356016201e+01 0.0
1.118953182335935e+01 2.481363268129974e+01 0.0
1.187399037410436e+01 2.772982700537499e+01 0.0
1.250544836097312e+01 3.086427844984820e+01 0.0
1.307646100594658e+01 3.422789295371486e+01 0.0
1.358794047975228e+01 3.782429140273810e+01 0.0
1.403200499306364e+01 4.166312607619871e+01 0.0
1.440732489856890e+01 4.574825865318218e+01 0.0
1.470505947936683e+01 5.008853722728830e+01 0.0
1.492115139310258e+01 5.468767036667523e+01 0.0
1.504508931492238e+01 5.955351310762585e+01 0.0
1.506940235023351e+01 6.468876673869705e+01 0.0
1.498056378857658e+01 7.009953018562199e+01 0.0
1.476615487669425e+01 7.578673816975545e+01 0.0
1.440735078184236e+01 8.175457897083550e+01 0.0
1.388194759428027e+01 8.800481885927026e+01 0.0
1.316154518255907e+01 9.455676895461815e+01 0.0
1.225249002047894e+01 1.014508656614120e+02 0.0
1.127787735510065e+01 1.086941501613354e+02 0.0
1.049454346471360e+01 1.160354161182329e+02 0.0
0.000000000000000e+00 0.000000000000000e+00 0.0
1.503199610101561e-01 9.979655250641084e-01 0.0
5.798682508107822e-01 2.109934292587499e+00 0.0
1.203919028565253e+00 3.303565016792770e+00 0.0
1.974830946753587e+00 4.580973417758217e+00 0.0
2.828565220121116e+00 5.931062997975960e+00 0.0
3.729397029922748e+00 7.379664055886285e+00 0.0
4.642406085535405e+00 8.929356408904962e+00 0.0
5.545591887815222e+00 1.061052355671894e+01 0.0
6.425078846739427e+00 1.242894305543083e+01 0.0
7.267885427597002e+00 1.441012296596048e+01 0.0
8.071167348735909e+00 1.655908518692539e+01 0.0
8.826578478496888e+00 1.889533439909220e+01 0.0
9.535773625382632e+00 2.142281343289896e+01 0.0
1.019236693036948e+01 2.415658002133462e+01 0.0
1.079895580173007e+01 2.710009992650812e+01 0.0
1.134961532235133e+01 3.026571071230081e+01 0.0
1.184607075745849e+01 3.365694748853888e+01 0.0
1.228202769688505e+01 3.728464298581689e+01 0.0
1.265742503553405e+01 4.115261826378757e+01 0.0
1.296506994573584e+01 4.527082415373524e+01 0.0
1.320257339088974e+01 4.964319756497393e+01 0.0
1.336130194393640e+01 5.427887096192517e+01 0.0
1.343597187967298e+01 5.918133145402240e+01 0.0
1.341561533315510e+01 6.435841356010160e+01 0.0
1.329096527991293e+01 6.981231439302027e+01 0.0
1.304714966709088e+01 7.554901824706215e+01 0.0
1.266881760536224e+01 8.156939664444391e+01 0.0
1.213448056006066e+01 8.788149716368800e+01 0.0
1.142986192404571e+01 9.449875579177615e+01 0.0
1.058032613718527e+01 1.014440668315875e+02 0.0
9.710429640947904e+00 1.086702655162956e+02 0.0
9.022575004525141e+00 1.159100567942268e+02 0.0
0.000000000000000e+00 0.000000000000000e+00 0.0
1.388804886574511e-01 7.344727315314129e-01 0.0
5.163368404718290e-01 1.642155309596895e+00 0.0
1.083170150783261e+00 2.698706151585832e+00 0.0
1.773097712934942e+00 3.877468633772336e+00 0.0
2.547357541581909e+00 5.181633831180831e+00 0.0
3.361735782122145e+00 6.602006006043648e+00 0.0
4.189710878459806e+00 8.156806898270412e+00 0.0
5.008464929078650e+00 9.846146124419651e+00 0.0
5.802263055263557e+00 1.169132605586116e+01 0.0
6.562686284585739e+00 1.369530204385848e+01 0.0
7.280666911009718e+00 1.587711943882601e+01 0.0
7.955250002051688e+00 1.824012396261695e+01 0.0
8.580607633044012e+00 2.080023742950885e+01 0.0
9.158623843917475e+00 2.356079280498130e+01 0.0
9.684562918292412e+00 2.653527890545122e+01 0.0
1.016051098568929e+01 2.972719210793146e+01 0.0
1.058162102414945e+01 3.314846072194458e+01 0.0
1.094880022314593e+01 3.680290219813595e+01 0.0
1.125642766940986e+01 4.070148761956510e+01 0.0
1.150350922593957e+01 4.484829585165157e+01 0.0
1.168317531562822e+01 4.925355600745340e+01 0.0
1.179200513662283e+01 5.392125880572981e+01 0.0
1.182126296362262e+01 5.886067441162640e+01 0.0
1.176433609192103e+01 6.407503980687237e+01 0.0
1.160953051919460e+01 6.957212448711782e+01 0.0
1.134576567695019e+01 7.535374438108967e+01 0.0
1.095685899479549e+01 8.142649787363864e+01 0.0
1.042822304826128e+01 8.779407898817702e+01 0.0
9.754664517645514e+00 9.446883344430948e+01 0.0
8.974887840240992e+00 1.014464442402946e+02 0.0
8.202073285552302e+00 1.086481984844180e+02 0.0
7.594526264128803e+00 1.157983446792133e+02 0.0
0.000000000000000e+00 0.000000000000000e+00 0.0
1.198628713445430e-01 4.974492201509378e-01 0.0
4.597057602893531e-01 1.228764875216555e+00 0.0
9.573933208728609e-01 2.153211315580972e+00 0.0
1.573432778295774e+00 3.251895418476865e+00 0.0
2.259582553594379e+00 4.502132396652513e+00 0.0
2.986035882780325e+00 5.905884279947359e+00 0.0
3.722937550689821e+00 7.454275668341001e+00 0.0
4.451179703575631e+00 9.160023464960950e+00 0.0
5.156418517754831e+00 1.102159632632502e+01 0.0
5.827757656658488e+00 1.305477416539854e+01 0.0
6.460721271943313e+00 1.526106174944279e+01 0.0
7.049167993100344e+00 1.765580238157790e+01 0.0
7.593482952180880e+00 2.024169917133909e+01 0.0
8.089586787434422e+00 2.303276010146804e+01 0.0
8.539385609778025e+00 2.603231467726260e+01 0.0
8.939191962843010e+00 2.925314745548044e+01 0.0
9.290516501252426e+00 3.269906664271861e+01 0.0
9.589145452900357e+00 3.638195470379100e+01 0.0
9.835187390090145e+00 4.030599114765032e+01 0.0
1.002338088497055e+01 4.448236167729434e+01 0.0
1.015185495568595e+01 4.891538080718114e+01 0.0
1.021383491713766e+01 5.361548364875178e+01 0.0
1.020489517663349e+01 5.858665447387331e+01 0.0
1.011601009709731e+01 6.383820578263879e+01 0.0
9.939316963392837e+00 6.937310433625323e+01 0.0
9.662502136450764e+00 7.519906722765880e+01 0.0
9.273987427745622e+00 8.131803075366922e+01 0.0
8.762353602235915e+00 8.773746868702894e+01 0.0
8.132363712752355e+00 9.445672279924642e+01 0.0
7.425854991492390e+00 1.014560948139321e+02 0.0
6.742414376264787e+00 1.086271099759706e+02 0.0
6.202011522534882e+00 1.157037180910195e+02 0.0
0.000000000000000e+00 0.000000000000000e+00 0.0
1.065335248912164e-01 2.908532555949316e-01 0.0
3.982388931670197e-01 8.626858429438859e-01 0.0
8.351795566936643e-01 1.676517078063153e+00 0.0
1.369353416010799e+00 2.696128647137818e+00 0.0
1.969512015510476e+00 3.905810352667067e+00 0.0
2.601890887402341e+00 5.285518568769341e+00 0.0
3.244566952420977e+00 6.835917076026565e+00 0.0
3.878197500668757e+00 8.548383544732873e+00 0.0
4.489521783497566e+00 1.043231506974085e+01 0.0
5.070231523937989e+00 1.248556014354248e+01 0.0
5.613079260513543e+00 1.472089639180738e+01 0.0
6.116329547919872e+00 1.713943269516547e+01 0.0
6.575920211252175e+00 1.975464903625989e+01 0.0
6.993026123343018e+00 2.256930110651750e+01 0.0
7.364699777571324e+00 2.559655520075767e+01 0.0
7.692642290877354e+00 2.884008194821352e+01 0.0
7.973782706411132e+00 3.231247480642359e+01 0.0
8.209008951770526e+00 3.601796234876850e+01 0.0
8.394460637860059e+00 3.996855321103536e+01 0.0
8.529501181374242e+00 4.416877204654075e+01 0.0
8.609058415783768e+00 4.863000980350249e+01 0.0
8.630475644185495e+00 5.335674913016297e+01 0.0
8.586968971494080e+00 5.835954767150088e+01 0.0
8.473239774178953e+00 6.364231162979631e+01 0.0
8.280054397052917e+00 6.921427561779403e+01 0.0
7.998943955639840e+00 7.507804548050107e+01 0.0
7.619083210146124e+00 8.124094472749958e+01 0.0
7.135350957457866e+00 8.770254888347050e+01 0.0
6.556287708855717e+00 9.445893557341292e+01 0.0
5.924454243393266e+00 1.014681928098025e+02 0.0
5.321749598230213e+00 1.086109313138014e+02 0.0
4.838883609959337e+00 1.156244363316033e+02 0.0
0.000000000000000e+00 0.000000000000000e+00 0.0
8.914253053804833e-02 1.117415541828219e-01 0.0
3.403685033364970e-01 5.490513114245167e-01 0.0
7.096073882921303e-01 1.262608994546383e+00 0.0
1.165773588955973e+00 2.219316555087268e+00 0.0
1.674381134263501e+00 3.387044119220058e+00 0.0
2.211963928782020e+00 4.752411498141412e+00 0.0
2.756095881498172e+00 6.297601803694771e+00 0.0
3.291396122371890e+00 8.022837582325717e+00 0.0
3.806224687041976e+00 9.920259055222969e+00 0.0
4.291804859061379e+00 1.199779596768300e+01 0.0
4.744046960337399e+00 1.425357436337253e+01 0.0
5.158331643426070e+00 1.669910990902149e+01 0.0
5.534669779187602e+00 1.933583801099269e+01 0.0
5.870372828143992e+00 2.217654718334118e+01 0.0
6.166923797276566e+00 2.522444353378802e+01 0.0
6.422046828704162e+00 2.849247946412599e+01 0.0
6.637064366523070e+00 3.198480623982387e+01 0.0
6.809251968406273e+00 3.571408110813159e+01 0.0
6.938884891303323e+00 3.968494433817887e+01 0.0
7.022324283610489e+00 4.390957468532610e+01 0.0
7.058298404998032e+00 4.839277105129982e+01 0.0
7.041884621346124e+00 5.314607380871681e+01 0.0
6.969813167993548e+00 5.817404605388980e+01 0.0
6.835375926109650e+00 6.348724906192435e+01 0.0
6.632814272763696e+00 6.908933853580776e+01 0.0
6.353535411711038e+00 7.498905792967113e+01 0.0
5.991124693958806e+00 8.118737188346655e+01 0.0
5.542535055516551e+00 8.768640081968491e+01 0.0
5.020179116012474e+00 9.446852634951237e+01 0.0
4.461443370850379e+00 1.014841252530852e+02 0.0
3.932623437590343e+00 1.085983387836858e+02 0.0
3.498916339450344e+00 1.155635476450255e+02 0.0
0.000000000000000e+00 0.000000000000000e+00 0.0
7.464979714547261e-02 -3.795844904373288e-02 0.0
2.798707362289011e-01 2.842609903664705e-01 0.0
5.855263897620595e-01 9.172524871629611e-01 0.0
9.590590277673722e-01 1.816709659905107e+00 0.0
1.376879142620084e+00 2.954523209936508e+00 0.0
1.815794784787692e+00 4.302388847684093e+00 0.0
2.259170265067723e+00 5.849345829467169e+00 0.0
2.693288386912627e+00 7.579963353280391e+00 0.0
3.107959099358838e+00 9.495114157880852e+00 0.0
3.497059450479833e+00 1.158832022550270e+01 0.0
3.855097022455025e+00 1.386744487381867e+01 0.0
4.180759303392412e+00 1.633153746697958e+01 0.0
4.471193113422092e+00 1.899197120298458e+01 0.0
4.727348745405363e+00 2.185091585072792e+01 0.0
4.947366307881527e+00 2.492113962874339e+01 0.0
5.132672890133637e+00 2.820645594302369e+01 0.0
5.281368584749075e+00 3.171990919307063e+01 0.0
5.394317535152039e+00 3.546612698671923e+01 0.0
5.469024694641837e+00 3.945791131316741e+01 0.0
5.505242471339854e+00 4.370023807583844e+01 0.0
5.499556459100288e+00 4.820542361533553e+01 0.0
5.450251229392660e+00 5.297844537240355e+01 0.0
5.352664452127188e+00 5.803089723818822e+01 0.0
5.203249958170255e+00 6.336727163328580e+01 0.0
4.995815648234926e+00 6.899782927918284e+01 0.0
4.725302368863176e+00 7.492523939013995e+01 0.0
4.386251891527038e+00 8.115554996383970e+01 0.0
3.979387207797473e+00 8.768178945510462e+01 0.0
3.516297260212673e+00 9.448519434641975e+01 0.0
3.029221692806099e+00 1.015005873351743e+02 0.0
2.567661722437998e+00 1.085930952385564e+02 0.0
2.177362399638795e+00 1.155186356118568e+02 0.0
0.000000000000000e+00 0.000000000000000e+00 0.0
5.825630791462916e-02 -1.596487497928047e-01 0.0
2.208613541422891e-01 7.140816401006711e-02 0.0
4.594698251064780e-01 6.370027702719752e-01 0.0
7.516313286754465e-01 1.494455348575604e+00 0.0
1.075615099273377e+00 2.604416438359304e+00 0.0
1.414681725233605e+00 3.943609133788140e+00 0.0
1.754763150373523e+00 5.487645723870722e+00 0.0
2.084875718754319e+00 7.228531185366798e+00 0.0
2.397764523970229e+00 9.153597963644852e+00 0.0
2.687140825679381e+00 1.126533836373912e+01 0.0
2.950614834161643e+00 1.355914389197624e+01 0.0
3.184939307825124e+00 1.604373576460733e+01 0.0
3.390423743969146e+00 1.871943774560966e+01 0.0
3.565298741529186e+00 2.159809847636161e+01 0.0
3.710845209981521e+00 2.468276134673482e+01 0.0
3.825667014169942e+00 2.798647720003342e+01 0.0
3.910918453029143e+00 3.151365047088360e+01 0.0
3.964944040608491e+00 3.527750642048340e+01 0.0
3.988181965160309e+00 3.928306011515338e+01 0.0
3.978389782014985e+00 4.354323399004028e+01 0.0
3.934979991791172e+00 4.806323313197631e+01 0.0
3.854899703710378e+00 5.285543022161769e+01 0.0
3.736300624023506e+00 5.792485136668798e+01 0.0
3.575098297239917e+00 6.328294324561622e+01 0.0
3.368122924228943e+00 6.893370926314441e+01 0.0
3.110777220663443e+00 7.488603081955307e+01 0.0
2.800881754072702e+00 8.113876279821552e+01 0.0
2.439496333645431e+00 8.768815325188159e+01 0.0
2.037838508052737e+00 9.450398231418050e+01 0.0
1.619893465028705e+00 1.015201891273016e+02 0.0
1.220984179670888e+00 1.085931898817290e+02 0.0
8.691389484524478e-01 1.154926680291147e+02 0.0
0.000000000000000e+00 0.000000000000000e+00 0.0
4.285312172638555e-02 -2.523076759146566e-01 0.0
1.607226516218749e-01 -9.150812018575850e-02 0.0
3.332439558657939e-01 4.258710184604142e-01 0.0
5.420300793620940e-01 1.249406768913290e+00 0.0
7.713864296024550e-01 2.343074320609275e+00 0.0
1.008761936769135e+00 3.672683386141436e+00 0.0
1.243316707258594e+00 5.220107470594002e+00 0.0
1.468023126537368e+00 6.965162570273820e+00 0.0
1.676281671412842e+00 8.903443626558959e+00 0.0
1.865334380051615e+00 1.102537817294981e+01 0.0
2.031612297108774e+00 1.333573830837773e+01 0.0
2.174989470857208e+00 1.583202308006168e+01 0.0
2.293615787002318e+00 1.852428217752407e+01 0.0
2.388538181188887e+00 2.141418510623619e+01 0.0
2.458595404832453e+00 2.451428486197134e+01 0.0
2.505002505804936e+00 2.782843817867480e+01 0.0
2.526648774349858e+00 3.137003043483413e+01 0.0
2.524355272970344e+00 3.514393795068857e+01 0.0
2.496731526969632e+00 3.916352516773919e+01 0.0
2.443936944797823e+00 4.343406872184966e+01 0.0
2.364133746390581e+00 4.796852771062216e+01 0.0
2.256684670643974e+00 5.277221089375254e+01 0.0
2.119184357617138e+00 5.785740289979793e+01 0.0
1.950135493235305e+00 6.322892984852214e+01 0.0
1.746635259640705e+00 6.889755060728956e+01 0.0
1.506941794328837e+00 7.486548567832526e+01 0.0
1.229547331422945e+00 8.113703276943727e+01 0.0
9.169838716137959e-01 8.769998284191290e+01 0.0
5.771924299109065e-01 9.452641025064077e+01 0.0
2.268112188155293e-01 1.015399630802838e+02 0.0
-1.134744435368463e-01 1.086020932476690e+02 0.0
-4.298410778219872e-01 1.154828526029620e+02 0.0
0.000000000000000e+00 0.000000000000000e+00 0.0
2.710143653698126e-02 -3.165333204840829e-01 0.0
1.003409386843992e-01 -2.022443250816549e-01 0.0
2.059843905039794e-01 2.816224052995392e-01 0.0
3.303566354252276e-01 1.086316061534188e+00 0.0
4.641802502897059e-01 2.167453079762500e+00 0.0
5.977914305620093e-01 3.496018200132976e+00 0.0
7.260071900153370e-01 5.043340267150758e+00 0.0
8.427156345038416e-01 6.796919417240304e+00 0.0
9.459265575835332e-01 8.741040392687163e+00 0.0
1.032161780559992e+00 1.087532259361636e+01 0.0
1.101447353892766e+00 1.319340545677933e+01 0.0
1.151923146624281e+00 1.570260939278116e+01 0.0
1.184564298165621e+00 1.840249809018336e+01 0.0
1.198302493456990e+00 2.130453136677284e+01 0.0
1.194315381068091e+00 2.441157573550730e+01 0.0
1.171794333861780e+00 2.773684450107510e+01 0.0
1.131704513808533e+00 3.128482832575136e+01 0.0
1.073216437577722e+00 3.506914982889496e+01 0.0
9.969052274032805e-01 3.909499568220855e+01 0.0
9.017983070487761e-01 4.337575975981056e+01 0.0
7.880352186114264e-01 4.791684332535047e+01 0.0
6.544582992936061e-01 5.273111309813230e+01 0.0
5.007958701915455e-01 5.782380749197599e+01 0.0
3.257442751475751e-01 6.320682777028546e+01 0.0
1.288299855738692e-01 6.888419585532655e+01 0.0
-9.088934221315603e-02 7.486456001787063e+01 0.0
-3.328231718871539e-01 8.114510646588505e+01 0.0
-5.951153322093792e-01 8.771855741818000e+01 0.0
-8.724185148456607e-01 9.454855555967114e+01 0.0
-1.156958483611032e+00 1.015628865544062e+02 0.0
-1.440841260151483e+00 1.086172145782512e+02 0.0
-1.724029952177247e+00 1.154921427051988e+02 0.0
0.000000000000000e+00 0.000000000000000e+00 0.0
1.075748588859659e-02 -3.515926972900828e-01 0.0
3.994077734902594e-02 -2.620055946207662e-01 0.0
7.688642217090207e-02 2.076392414798735e-01 0.0
1.170613257314171e-01 1.002701592059357e+00 0.0
1.529168044653725e-01 2.082870509000262e+00 0.0
1.827925665751105e-01 3.410349797022115e+00 0.0
2.020202379591658e-01 4.963686126320528e+00 0.0
2.108357867577830e-01 6.720060455689622e+00 0.0
2.065645778640547e-01 8.672940846076070e+00 0.0
1.903669225803681e-01 1.081113201596505e+01 0.0
1.607328709600034e-01 1.313835649311848e+01 0.0
1.190474032024982e-01 1.565129020341964e+01 0.0
6.439125672765596e-02 1.835968215113373e+01 0.0
-1.993449643004414e-03 2.126487736023066e+01 0.0
-8.074893052461189e-02 2.437953983729851e+01 0.0
-1.708979123858778e-01 2.770745171273650e+01 0.0
-2.729439882218324e-01 3.126228240931284e+01 0.0
-3.861633673609010e-01 3.504893302941448e+01 0.0
-5.109627391511656e-01 3.908109550041701e+01 0.0
-6.467970523371978e-01 4.336410224759232e+01 0.0
-7.939561440928292e-01 4.791123161683213e+01 0.0
-9.519520320690084e-01 5.272785815600432e+01 0.0
-1.120864810776642e+00 5.782655575083195e+01 0.0
-1.300057492507276e+00 6.321217917575583e+01 0.0
-1.489164847020004e+00 6.889559868994543e+01 0.0
-1.687013958049085e+00 7.487864006493935e+01 0.0
-1.892374144280500e+00 8.116474524594906e+01 0.0
-2.103260417613317e+00 8.773970510937099e+01 0.0
-2.318258057555380e+00 9.457293081886213e+01 0.0
-2.537585213940269e+00 1.015859188518001e+02 0.0
-2.766501281071338e+00 1.086417263690188e+02 0.0
-3.017275119416312e+00 1.155175138934987e+02 0.0
0.000000000000000e+00 0.000000000000000e+00 0.0
-4.601906918964973e-03 -3.576532107726598e-01 0.0
-2.239499666066673e-02 -2.686442076494371e-01 0.0
-5.260401342809423e-02 2.021774208488696e-01 0.0
-9.994964989859546e-02 1.002952874983487e+00 0.0
-1.609925357993089e-01 2.086363493826024e+00 0.0
-2.380099024027981e-01 3.421379729612016e+00 0.0
-3.268862411622743e-01 4.977333710409829e+00 0.0
-4.285765585501343e-01 6.740774463449223e+00 0.0
-5.394444435704633e-01 8.694830610323324e+00 0.0
-6.600040237615054e-01 1.083891383559189e+01 0.0
-7.876203784832311e-01 1.316606740972049e+01 0.0
-9.227605045903616e-01 1.568378076678922e+01 0.0
-1.063753182728879e+00 1.839131534659329e+01 0.0
-1.211046920761549e+00 2.130041927788143e+01 0.0
-1.363626964502061e+00 2.441378730479489e+01 0.0
-1.521812464659879e+00 2.774491456273422e+01 0.0
-1.684908955825243e+00 3.129817615760265e+01 0.0
-1.852991851659970e+00 3.508742804082613e+01 0.0
-2.025412902041756e+00 3.911776804650669e+01 0.0
-2.201903776294129e+00 4.340276685536180e+01 0.0
-2.381625655016866e+00 4.794774648678455e+01 0.0
-2.563824639917347e+00 5.276569045623854e+01 0.0
-2.747190934561056e+00 5.786174434049637e+01 0.0
-2.930231055507399e+00 6.324784536701930e+01 0.0
-3.110821680927229e+00 6.892785529381291e+01 0.0
-3.286569251345185e+00 7.491031950814467e+01 0.0
-3.454905300832777e+00 8.119216772364315e+01 0.0
-3.614458012858162e+00 8.776609362448806e+01 0.0
-3.767103062928313e+00 9.459619869048062e+01 0.0
-3.921506278387227e+00 1.016120581713880e+02 0.0
-4.095369303917477e+00 1.086725736687214e+02 0.0
-4.313720809857615e+00 1.155618874454355e+02 0.0
0.000000000000000e+00 0.000000000000000e+00 0.0
-2.212105092463502e-02 -3.338504533408664e-01 0.0
-8.377879465168304e-02 -2.230475430542362e-01 0.0
-1.858023669272098e-01 2.688036586391478e-01 0.0
-3.183353497612907e-01 1.084592280108735e+00 0.0
-4.804825128984081e-01 2.183145683825996e+00 0.0
-6.625213419110911e-01 3.525339394059931e+00 0.0
-8.626937093362739e-01 5.090192328102610e+00 0.0
-1.073242802772141e+00 6.854451748178444e+00 0.0
-1.292804268728837e+00 8.812699087352462e+00 0.0
-1.516283047448666e+00 1.095370012771614e+01 0.0
-1.743126660215263e+00 1.328229417193650e+01 0.0
-1.970559465311955e+00 1.579513716173380e+01 0.0
-2.198601500046189e+00 1.850278646937088e+01 0.0
-2.425967869110935e+00 2.140645989541835e+01 0.0
-2.652799634412942e+00 2.451929436647189e+01 0.0
-2.878488351694872e+00 2.784486607050441e+01 0.0
-3.102925133228823e+00 3.139707448057137e+01 0.0
-3.325582263845096e+00 3.518059515496646e+01 0.0
-3.545864481137682e+00 3.920919892737287e+01 0.0
-3.762915648664444e+00 4.348799972890016e+01 0.0
-3.975461275984698e+00 4.803024929071889e+01 0.0
-4.181953647248212e+00 5.284109516170940e+01 0.0
-4.380153595396933e+00 5.793298498125208e+01 0.0
-4.567382022523262e+00 6.331052037247510e+01 0.0
-4.740093373733656e+00 6.898442044173299e+01 0.0
-4.894407543839921e+00 7.495648689656437e+01 0.0
-5.026590499192071e+00 8.123073227124789e+01 0.0
-5.135436493475676e+00 8.779469885806968e+01 0.0
-5.226003180849295e+00 9.462149016733095e+01 0.0
-5.314893254537862e+00 1.016381044525583e+02 0.0
-5.432602661374567e+00 1.087126003434721e+02 0.0
-5.617273906829392e+00 1.156220906952715e+02 0.0
0.000000000000000e+00 0.000000000000000e+00 0.0
-3.727109886474953e-02 -2.801901064425542e-01 0.0
-1.489887030196434e-01 -1.225427033970538e-01 0.0
-3.188957533996429e-01 4.057011548464940e-01 0.0
-5.424400518447760e-01 1.252489626309555e+00 0.0
-8.026058159317163e-01 2.369648764747769e+00 0.0
-1.093993555711012e+00 3.728040982048498e+00 0.0
-1.402833654067660e+00 5.297385330174433e+00 0.0
-1.724840613772144e+00 7.067061796937094e+00 0.0
-2.050875556606955e+00 9.021022833942871e+00 0.0
-2.378547957367086e+00 1.116128488746051e+01 0.0
-2.702956280267493e+00 1.348147772085341e+01 0.0
-3.023224666811597e+00 1.599087790166993e+01 0.0
-3.337315375864719e+00 1.868888751109663e+01 0.0
-3.645026379838002e+00 2.158821289036668e+01 0.0
-3.945737228408894e+00 2.469136119420711e+01 0.0
-4.239185904461762e+00 2.801220648853855e+01 0.0
-4.525095669713156e+00 3.155479649092614e+01 0.0
-4.802686251894330e+00 3.533303668975492e+01 0.0
-5.071342286865793e+00 3.935167659504943e+01 0.0
-5.329486543231782e+00 4.362415494739100e+01 0.0
-5.575687870611167e+00 4.815544676177839e+01 0.0
-5.807278638447587e+00 5.295826797954152e+01 0.0
-6.021512380352299e+00 5.803738451005457e+01 0.0
-6.214178549547785e+00 6.340436853014733e+01 0.0
-6.380717834678059e+00 6.906280483595037e+01 0.0
-6.515395762579842e+00 7.502134480818853e+01 0.0
-6.613407885208834e+00 8.127816234842848e+01 0.0
-6.673011442796493e+00 8.782939695044900e+01 0.0
-6.701945849008943e+00 9.464599840606641e+01 0.0
-6.724144837110198e+00 1.016669537604153e+02 0.0
-6.783338949105993e+00 1.087583589425739e+02 0.0
-6.932034771907770e+00 1.157009533895966e+02 0.0
0.000000000000000e+00 0.000000000000000e+00 0.0
-5.640802595534828e-02 -1.952758144216281e-01 0.0
-2.122063242300652e-01 3.185718686002212e-02 0.0
-4.579552669318611e-01 6.174135921128209e-01 0.0
-7.678690813709578e-01 1.503468417059399e+00 0.0
-1.132214307929521e+00 2.651821884564002e+00 0.0
-1.529113899994856e+00 4.024425008542536e+00 0.0
-1.950256956688739e+00 5.605082815450012e+00 0.0
-2.380481957732163e+00 7.372439358968128e+00 0.0
-2.814520961516087e+00 9.325736940353206e+00 0.0
-3.243938779724139e+00 1.145528578825129e+01 0.0
-3.666256710231274e+00 1.376926567555947e+01 0.0
-4.077914896408055e+00 1.626503789392327e+01 0.0
-4.478007351142435e+00 1.895501390986653e+01 0.0
-4.865620381572242e+00 2.184041755722965e+01 0.0
-5.240226944344394e+00 2.493514603156477e+01 0.0
-5.601822303725370e+00 2.824242147864751e+01 0.0
-5.949477147888224e+00 3.177627194360651e+01 0.0
-6.283000502539784e+00 3.554091753577095e+01 0.0
-6.600632139991828e+00 3.954993901634008e+01 0.0
-6.901330843340819e+00 4.380799742312717e+01 0.0
-7.182195359759498e+00 4.832797168539025e+01 0.0
-7.440792273248618e+00 5.311453889067646e+01 0.0
-7.672635419578615e+00 5.817961779828838e+01 0.0
-7.873245823561617e+00 6.352731350105174e+01 0.0
-8.036001958455104e+00 6.916789069242979e+01 0.0
-8.154258727659757e+00 7.510335978937600e+01 0.0
-8.221002559936224e+00 8.133935841887362e+01 0.0
-8.233990458741358e+00 8.786842715562398e+01 0.0
-8.201971713938915e+00 9.467345643663054e+01 0.0
-8.155908636783767e+00 1.016953378730734e+02 0.0
-8.152929943107821e+00 1.088122795583506e+02 0.0
-8.262246006395731e+00 1.157952073925240e+02 0.0
0.000000000000000e+00 0.000000000000000e+00 0.0
-7.145268046428598e-02 -7.924773332183645e-02 0.0
-2.816297015372411e-01 2.440833684699408e-01 0.0
-5.964299903981060e-01 9.013668866355063e-01 0.0
-1.001515225583341e+00 1.843812769011116e+00 0.0
-1.464668638092459e+00 3.024568614628783e+00 0.0
-1.972526186505010e+00 4.421202212653632e+00 0.0
-2.501467840114459e+00 6.006427702346409e+00 0.0
-3.042126154192998e+00 7.776900993922590e+00 0.0
-3.580661387591987e+00 9.719412328780225e+00 0.0
-4.112046708223586e+00 1.184157367415299e+01 0.0
-4.630100811997445e+00 1.413864150595051e+01 0.0
-5.132644887846172e+00 1.662318969986327e+01 0.0
-5.617986303177664e+00 1.929506192786063e+01 0.0
-6.085057265418325e+00 2.216843710523656e+01 0.0
-6.534025294592873e+00 2.524556548952687e+01 0.0
-6.963722342415577e+00 2.854069277154144e+01 0.0
-7.374490848503333e+00 3.205735168772329e+01 0.0
-7.764403024244303e+00 3.580926631140226e+01 0.0
-8.133015378175074e+00 3.980064386270682e+01 0.0
-8.477271557047173e+00 4.404447603891461e+01 0.0
-8.795321340487490e+00 4.854520630558179e+01 0.0
-9.082588185450165e+00 5.331492006736210e+01 0.0
-9.335165083925796e+00 5.835779887002955e+01 0.0
-9.546304649526995e+00 6.368464748784896e+01 0.0
-9.709280404051070e+00 6.929859147057272e+01 0.0
-9.814855332085552e+00 7.520822308016120e+01 0.0
-9.854962096043252e+00 8.141369642184989e+01 0.0
-9.824726527730403e+00 8.791699659640554e+01 0.0
-9.733467288820647e+00 9.470189816660758e+01 0.0
-9.617018023483647e+00 1.017260896767586e+02 0.0
-9.547196840437277e+00 1.088705463773319e+02 0.0
-9.612254323960380e+00 1.159074916653983e+02 0.0
0.000000000000000e+00 0.000000000000000e+00 0.0
-9.296013614342859e-02 7.037787201089547e-02 0.0
-3.477186553780451e-01 5.123756022919771e-01 0.0
-7.438442748495211e-01 1.264173731095507e+00 0.0
-1.236616023475275e+00 2.268603180396962e+00 0.0
-1.806904335458627e+00 3.495573039272751e+00 0.0
-2.419635085038931e+00 4.910824891256125e+00 0.0
-3.059989042554566e+00 6.508532894174938e+00 0.0
-3.706227285841269e+00 8.271730099504921e+00 0.0
-4.349584059158268e+00 1.020837301705386e+01 0.0
-4.979746704420084e+00 1.231172433435569e+01 0.0
-5.592479848511583e+00 1.459543049058947e+01 0.0
-6.184602779376148e+00 1.705803542232737e+01 0.0
-6.754055186466550e+00 1.971458842504223e+01 0.0
-7.300955675271982e+00 2.256632799262753e+01 0.0
-7.823663413592000e+00 2.562799963873183e+01 0.0
-8.323092454941408e+00 2.890233187660215e+01 0.0
-8.797045015843059e+00 3.240327806080493e+01 0.0
-9.245832369209166e+00 3.613445650346004e+01 0.0
-9.666212624013243e+00 4.010895789787375e+01 0.0
-1.005711776791056e+01 4.433086953745504e+01 0.0
-1.041390455164346e+01 4.881236778678261e+01 0.0
-1.073350719887982e+01 5.355753913101420e+01 0.0
-1.100932168133247e+01 5.857740940306810e+01 0.0
-1.123546671807181e+01 6.387541699309662e+01 0.0
-1.140250391251102e+01 6.946093601197363e+01 0.0
-1.150106462927685e+01 7.533595840052668e+01 0.0
-1.151969618626392e+01 8.150762631997419e+01 0.0
-1.145171886157743e+01 8.797503368375200e+01 0.0
-1.130354484381814e+01 9.473602063646184e+01 0.0
-1.111509448011640e+01 1.017561785944873e+02 0.0
-1.097221140219689e+01 1.089350303088530e+02 0.0
-1.098697550720944e+01 1.160344632368132e+02 0.0
0.000000000000000e+00 0.000000000000000e+00 0.0
-1.078607823140086e-01 2.528584800265627e-01 0.0
-4.234137969076305e-01 8.431454768493674e-01 0.0
-8.901750272540343e-01 1.701377114499426e+00 0.0
-1.483255359735844e+00 2.786933491522819e+00 0.0
-2.152490011762380e+00 4.056676477298136e+00 0.0
-2.876248926790375e+00 5.501840083565693e+00 0.0
-3.621467329042316e+00 7.101133317590310e+00 0.0
-4.374171969893075e+00 8.864129535270120e+00 0.0
-5.117824310790544e+00 1.078234044528694e+01 0.0
-5.845116976287616e+00 1.287201111669788e+01 0.0
-6.550416659448668e+00 1.513069230586017e+01 0.0
-7.230035409261987e+00 1.757537907199116e+01 0.0
-7.883714581572827e+00 2.020642404400617e+01 0.0
-8.508946466891917e+00 2.303964871701993e+01 0.0
-9.107199865693325e+00 2.607694817095009e+01 0.0
-9.675767520695489e+00 2.933273742289932e+01 0.0
-1.021583693243733e+01 3.280994157239310e+01 0.0
-1.072383549765547e+01 3.652179279508206e+01 0.0
-1.119963934244099e+01 4.047190450374060e+01 0.0
-1.163843975411270e+01 4.467249918579238e+01 0.0
-1.203817153088021e+01 4.912746050585724e+01 0.0
-1.239234905593299e+01 5.384792317870077e+01 0.0
-1.269626969345653e+01 5.883743027029163e+01 0.0
-1.294094954039616e+01 6.410564895177998e+01 0.0
-1.311801602242621e+01 6.965503390036123e+01 0.0
-1.321494127964113e+01 7.549343232354643e+01 0.0
-1.321958415813262e+01 8.162232511618883e+01 0.0
-1.312020676751281e+01 8.804944526117382e+01 0.0
-1.291990642542155e+01 9.477546917927802e+01 0.0
-1.265790820979593e+01 1.017886977017392e+02 0.0
-1.243511434633386e+01 1.090015396614258e+02 0.0
-1.239142110411617e+01 1.161784051904438e+02 0.0
0.000000000000000e+00 0.000000000000000e+00 0.0
-1.331192667809270e-01 4.728141953143172e-01 0.0
-4.938349755452514e-01 1.232762749181411e+00 0.0
-1.049879100092787e+00 2.223665778217458e+00 0.0
-1.731961357961998e+00 3.390240399974012e+00 0.0
-2.510657176216187e+00 4.718777394429126e+00 0.0
-3.336689626050432e+00 6.182160212193148e+00 0.0
-4.189070928008218e+00 7.793032892700133e+00 0.0
-5.041979777241812e+00 9.541378260934216e+00 0.0
-5.883738683097114e+00 1.144841138865116e+01 0.0
-6.704965742795421e+00 1.351125261742135e+01 0.0
-7.499514501678241e+00 1.575062752576316e+01 0.0
-8.266346616323315e+00 1.816635227186809e+01 0.0
-9.001517173775616e+00 2.077633540604312e+01 0.0
-9.707015470905684e+00 2.358175038391883e+01 0.0
-1.037922472076341e+01 2.659793446230945e+01 0.0
-1.102031821703002e+01 2.982708617628090e+01 0.0
-1.162611285537226e+01 3.328272082820027e+01 0.0
-1.219757906919185e+01 3.696788436737652e+01 0.0
-1.272953296837526e+01 4.089482739470337e+01 0.0
-1.322103336589083e+01 4.506713089681579e+01 0.0
-1.366552771927401e+01 4.949595910939461e+01 0.0
-1.405959275985562e+01 5.418487744144073e+01 0.0
-1.439467473445573e+01 5.914372320478606e+01 0.0
-1.466399902242565e+01 6.437525764105490e+01 0.0
-1.485584388516375e+01 6.988752152707292e+01 0.0
-1.495879212646603e+01 7.568195343942342e+01 0.0
-1.495677692581262e+01 8.176561144733482e+01 0.0
-1.483540117605486e+01 8.814245241139913e+01 0.0
-1.458932917889443e+01 9.482677933035477e+01 0.0
-1.425452723673455e+01 1.018216332892265e+02 0.0
-1.394351523730421e+01 1.090712142377737e+02 0.0
-1.383171458721893e+01 1.163358471887821e+02 0.0
0.000000000000000e+00 0.000000000000000e+00 0.0
-1.475431247119606e-01 7.279776270763078e-01 0.0
-5.795547903156016e-01 1.692785472526396e+00 0.0
-1.208359895307403e+00 2.822478029630924e+00 0.0
-1.997198360669288e+00 4.092987898711181e+00 0.0
-2.873505715953014e+00 5.467723171058716e+00 0.0
-3.807112004802741e+00 6.963396181183279e+00 0.0
-4.758078090224798e+00 8.568254408425798e+00 0.0
-5.708650910314374e+00 1.031205754306111e+01 0.0
-6.643886412581513e+00 1.219231421744585e+01 0.0
-7.554119641354705e+00 1.423633640115411e+01 0.0
-8.437117169100025e+00 1.644402846058932e+01 0.0
-9.286721390224070e+00 1.883702846060476e+01 0.0
-1.010546585748456e+01 2.141609753379714e+01 0.0
-1.088823030683599e+01 2.419828399354736e+01 0.0
-1.163831437800760e+01 2.718514784448046e+01 0.0
-1.235047935790409e+01 3.039078379530453e+01 0.0
-1.302695221074896e+01 3.381763782007806e+01 0.0
-1.366183571349364e+01 3.747802550717854e+01 0.0
-1.425544381553605e+01 4.137514625372489e+01 0.0
-1.480086665052327e+01 4.552010907581728e+01 0.0
-1.529600032174594e+01 4.991642651337974e+01 0.0
-1.573243782342819e+01 5.457401325133021e+01 0.0
-1.610505027927204e+01 5.949593371293526e+01 0.0
-1.640300463825263e+01 6.469044361535171e+01 0.0
-1.661700212735465e+01 7.015929665531112e+01 0.0
-1.673219411974567e+01 7.590885549462696e+01 0.0
-1.673332605498447e+01 8.194022719005311e+01 0.0
-1.659996522033078e+01 8.826296490892553e+01 0.0
-1.631889607406401e+01 9.489258834963260e+01 0.0
-1.591401383263592e+01 1.018593795759882e+02 0.0
-1.550692746581448e+01 1.091395536625644e+02 0.0
-1.531428761957811e+01 1.165083944209585e+02 0.0
0.000000000000000e+00 0.000000000000000e+00 0.0
-1.796043138564726e-01 1.027683156124314e+00 0.0
-6.572672763596692e-01 2.215359149759501e+00 0.0
-1.388203129738048e+00 3.517109237882611e+00 0.0
-2.267068141220737e+00 4.878894092971313e+00 0.0
-3.252393175288558e+00 6.319986241817752e+00 0.0
-4.281734524463732e+00 7.825147577502912e+00 0.0
-5.328877180043583e+00 9.438020637770361e+00 0.0
-6.370523671995592e+00 1.115751349451304e+01 0.0
-7.392126258208231e+00 1.302212839683876e+01 0.0
-8.389948540876860e+00 1.503279764609968e+01 0.0
-9.354571737661246e+00 1.721746528871958e+01 0.0
-1.028930025488067e+01 1.957704490559892e+01 0.0
-1.118666059547137e+01 2.213153319079421e+01 0.0
-1.205133011257244e+01 2.488212255624166e+01 0.0
-1.287635682310011e+01 2.784399366682974e+01 0.0
-1.366542898203147e+01 3.101907382163668e+01 0.0
-1.441143854414374e+01 3.441987266141552e+01 0.0
-1.511611274043005e+01 3.804918384464976e+01 0.0
-1.577177989911339e+01 4.191799605055647e+01 0.0
-1.637773036225960e+01 4.602970877655911e+01 0.0
-1.692531418647206e+01 5.039416124772670e+01 0.0
-1.741094901569974e+01 5.501470138198158e+01 0.0
-1.782431731938220e+01 5.989977642374683e+01 0.0
-1.815824738810074e+01 6.505169003248577e+01 0.0
-1.839940213625207e+01 7.047687531204633e+01 0.0
-1.853550255104163e+01 7.617605811171647e+01 0.0
-1.854800004575210e+01 8.215445417939279e+01 0.0
-1.841583212037078e+01 8.841566611465444e+01 0.0
-1.811324937707705e+01 9.498269554508161e+01 0.0
-1.764687410020621e+01 1.019028994884925e+02 0.0
-1.713592869473288e+01 1.092070174784363e+02 0.0
-1.684753630211994e+01 1.166921608606602e+02 0.0
0.000000000000000e+00 0.000000000000000e+00 0.0
-1.926874815699300e-01 1.366114965356241e+00 0.0
-7.622676879474386e-01 2.824588387564174e+00 0.0
-1.569597633720698e+00 4.289639741381122e+00 0.0
-2.562368538431151e+00 5.772902469599731e+00 0.0
-3.639925623527478e+00 7.249066301993021e+00 0.0
-4.763953477199069e+00 8.783399553092812e+00 0.0
-5.897797644401617e+00 1.037716931520877e+01 0.0
-7.020221561517196e+00 1.208787099663751e+01 0.0
-8.126071308098314e+00 1.391872528663095e+01 0.0
-9.201181541262466e+00 1.590800774070255e+01 0.0
-1.025034449395294e+01 1.805766756293248e+01 0.0
-1.126249587694332e+01 2.039247943886607e+01 0.0
-1.224419836873773e+01 2.291380168150080e+01 0.0
-1.318583074492087e+01 2.563865899781959e+01 0.0
-1.409284330223901e+01 2.856873107784932e+01 0.0
-1.495621211727831e+01 3.171696405581007e+01 0.0
-1.577926661330717e+01 3.508583596262046e+01 0.0
-1.655303787846484e+01 3.868620243574335e+01 0.0
-1.727832998588647e+01 4.252133092625176e+01 0.0
-1.794576613765809e+01 4.660082928675615e+01 0.0
-1.855331046312355e+01 5.092829473115027e+01 0.0
-1.909062624585775e+01 5.551214205786891e+01 0.0
-1.955234601442654e+01 6.035538547237061e+01 0.0
-1.992625640574156e+01 6.546476670493801e+01 0.0
-2.020278877280214e+01 7.084152399635012e+01 0.0
-2.036582845603798e+01 7.649031715060445e+01 0.0
-2.039978234986285e+01 8.241137801191884e+01 0.0
-2.028063222095426e+01 8.861060054842982e+01 0.0
-1.997569888591613e+01 9.510439669417248e+01 0.0
-1.946263865982659e+01 1.019607132137308e+02 0.0
-1.884427246016659e+01 1.092695422499364e+02 0.0
-1.844097609122120e+01 1.168872634657925e+02 0.0
0.000000000000000e+00 0.000000000000000e+00 0.0
-2.408309736904805e-01 1.766001547109354e+00 0.0
-8.577604364956090e-01 3.502721477246341e+00 0.0
-1.791138968842791e+00 5.179797946916705e+00 0.0
-2.872754352396749e+00 6.740222450529517e+00 0.0
-4.046338093010860e+00 8.279974620540358e+00 0.0
-5.250826710936105e+00 9.802646340382614e+00 0.0
-6.455850278259012e+00 1.139934010605610e+01 0.0
-7.656150644433381e+00 1.307701975875269e+01 0.0
-8.830482331429815e+00 1.489071129770135e+01 0.0
-9.986947074642137e+00 1.684468232644267e+01 0.0
-1.110897060566869e+01 1.897106484049182e+01 0.0
-1.220602321633756e+01 2.127229801929329e+01 0.0
-1.326439503853310e+01 2.376826473473326e+01 0.0
-1.429178493614624e+01 2.646096614712837e+01 0.0
-1.527625394629835e+01 2.936413220875585e+01 0.0
-1.622296590611893e+01 3.248022023729132e+01 0.0
-1.712095421429092e+01 3.581999610501160e+01 0.0
-1.797266229113448e+01 3.938668522903278e+01 0.0
-1.876743620199444e+01 4.318955550679780e+01 0.0
-1.950485348959764e+01 4.723240780924846e+01 0.0
-2.017395600733397e+01 5.152341155584082e+01 0.0
-2.077113148167136e+01 5.606628663536853e+01 0.0
-2.128444537561041e+01 6.086780064851556e+01 0.0
-2.170642235856804e+01 6.593044449721967e+01 0.0
-2.202313637359211e+01 7.125903396723571e+01 0.0
-2.222207997507899e+01 7.685351554808599e+01 0.0
-2.228423392142574e+01 8.271781508530212e+01 0.0
-2.219064771750231e+01 8.885284612980458e+01 0.0
-2.190361712875427e+01 9.527146104162200e+01 0.0
-2.137058689157052e+01 1.020414049548097e+02 0.0
-2.064792493629216e+01 1.093285323915111e+02 0.0
-2.010794000894026e+01 1.170882833726685e+02 0.0
0.000000000000000e+00 0.000000000000000e+00 0.0
-2.523347715514284e-01 2.214173601679680e+00 0.0
-1.016785566772150e+00 4.313277593262765e+00 0.0
-2.034876132696524e+00 6.142971695392530e+00 0.0
-3.225422269206096e+00 7.824754397335455e+00 0.0
-4.471763665364408e+00 9.359085793748012e+00 0.0
-5.731140948233000e+00 1.090267724705102e+01 0.0
-7.003639082866137e+00 1.246732823667242e+01 0.0
-8.256611601674024e+00 1.413532026345581e+01 0.0
-9.505808088498609e+00 1.591513388518595e+01 0.0
-1.072586825511272e+01 1.784962115038264e+01 0.0
-1.193115584348222e+01 1.994386436167041e+01 0.0
-1.310167053823651e+01 2.222174482902040e+01 0.0
-1.424815442237454e+01 2.468665622042901e+01 0.0
-1.535431255071014e+01 2.735347596034509e+01 0.0
-1.642743987711233e+01 3.022529470852977e+01 0.0
-1.745363501417987e+01 3.331283399535963e+01 0.0
-1.843708802448579e+01 3.661961006052835e+01 0.0
-1.936523678066061e+01 4.015444957045345e+01 0.0
-2.023930643819021e+01 4.392143409040182e+01 0.0
-2.104718358253799e+01 4.792831908563632e+01 0.0
-2.178701547564061e+01 5.217940872166070e+01 0.0
-2.244635130287072e+01 5.668130137700527e+01 0.0
-2.301982692431982e+01 6.143774387610614e+01 0.0
-2.349397778391734e+01 6.645350005463703e+01 0.0
-2.385891562530704e+01 7.173056528031323e+01 0.0
-2.409955310445288e+01 7.727155332043880e+01 0.0
-2.419911596043804e+01 8.307563136708742e+01 0.0
-2.413750194510158e+01 8.914926648373134e+01 0.0
-2.388918519990883e+01 9.549435503837179e+01 0.0
-2.337396807858570e+01 1.021638353884931e+02 0.0
-2.256770803520731e+01 1.093850283434819e+02 0.0
-2.186562927162699e+01 1.172912470007530e+02 0.0
0.000000000000000e+00 0.000000000000000e+00 0.0
-3.642440075142267e-01 2.794778761773298e+00 0.0
-1.193446481174366e+00 5.207596773656888e+00 0.0
-2.375668556707046e+00 7.269757589261522e+00 0.0
-3.631643109057762e+00 8.936166833601641e+00 0.0
-4.901210569344931e+00 1.051727126737564e+01 0.0
-6.211388656685281e+00 1.202728521775872e+01 0.0
-7.507984853057598e+00 1.359358410118428e+01 0.0
-8.824721998811446e+00 1.523160308996692e+01 0.0
-1.012113654036363e+01 1.699885661410320e+01 0.0
-1.142019749945909e+01 1.890564994922573e+01 0.0
-1.269198923633649e+01 2.098090956390229e+01 0.0
-1.395152335598085e+01 2.323119442040110e+01 0.0
-1.517601790166239e+01 2.567286107116568e+01 0.0
-1.637525491382824e+01 2.831073414098210e+01 0.0
-1.753111518789730e+01 3.115557875142937e+01 0.0
-1.864960406052451e+01 3.421181458329900e+01 0.0
-1.971547124631252e+01 3.748779495730585e+01 0.0
-2.073156062300767e+01 4.098812939357939e+01 0.0
-2.168410865981352e+01 4.472006613957889e+01 0.0
-2.257292965189940e+01 4.868841761232927e+01 0.0
-2.338461272757548e+01 5.289954356779469e+01 0.0
-2.411576530409518e+01 5.735802963151450e+01 0.0
-2.475238554961673e+01 6.206878279308635e+01 0.0
-2.528738368985789e+01 6.703544204769699e+01 0.0
-2.570559043113911e+01 7.226034130954770e+01 0.0
-2.599487009165611e+01 7.774568785092353e+01 0.0
-2.613958890386707e+01 8.349111750616503e+01 0.0
-2.611644368909466e+01 8.949942626395830e+01 0.0
-2.591319485432167e+01 9.578284638183946e+01 0.0
-2.546621872996410e+01 1.023519705765812e+02 0.0
-2.462648007092913e+01 1.094516353961273e+02 0.0
-2.374176922827898e+01 1.174856857306573e+02 0.0
0.000000000000000e+00 0.000000000000000e+00 0.0
-4.105198479572936e-01 3.506620330765840e+00 0.0
-1.621876657258481e+00 6.414540760023962e+00 0.0
-2.867295123193299e+00 8.381273760752180e+00 0.0
-4.066275337390794e+00 1.012347281437277e+01 0.0
-5.356769826517874e+00 1.166388469533578e+01 0.0
-6.635778650396108e+00 1.318937926272100e+01 0.0
-7.977346741240039e+00 1.473522259565004e+01 0.0
-9.313331656794800e+00 1.637123306853787e+01 0.0
-1.068102771839500e+01 1.812100143904526e+01 0.0
-1.203473225277145e+01 2.001630643339884e+01 0.0
-1.339504472111091e+01 2.207161383568985e+01 0.0
-1.472967761906089e+01 2.430347745252999e+01 0.0
-1.605104689925507e+01 2.672132149140360e+01 0.0
-1.733515203526558e+01 2.933515776234356e+01 0.0
-1.858968780965753e+01 3.215207947624236e+01 0.0
-1.979577392469056e+01 3.517936922771091e+01 0.0
-2.095771056960586e+01 3.842324643865143e+01 0.0
-2.205956361013185e+01 4.188992227949364e+01 0.0
-2.310262698454220e+01 4.558531141688852e+01 0.0
-2.407227497037455e+01 4.951504650326769e+01 0.0
-2.496675996564775e+01 5.368468691375126e+01 0.0
-2.577142744186227e+01 5.809900654466856e+01 0.0
-2.648128541293720e+01 6.276274361502086e+01 0.0
-2.708052716208365e+01 6.767889203360376e+01 0.0
-2.756070920152379e+01 7.285091476225482e+01 0.0
-2.790420665815784e+01 7.827866742984540e+01 0.0
-2.809847531947046e+01 8.396592935301773e+01 0.0
-2.812585495598312e+01 8.990951336554191e+01 0.0
-2.795912469816739e+01 9.612841075231539e+01 0.0
-2.760727018535891e+01 1.026356713590260e+02 0.0
-2.684963112788844e+01 1.095632745234634e+02 0.0
-2.578070652101927e+01 1.176539950280092e+02 0.0
0.000000000000000e+00 0.000000000000000e+00 0.0
-1.232948082429457e+00 5.193869423483291e+00 0.0
-2.569064234968807e+00 7.418026996345097e+00 0.0
-3.426272065553166e+00 9.571034055959961e+00 0.0
-4.597147287803784e+00 1.121642282900202e+01 0.0
-5.729804337887443e+00 1.281008810618328e+01 0.0
-7.024096611099319e+00 1.432642778718148e+01 0.0
-8.334716852273363e+00 1.589367931621375e+01 0.0
-9.730406181455125e+00 1.752886173740940e+01 0.0
-1.113376087101950e+01 1.928261305156363e+01 0.0
-1.257471940315400e+01 2.117059215878977e+01 0.0
-1.400503589940612e+01 2.321723561687879e+01 0.0
-1.544051949887048e+01 2.543356000859796e+01 0.0
-1.684821549548116e+01 2.783326827766978e+01 0.0
-1.823758898597658e+01 3.042438988783611e+01 0.0
-1.958452393427406e+01 3.321595017027000e+01 0.0
-2.089473657495971e+01 3.621453608508669e+01 0.0
-2.214925101356665e+01 3.942715981902487e+01 0.0
-2.335078776133193e+01 4.285981110677946e+01 0.0
-2.448305277632048e+01 4.651856309325287e+01 0.0
-2.554582385431016e+01 5.040903500331682e+01 0.0
-2.652365196789894e+01 5.453649980586599e+01 0.0
-2.741320769004173e+01 5.890597793269352e+01 0.0
-2.819833023952000e+01 6.352137258278501e+01 0.0
-2.887262073236641e+01 6.838673581008719e+01 0.0
-2.941760500540732e+01 7.350331750381424e+01 0.0
-2.982511253872465e+01 7.887503156232930e+01 0.0
-3.007177139513912e+01 8.449828438804103e+01 0.0
-3.015388729853934e+01 9.038603869203803e+01 0.0
-3.003459326848478e+01 9.652635750719915e+01 0.0
-2.973486351913970e+01 1.030029515474255e+02 0.0
-2.918336973892315e+01 1.097981725920283e+02 0.0
-2.813621074252825e+01 1.178238875258884e+02 0.0

CELL_DATA 1024
SCALARS sigma_xx double 1
LOOKUP_TABLE default
1.641671581889330e+00
1.200420598511271e+00
1.155344719555198e+00
1.107324119496214e+00
1.151168728358545e+00
1.180331421089967e+00
1.238041512733234e+00
1.280751634813906e+00
1.332655979281613e+00
1.370866994994208e+00
1.411514492397522e+00
1.440338083530635e+00
1.469230545914570e+00
1.488138575864965e+00
1.506292062313443e+00
1.515898009307649e+00
1.524281047020649e+00
1.524928716442836e+00
1.523679117661540e+00
1.514740988333867e+00
1.502732571382868e+00
1.482192260469005e+00
1.456752276635711e+00
1.420883182792858e+00
1.377661659019719e+00
1.320835357345364e+00
1.254342835247960e+00
1.169439121881471e+00
1.076488349331340e+00
9.548450959510868e-01
8.589635716932646e-01
4.765045124376523e-01
1.041280651706051e+00
1.306951981597890e+00
1.159941892901770e+00
1.219032292876104e+00
1.180530834302588e+00
1.231520356259499e+00
1.234703037963768e+00
1.281066999985498e+00
1.296027742186035e+00
1.334730137706488e+00
1.349832255523415e+00
1.379584288998371e+00
1.390453870731221e+00
1.411242391249532e+00
1.416303842928079e+00
1.428426034339538e+00
1.426883521597686e+00
1.430248547823211e+00
1.421058113529280e+00
1.414724348128965e+00
1.395985376260638e+00
1.377829846258154e+00
1.346323985249405e+00
1.312804611436675e+00
1.263549940285556e+00
1.209729725502397e+00
1.135476384725033e+00
1.055943430196993e+00
9.448326994750411e-01
8.367222942232726e-01
6.261496118408562e-01
2.113562572277548e-01
1.141615715600327e+00
1.097247336289585e+00
1.239548488874479e+00
1.173094588140046e+00
1.232841392316238e+00
1.202181153919450e+00
1.245631733163869e+00
1.235926718158380e+00
1.271770873451829e+00
1.270493042755382e+00
1.299475730039057e+00
1.299911289261960e+00
1.321881034955133e+00
1.320587780059275e+00
1.335364250872696e+00
1.330343112727804e+00
1.337524615098820e+00
1.327122220744776e+00
1.325756611305219e+00
1.307970706158843e+00
1.296239068563567e+00
1.268197371047578e+00
1.243104259998077e+00
1.200574045954012e+00
1.157627057509293e+00
1.094470169904440e+00
1.027182108058789e+00
9.342375537085124e-01
8.302672030948051e-01
6.884559001333682e-01
4.252236136536343e-01
1.152638617586313e-01
9.838688494952559e-01
1.153965901342878e+00
1.120276546462330e+00
1.210819056183301e+00
1.165918873681783e+00
1.214325115797388e+00
1.184310977102790e+00
1.218863163291387e+00
1.200892690877909e+00
1.228478973816936e+00
1.216951510975052e+00
1.238935847294457e+00
1.229696701895228e+00
1.246022508153362e+00
1.236195773154130e+00
1.246289784535509e+00
1.233609535797940e+00
1.236440052054799e+00
1.218664403312796e+00
1.212560330057764e+00
1.186978386795308e+00
1.169341343238772e+00
1.132296140548821e+00
1.099178739357253e+00
1.045527289637565e+00
9.908133211796534e-01
9.130659218518382e-01
8.251873562950314e-01
7.100526545037418e-01
5.433040962116270e-01
2.917331679379440e-01
6.644575612140190e-02
1.034064602246890e+00
1.028035557631620e+00
1.142271268269525e+00
1.108535186628019e+00
1.170823506203674e+00
1.131449713264910e+00
1.168567871151948e+00
1.137096938538058e+00
1.163980002981846e+00
1.140610040613359e+00
1.162008973047511e+00
1.143923749739149e+00
1.160842530877543e+00
1.145110820385651e+00
1.157178448980201e+00
1.141186964369817e+00
1.147369853392296e+00
1.128640474136216e+00
1.127347755586773e+00
1.103206262280742e+00
1.092127772706471e+00
1.059302323758426e+00
1.035037178630534e+00
9.891441327740799e-01
9.464637997757012e-01
8.811385995209507e-01
8.109928637078478e-01
7.148154017731168e-01
5.961652573336195e-01
4.194097241247134e-01
2.037519920436585e-01
3.980921168024473e-02
9.198227533609782e-01
1.042004928407666e+00
1.025477347869748e+00
1.103141661485707e+00
1.067195893774896e+00
1.111580031037099e+00
1.073022985407875e+00
1.101301666467245e+00
1.068254556032670e+00
1.089342117405636e+00
1.062576304502763e+00
1.079534048404216e+00
1.057278119571637e+00
1.070504260390627e+00
1.050345485972811e+00
1.059038851979286e+00
1.038443013547620e+00
1.041128107166100e+00
1.017436720257784e+00
1.012027874748161e+00
9.822216390212917e-01
9.657928567632339e-01
9.260662291647361e-01
8.942898410336058e-01
8.392644742659920e-01
7.851442499619231e-01
7.056445897556167e-01
6.159486409124461e-01
4.875714432137672e-01
3.243654713649246e-01
1.425451295247184e-01
2.529980011406227e-02
9.263509884856241e-01
9.244054748187223e-01
1.012332595333161e+00
9.862691342182019e-01
1.040415714968046e+00
1.002155507655683e+00
1.034645599995869e+00
9.958837092573981e-01
1.017866077027187e+00
9.838519748923528e-01
1.000896207865682e+00
9.722090617733327e-01
9.860723403273759e-01
9.612371864530065e-01
9.717056530403486e-01
9.484843092229456e-01
9.543385068681829e-01
9.301906494240884e-01
9.295682417331588e-01
9.016782232814624e-01
8.920469762976260e-01
8.570624890754037e-01
8.348542738996410e-01
7.882729020526147e-01
7.480158999927160e-01
6.827021923499703e-01
6.148717379495933e-01
5.166217000918403e-01
3.988356629430753e-01
2.465494131894406e-01
1.030984742309344e-01
1.596658807830659e-02
8.120586154061045e-01
9.052770747355012e-01
8.899229188005193e-01
9.529468907193775e-01
9.200537721613490e-01
9.589252097773868e-01
9.190704145799047e-01
9.437466049661674e-01
9.050150981572122e-01
9.228502336689048e-01
8.886470916364313e-01
9.030610738420908e-01
8.735325909793885e-01
8.852685404035472e-01
8.589265981100296e-01
8.672417473402018e-01
8.418786699763623e-01
8.452037913227785e-01
8.182471237758252e-01
8.143982761220050e-01
7.828767218962299e-01
7.688985641533892e-01
7.290461979461011e-01
7.006312919541038e-01
6.469094734545616e-01
5.969961714315001e-01
5.198446522487399e-01
4.347632993487864e-01
3.173432229594848e-01
1.909849583573807e-01
7.312066746051744e-02
1.106626869138143e-02
7.879335041116220e-01
7.819799697683443e-01
8.513890150382564e-01
8.257810932848466e-01
8.715560198530610e-01
8.343296171625381e-01
8.633792206168638e-01
8.229515751509155e-01
8.427578952044814e-01
8.046741902547929e-01
8.200341154376930e-01
7.863554411717795e-01
7.991801799498783e-01
7.695806423175643e-01
7.798371445623806e-01
7.527183014604584e-01
7.592561650186763e-01
7.324045064884601e-01
7.333950010810488e-01
7.042049223825534e-01
6.971993997737393e-01
6.625137352868059e-01
6.441123428943670e-01
5.996065964140562e-01
5.645496666948624e-01
5.033704712278885e-01
4.425710533158867e-01
3.531135361005736e-01
2.559451212426529e-01
1.433758843744079e-01
5.470347571864449e-02
7.013603203416915e-03
6.661672477388785e-01
7.394902830560502e-01
7.209832547548980e-01
7.727512488243756e-01
7.401407667878674e-01
7.744369076942049e-01
7.349822850048175e-01
7.580066560313876e-01
7.180513136159182e-01
7.351322555191206e-01
6.983454401582838e-01
7.124476206644852e-01
6.798558791308689e-01
6.917970141901806e-01
6.626610465135636e-01
6.718472648252152e-01
6.444699117024610e-01
6.494787223431597e-01
6.216574317048820e-01
6.204909702548328e-01
5.895907893083985e-01
5.795688906657983e-01
5.421970900228673e-01
5.194057935120823e-01
4.705577215362953e-01
4.286750637496480e-01
3.603319376787649e-01
2.903755837226382e-01
1.977097031800278e-01
1.114083936112401e-01
3.836602268221603e-02
5.306228475901564e-03
6.211240300869787e-01
6.084518853272423e-01
6.645891084730206e-01
6.369692134758518e-01
6.763742545495377e-01
6.395845924334618e-01
6.666774979632610e-01
6.267337714862742e-01
6.464390598552781e-01
6.078747896180234e-01
6.237507698838289e-01
5.887966615877092e-01
6.024599033616147e-01
5.713537393899262e-01
5.828498132203179e-01
5.545529152939868e-01
5.629304689719805e-01
5.357122630975066e-01
5.394100713258425e-01
5.111178834499803e-01
5.080464216834102e-01
4.760216284934976e-01
4.632841338563211e-01
4.238659982474012e-01
3.970319670703440e-01
3.446378081902282e-01
2.970675791234972e-01
2.255653299012177e-01
1.565710921099725e-01
8.092030615603542e-02
2.940192227361400e-02
3.078059046768389e-03
4.914734811620078e-01
5.500696091204649e-01
5.266844896269239e-01
5.702561454370330e-01
5.366735173498061e-01
5.680115987116592e-01
5.293879456754211e-01
5.524307603907439e-01
5.133903441446014e-01
5.316813492987603e-01
4.952237928370125e-01
5.109049247547989e-01
4.781586445653693e-01
4.918770931696737e-01
4.625223369898935e-01
4.738308952093188e-01
4.466720811878989e-01
4.544508061217267e-01
4.278105951807113e-01
4.304799959875142e-01
4.023036423790968e-01
3.977509111757810e-01
3.653797152208524e-01
3.505446999532704e-01
3.101395912700869e-01
2.804067857808483e-01
2.269199891122193e-01
1.784885266859497e-01
1.140865965364184e-01
6.200374328883392e-02
1.921849776127687e-02
2.575875294427977e-03
4.326457688189009e-01
4.120262545032727e-01
4.583007075790521e-01
4.274648146349485e-01
4.625241316282256e-01
4.257142372243771e-01
4.523617779682474e-01
4.137907421614931e-01
4.350576819947130e-01
3.979694605133690e-01
4.161129333606362e-01
3.822476985776405e-01
3.983299426376889e-01
3.680163290853122e-01
3.820488273289877e-01
3.546382458349103e-01
3.659320305582143e-01
3.402212005346678e-01
3.476554853288086e-01
3.221113172170500e-01
3.241966670488090e-01
2.969245182972401e-01
2.916139690131351e-01
2.600501770086177e-01
2.443246342718009e-01
2.049253303069208e-01
1.752082923150385e-01
1.261444956884449e-01
8.577696774716938e-02
4.066062617652122e-02
1.463758372913933e-02
1.039127940840018e-03
2.963406081500207e-01
3.434928461040218e-01
3.141834568243878e-01
3.518568925668580e-01
3.165157726929239e-01
3.464715456570952e-01
3.087244995841371e-01
3.332330151704249e-01
2.961568666230719e-01
3.171925218919153e-01
2.827675276377539e-01
3.015079213360241e-01
2.705059243250139e-01
2.872713643907808e-01
2.595149542674220e-01
2.739866047399950e-01
2.487169771178007e-01
2.601834600159775e-01
2.363297395533046e-01
2.438142614811880e-01
2.200816694717617e-01
2.222982914947874e-01
1.970574201920698e-01
1.921921508819999e-01
1.632415247290899e-01
1.488633443798351e-01
1.140516937178121e-01
8.955636692397446e-02
5.257176536881306e-02
2.854339998967641e-02
7.243721994571361e-03
1.028523795776502e-03
2.292956048628190e-01
1.998061010619694e-01
2.385497006125599e-01
2.035982953720994e-01
2.360075675510392e-01
1.987436506158775e-01
2.263189207438591e-01
1.894560971574345e-01
2.136238879591980e-01
1.790488756235241e-01
2.007743751926849e-01
1.694128353827095e-01
1.890822492483892e-01
1.610531195435222e-01
1.785819249177258e-01
1.534825375437299e-01
1.684918232926651e-01
1.456474243723127e-01
1.575858286617254e-01
1.361839431799822e-01
1.443505344876940e-01
1.234485519335808e-01
1.269143672694203e-01
1.053461027622419e-01
1.028525792735869e-01
7.930370136794374e-02
6.985794476383049e-02
4.466601642133099e-02
3.123366847292436e-02
1.163743040574691e-02
4.620008355228512e-03
-2.461281702968009e-04
8.789981486209848e-02
1.258307552696410e-01
8.961529354328968e-02
1.231388868874982e-01
8.532640536823259e-02
1.152935978255470e-01
7.826367232989079e-02
1.054684397735270e-01
7.081864466975310e-02
9.574822595376810e-02
6.426730821363155e-02
8.708432915593112e-02
5.893631695677966e-02
7.957750335308353e-02
5.455279105050050e-02
7.284334361081431e-02
5.056262097106005e-02
6.628517520787011e-02
4.631838897131673e-02
5.923055040757484e-02
4.114544788175863e-02
5.096523286098813e-02
3.433722102745397e-02
4.073113961505605e-02
2.519047981311130e-02
2.792383895490322e-02
1.358975928475393e-02
1.342876914252339e-02
2.357002583280195e-03
2.471063017396642e-03
-1.683789473770455e-03
-7.651470105744795e-05
1.738900156427974e-02
-2.208318125325456e-02
1.083403609143713e-02
-2.917434067980039e-02
2.017808161239028e-03
-3.620561197091969e-02
-6.487143970754975e-03
-4.162397501448073e-02
-1.351179958382027e-02
-4.511993550780003e-02
-1.894976994014965e-02
-4.709882280309995e-02
-2.318160395649493e-02
-4.812103137133726e-02
-2.661768364991748e-02
-4.858614110882623e-02
-2.949970285242232e-02
-4.865509523369993e-02
-3.187414363008537e-02
-4.827066388164425e-02
-3.359601349660917e-02
-4.714378001573070e-02
-3.424982348416321e-02
-4.460347393036901e-02
-3.288947470363360e-02
-3.923293255476601e-02
-2.763912920369796e-02
-2.874762769993857e-02
-1.658332316760593e-02
-1.305897744050078e-02
-3.732761370105017e-03
-1.292868483235572e-03
-1.275519970561267e-01
-9.726525209349829e-02
-1.416067239427001e-01
-1.107974758623122e-01
-1.518901098074797e-01
-1.206510040043521e-01
-1.572845300023994e-01
-1.263563562562093e-01
-1.584992025810400e-01
-1.289214558892768e-01
-1.571242949422419e-01
-1.297448877305680e-01
-1.545763583950437e-01
-1.297896378105947e-01
-1.515633022522986e-01
-1.293211351351722e-01
-1.480659311133997e-01
-1.280112051725436e-01
-1.435204250604416e-01
-1.250899519612447e-01
-1.369208516746279e-01
-1.193285978860621e-01
-1.266756424442592e-01
-1.087252703274687e-01
-1.101398037292688e-01
-8.996849394715836e-02
-8.338524684741516e-02
-5.944692455859583e-02
-4.517685964699463e-02
-2.207299654067606e-02
-1.003777845336089e-02
-1.130448063742739e-03
-1.970183267363874e-01
-2.480971147385857e-01
-2.196382891123572e-01
-2.658798666102170e-01
-2.345853179078167e-01
-2.743946407612996e-01
-2.414340202967311e-01
-2.750536428722363e-01
-2.422646066639309e-01
-2.708843990334301e-01
-2.399252700353192e-01
-2.647259597773922e-01
-2.365141382700807e-01
-2.581554211622924e-01
-2.328029851204029e-01
-2.513746862327080e-01
-2.284084474704363e-01
-2.435704657183277e-01
-2.221581173234995e-01
-2.332358483328043e-01
-2.122581557443830e-01
-2.181712228885674e-01
-1.960647814470044e-01
-1.950236335722586e-01
-1.693927951000937e-01
-1.585443495302789e-01
-1.263105404519832e-01
-1.034315463945964e-01
-6.578921250518187e-02
-3.875051977743743e-02
-1.260012864905165e-02
-2.436357767156838e-03
-3.440913746900904e-01
-3.202409908260566e-01
-3.744150058540211e-01
-3.449743988038160e-01
-3.903511447172949e-01
-3.566041423960890e-01
-3.933001983612491e-01
-3.578269383785223e-01
-3.876767916889853e-01
-3.531724212474422e-01
-3.782408942647361e-01
-3.464631771754354e-01
-3.680729403044805e-01
-3.395515691354331e-01
-3.580956394071467e-01
-3.324013657022361e-01
-3.475623205003860e-01
-3.236869745522067e-01
-3.346672096503589e-01
-3.112385334471599e-01
-3.168027640376687e-01
-2.920264093476129e-01
-2.902659351612323e-01
-2.615419094766477e-01
-2.493462928524665e-01
-2.127736070601041e-01
-1.859201799712540e-01
-1.383702415435479e-01
-9.805120384099769e-02
-5.033733258878793e-02
-1.996096967090594e-02
-2.465596170821122e-03
-4.077024170589145e-01
-4.728752901684782e-01
-4.475825647121252e-01
-5.016416302326130e-01
-4.688450004963122e-01
-5.110003471756749e-01
-4.737658534814435e-01
-5.062550984048828e-01
-4.684599019478048e-01
-4.944433559758151e-01
-4.590246311223604e-01
-4.808446580291662e-01
-4.490525402697085e-01
-4.677037330044240e-01
-4.393447719120477e-01
-4.547278028320074e-01
-4.287203786106720e-01
-4.400336425816462e-01
-4.148102391045552e-01
-4.207497702523146e-01
-3.943473076237935e-01
-3.930014637909769e-01
-3.627853539838594e-01
-3.511550334924564e-01
-3.131561456128407e-01
-2.864538422612194e-01
-2.351893699682716e-01
-1.888173140402870e-01
-1.247507214251319e-01
-7.105542500182307e-02
-2.435024981332283e-02
-4.054200279852038e-03
-5.557512158037914e-01
-5.372106393175394e-01
-6.037327509136452e-01
-5.741243234332323e-01
-6.250468351057841e-01
-5.874328895822567e-01
-6.247429239647542e-01
-5.841841884965351e-01
-6.122175319523327e-01
-5.731952761438072e-01
-5.957155918333912e-01
-5.605615291982643e-01
-5.795316415981511e-01
-5.485114366707576e-01
-5.642923031948093e-01
-5.363626756485451e-01
-5.482912573707555e-01
-5.217388004604895e-01
-5.285236186217493e-01
-5.012388196881225e-01
-5.010210648824707e-01
-4.703766966045113e-01
-4.604025962432485e-01
-4.226904441806785e-01
-3.985252410630747e-01
-3.480048512805670e-01
-3.028959825764379e-01
-2.330929671176197e-01
-1.653765845067119e-01
-8.882590312651220e-02
-3.433383530127403e-02
-4.571191718565931e-03
-6.077327025966883e-01
-6.909256150080487e-01
-6.672119068567676e-01
-7.312825121140497e-01
-6.952036068174497e-01
-7.405334706967324e-01
-6.980592651070319e-01
-7.299387909824563e-01
-6.874840744944428e-01
-7.115565394688854e-01
-6.729950394464381e-01
-6.926629693163142e-01
-6.589811452215754e-01
-6.753674779926564e-01
-6.456727694424611e-01
-6.584255256782918e-01
-6.308996583733429e-01
-6.388333426659010e-01
-6.112251698172035e-01
-6.125728836372930e-01
-5.822432800432624e-01
-5.745110034488004e-01
-5.380467366094386e-01
-5.174059007772186e-01
-4.697062093648957e-01
-4.298295056998102e-01
-3.628696763189764e-01
-2.949911269907299e-01
-2.037674462044236e-01
-1.179305835002057e-01
-4.278980149884719e-02
-6.836182843242999e-03
-7.562442907042168e-01
-7.414717591665146e-01
-8.242094335076227e-01
-7.921927687043953e-01
-8.501294391549294e-01
-8.069721588059406e-01
-8.454144340203971e-01
-7.998204413493608e-01
-8.267901737750114e-01
-7.848239177451569e-01
-8.058252121769549e-01
-7.695220170849788e-01
-7.868336703447005e-01
-7.555481020464393e-01
-7.693358167938465e-01
-7.411628279718658e-01
-7.504586628122700e-01
-7.229976106429961e-01
-7.261755825384137e-01
-6.967381450232484e-01
-6.915470961651318e-01
-6.569391064550205e-01
-6.401207435290204e-01
-5.959593645333445e-01
-5.622984192039483e-01
-5.016443110883335e-01
-4.422135470783977e-01
-3.539662514417601e-01
-2.589531300063578e-01
-1.477139780763773e-01
-5.845862635090603e-02
-8.499378841042876e-03
-7.888421104007691e-01
-8.966034118006535e-01
-8.717953607369402e-01
-9.488477365293533e-01
-9.067350296504271e-01
-9.558248021067112e-01
-9.074545514953287e-01
-9.393383903594263e-01
-8.939659723753381e-01
-9.172813241979472e-01
-8.784612294746649e-01
-8.972082292359431e-01
-8.645951144237344e-01
-8.797072665557351e-01
-8.512717289642283e-01
-8.621253275058780e-01
-8.352852494186862e-01
-8.404618021825031e-01
-8.124409224558340e-01
-8.099336406045798e-01
-7.776647489652665e-01
-7.646836070505699e-01
-7.243436031306456e-01
-6.966868817715861e-01
-6.426710522342916e-01
-5.933181167201160e-01
-5.161086883009234e-01
-4.320769201169262e-01
-3.163768921483141e-01
-1.926574925455529e-01
-7.564554680085388e-02
-1.246677168461610e-02
-9.393143626628009e-01
-9.251168523044713e-01
-1.030275877775478e+00
-9.916103149080372e-01
-1.057650884365710e+00
-1.006830688742418e+00
-1.046608687258018e+00
-9.976699565728748e-01
-1.024712600078916e+00
-9.835335924556987e-01
-1.004486810208728e+00
-9.709768961357116e-01
-9.878588096893843e-01
-9.597078689635433e-01
-9.723721511880390e-01
-9.467307134973938e-01
-9.540449004772737e-01
-9.280085297044722e-01
-9.282411246294100e-01
-8.988017901912371e-01
-8.895699179793959e-01
-8.532780636353220e-01
-8.311537298444407e-01
-7.834493123292594e-01
-7.430619363078933e-01
-6.767868114521972e-01
-6.086919248363172e-01
-5.100619901810560e-01
-3.937988234300227e-01
-2.445400637802877e-01
-1.039069861604656e-01
-1.709044911711616e-02
-9.409982697785129e-01
-1.085432633097954e+00
-1.053382752876425e+00
-1.146562837833132e+00
-1.093407243509003e+00
-1.145591887823087e+00
-1.092387251204911e+00
-1.125079484681086e+00
-1.081682396897055e+00
-1.105926859494248e+00
-1.072216179042400e+00
-1.091544453169965e+00
-1.064527262292542e+00
-1.079392464882854e+00
-1.055757807744660e+00
-1.065390474087199e+00
-1.042050040843617e+00
-1.045047860469531e+00
-1.019025953909965e+00
-1.013404196428081e+00
-9.815079320153679e-01
-9.644586366590597e-01
-9.227987456505738e-01
-8.901374367757076e-01
-8.333158796906455e-01
-7.782152158231308e-01
-6.971219234512266e-01
-6.064866794090048e-01
-4.781321247885449e-01
-3.181431809023635e-01
-1.407071059785361e-01
-2.591847060769248e-02
-1.102477585372944e+00
-1.079816817024236e+00
-1.217179422561284e+00
-1.161358860521643e+00
-1.233338734323471e+00
-1.173663823436906e+00
-1.214440384583393e+00
-1.168763003822167e+00
-1.197704581946496e+00
-1.164907064409866e+00
-1.187660616285420e+00
-1.163140654038286e+00
-1.180822510934120e+00
-1.160414377805991e+00
-1.172668449151550e+00
-1.153007690893521e+00
-1.158828165277439e+00
-1.136985924507593e+00
-1.134820624071373e+00
-1.107847809057169e+00
-1.095437328146918e+00
-1.059908788121935e+00
-1.033949713903765e+00
-9.854496760159261e-01
-9.409268643881126e-01
-8.731834982475883e-01
-8.014127386587399e-01
-7.030860343953029e-01
-5.832978759281765e-01
-4.084133367151892e-01
-1.984247704413129e-01
-3.946084763162563e-02
-1.054864807664408e+00
-1.262514834880309e+00
-1.202844969934752e+00
-1.308811714902820e+00
-1.236248919053970e+00
-1.287684994100159e+00
-1.239046975471948e+00
-1.274284629975469e+00
-1.244236410353222e+00
-1.271760328741757e+00
-1.251981509763684e+00
-1.273428055711782e+00
-1.258161397141414e+00
-1.273558760570380e+00
-1.259024557642590e+00
-1.267831452672667e+00
-1.251210976074451e+00
-1.252383647964579e+00
-1.231059152561781e+00
-1.222888686929324e+00
-1.193891703967595e+00
-1.173768673010473e+00
-1.133326031957272e+00
-1.097423623056986e+00
-1.040502768780714e+00
-9.831132856418899e-01
-9.025852929116029e-01
-8.128625941243762e-01
-6.951434738707177e-01
-5.283242730157280e-01
-2.820452577735102e-01
-6.450717806256520e-02
-1.274628325631123e+00
-1.205632088747002e+00
-1.380033737140156e+00
-1.275363884537877e+00
-1.337936037710196e+00
-1.284269341802305e+00
-1.327073690077453e+00
-1.303092736216112e+00
-1.337154336695463e+00
-1.325949930320537e+00
-1.352593950758241e+00
-1.345557512862081e+00
-1.364971059385751e+00
-1.357771904909506e+00
-1.369928322159669e+00
-1.360022688504308e+00
-1.364506709425180e+00
-1.349809740591295e+00
-1.345544797495098e+00
-1.323686894260495e+00
-1.308702045484313e+00
-1.276550300705200e+00
-1.247794337408326e+00
-1.201091572015651e+00
-1.154318924179621e+00
-1.087367654436210e+00
-1.016916463901042e+00
-9.215359918915424e-01
-8.161721689148506e-01
-6.719005460875943e-01
-4.115048010031706e-01
-1.109983196349832e-01
-1.154368822528092e+00
-1.496043593137667e+00
-1.292416099492550e+00
-1.354279660975567e+00
-1.291022280958322e+00
-1.341195032034903e+00
-1.330112383246389e+00
-1.373142362060682e+00
-1.377361514177400e+00
-1.411453407151590e+00
-1.417728115405574e+00
-1.442624096341451e+00
-1.446187044853939e+00
-1.462408626540781e+00
-1.461414607294930e+00
-1.469360130214345e+00
-1.462646222441136e+00
-1.462044535814490e+00
-1.448124592146549e+00
-1.437726798247310e+00
-1.414275604299629e+00
-1.391680553932318e+00
-1.355220819033954e+00
-1.316853198384408e+00
-1.262584495728410e+00
-1.204100154935149e+00
-1.125884507027102e+00
-1.043605375665903e+00
-9.318802705562748e-01
-8.244292584815471e-01
-6.126293686737971e-01
-2.040623782010161e-01
-1.879416211619341e+00
-1.338126484657402e+00
-1.293919945988224e+00
-1.236077194337662e+00
-1.283694376890468e+00
-1.306199421572530e+00
-1.360477660168821e+00
-1.394278498264585e+00
-1.439036819638247e+00
-1.467615377728623e+00
-1.500249714818463e+00
-1.520150957715605e+00
-1.541629539248926e+00
-1.552929189696565e+00
-1.564718059019076e+00
-1.567978285477537e+00
-1.570882219800515e+00
-1.566016940246549e+00
-1.559708956981741e+00
-1.545516422161273e+00
-1.528337271604641e+00
-1.502281912364307e+00
-1.471178208645498e+00
-1.429324677430399e+00
-1.380071458875517e+00
-1.317399500721385e+00
-1.245874133274612e+00
-1.157715542842942e+00
-1.064558302695900e+00
-9.475039360289959e-01
-8.599656863005414e-01
-4.756403940312225e-01

SCALARS sigma_yy double 1
LOOKUP_TABLE default
9.629304403912127e-01
8.129296495278315e-02
2.086864857314923e-01
9.928265079635668e-02
1.320234143712592e-01
1.108517305030409e-01
1.283449481399908e-01
1.255562792890440e-01
1.382250567199808e-01
1.397190270794832e-01
1.492986703154945e-01
1.512937118620429e-01
1.583954554511877e-01
1.598078711580689e-01
1.648931415348484e-01
1.654738523516692e-01
1.689194655160910e-01
1.686468260407747e-01
1.707011193541459e-01
1.695334183882827e-01
1.702857154711348e-01
1.680260755302839e-01
1.674198458462219e-01
1.635590138520019e-01
1.615471636078947e-01
1.548068499336002e-01
1.522083571532831e-01
1.384855555664898e-01
1.419663673771431e-01
1.020332886555682e-01
1.597708896699547e-01
-9.607140493037292e-04
7.593579817940338e-01
5.265772765393606e-01
1.731017162998650e-01
1.912322147398614e-01
9.802730060284592e-02
1.219732099679648e-01
9.241847626871746e-02
1.144605864401740e-01
1.048364567832316e-01
1.236321825357669e-01
1.205790486468337e-01
1.358337809150834e-01
1.346450275855954e-01
1.466408663054429e-01
1.456418857725794e-01
1.549099905188583e-01
1.535840231663541e-01
1.606803980993221e-01
1.589123503556615e-01
1.642908263596335e-01
1.620105230294357e-01
1.659775084108700e-01
1.629364723918230e-01
1.656924871265891e-01
1.611900460266444e-01
1.630201001688417e-01
1.553573114832399e-01
1.569658564104921e-01
1.437050001690294e-01
1.393374208144144e-01
1.743208295702174e-01
-8.717532478549844e-02
9.042490579158126e-01
4.768784173240733e-01
3.604702752166134e-01
1.581819188385816e-01
1.598867411975049e-01
8.486184280573195e-02
1.067631505149329e-01
7.756239473258286e-02
1.021342212131234e-01
9.031515491072695e-02
1.126654970170275e-01
1.073283339977799e-01
1.261196715747527e-01
1.229268890262548e-01
1.381767038113775e-01
1.354986109867758e-01
1.477407738088493e-01
1.450830684258809e-01
1.549702821716235e-01
1.522505198200437e-01
1.603636327452503e-01
1.575456227401290e-01
1.643173834901257e-01
1.612026348155911e-01
1.668520961871289e-01
1.630275068140177e-01
1.670431964934834e-01
1.631240230406186e-01
1.598715663370451e-01
1.698889812297066e-01
1.580222051329179e-01
-1.375134409905738e-01
7.933048931520733e-01
6.060283034222997e-01
3.226225047547187e-01
2.585537501499126e-01
1.235475510638737e-01
1.271900351065637e-01
6.868070493649259e-02
9.146965073165680e-02
6.585426064705824e-02
9.219440986569483e-02
8.035322105751019e-02
1.048155377248312e-01
9.842009858246625e-02
1.193648187050861e-01
1.149116530219438e-01
1.322756734485572e-01
1.284710581685437e-01
1.428103161820248e-01
1.393329314930507e-01
1.513564637188284e-01
1.482442728274768e-01
1.585824967570075e-01
1.559461360595616e-01
1.649977635782345e-01
1.629785509097918e-01
1.705790952275705e-01
1.697291508668748e-01
1.742934330815563e-01
1.750851481439425e-01
1.863164961325439e-01
1.339280941364869e-01
-1.682493513266753e-01
8.559935374420120e-01
5.379076646760722e-01
4.131689603670392e-01
2.199999941854964e-01
1.855830658360889e-01
8.942050081174280e-02
9.933385924016591e-02
5.402909103986964e-02
7.896362764836118e-02
5.739737440722337e-02
8.510158528186806e-02
7.395217025590717e-02
9.962580818108902e-02
9.271823819334601e-02
1.148863989606028e-01
1.096170504261456e-01
1.282959180052197e-01
1.237974106560265e-01
1.395936174152081e-01
1.357811056979369e-01
1.494300028043835e-01
1.465295060298332e-01
1.586530735395354e-01
1.570300778719426e-01
1.679682463926981e-01
1.681046756828277e-01
1.778858517433476e-01
1.793554209843407e-01
1.899516724949032e-01
1.879284899766543e-01
1.089053642514216e-01
-1.831441959253725e-01
7.622461132068954e-01
5.943210399511067e-01
3.597038815892041e-01
2.823610095650224e-01
1.460801546264616e-01
1.320093775123989e-01
6.163793160057018e-02
7.805338115649452e-02
4.297003089696938e-02
7.012470295506712e-02
5.210203892524923e-02
8.069113680994511e-02
7.029416355294515e-02
9.649709363591219e-02
8.929104600534193e-02
1.120140598582668e-01
1.062256195640038e-01
1.256453541214976e-01
1.208313324048294e-01
1.376143675800804e-01
1.339428474892941e-01
1.488427988459604e-01
1.467566322780172e-01
1.604394700262723e-01
1.605115549902464e-01
1.735610994889260e-01
1.760631225604312e-01
1.886549561269799e-01
1.931113758070558e-01
1.842615230500089e-01
8.360955087277777e-02
-1.847069375377963e-01
7.808477682334330e-01
5.196821953275530e-01
4.054204052932981e-01
2.343591201548499e-01
1.909686966935744e-01
9.273945835035075e-02
9.368225791228674e-02
4.145328627173089e-02
6.335036540475580e-02
3.593328995136469e-02
6.479362542185241e-02
4.948892451874715e-02
7.841081127504962e-02
6.856547958095943e-02
9.474565447271327e-02
8.732044109186049e-02
1.101077432843564e-01
1.040404794041024e-01
1.237907727158377e-01
1.190143976979448e-01
1.364585888859388e-01
1.333766280604993e-01
1.493293118336230e-01
1.485800816066211e-01
1.638697290609794e-01
1.661347203922123e-01
1.811982345511073e-01
1.863565689661721e-01
1.957667151689537e-01
1.704386326659984e-01
6.525256207515057e-02
-1.777095720329442e-01
6.827139365765065e-01
5.395063103597075e-01
3.423648584315508e-01
2.708427432997141e-01
1.460997410580991e-01
1.273195685083491e-01
5.562459113772200e-02
6.768559986145944e-02
2.839260965084928e-02
5.435614003112221e-02
3.244557171920787e-02
6.225431914205914e-02
4.881091341976801e-02
7.751150791598671e-02
6.796139932215739e-02
9.367851415944861e-02
8.608703018461022e-02
1.085855682227284e-01
1.024644537164571e-01
1.222647665777067e-01
1.178545420221082e-01
1.357657547252542e-01
1.336774530257325e-01
1.506221322573423e-01
1.516759509407077e-01
1.684620691762023e-01
1.730475477644362e-01
1.881807407953817e-01
1.859150232124090e-01
1.586035883956849e-01
4.883211521789051e-02
-1.625396592943016e-01
6.715592251078908e-01
4.566623120726354e-01
3.618768147174202e-01
2.152656906589196e-01
1.763461583692676e-01
8.521852414863401e-02
8.433371570698006e-02
3.141932766709676e-02
5.141928083772840e-02
2.120881314571799e-02
4.976475763870486e-02
3.157532692278991e-02
6.153702215334905e-02
4.920792260684625e-02
7.719651262862137e-02
6.773299603234995e-02
9.265568714135330e-02
8.497219264754718e-02
1.069390233592781e-01
1.009835864748698e-01
1.206520804566921e-01
1.169077855570147e-01
1.351734863094802e-01
1.344381575107549e-01
1.522692469601898e-01
1.552942743552959e-01
1.727005504045830e-01
1.763612991680661e-01
1.789456397211520e-01
1.404333480812744e-01
4.058907890794349e-02
-1.431494851730377e-01
5.647405916308318e-01
4.530349434708903e-01
2.907573065314519e-01
2.344782708898338e-01
1.264377571678184e-01
1.118612822707488e-01
4.502842750976488e-02
5.689629072293650e-02
1.714913198417911e-02
4.240333508717103e-02
1.832166192588341e-02
4.810642695785083e-02
3.222108698850046e-02
6.162287288812696e-02
4.983650740811824e-02
7.672511113170499e-02
6.722840826938814e-02
9.112475182541474e-02
8.345460694720391e-02
1.047259149439706e-01
9.914402441542622e-02
1.185515150969375e-01
1.157290166755005e-01
1.342245279539848e-01
1.350160734666574e-01
1.532599423354569e-01
1.571494774856037e-01
1.704280244472133e-01
1.610322378015572e-01
1.281476594127154e-01
3.332294736471662e-02
-1.185722449402287e-01
5.331731274129974e-01
3.619885034928351e-01
2.931701983567764e-01
1.726046166068885e-01
1.460276760591636e-01
6.677448699478317e-02
6.989634605514822e-02
2.033472201959857e-02
4.084561276571891e-02
1.003717693359218e-02
3.829611149741757e-02
1.808580925204517e-02
4.794313277527473e-02
3.330535531612933e-02
6.158015369733988e-02
4.995807302492372e-02
7.547110614750907e-02
6.591138696232005e-02
8.862529954537957e-02
8.109175263518936e-02
1.015420320202510e-01
9.650713013977960e-02
1.155143612380046e-01
1.137487182672765e-01
1.321627325884030e-01
1.340968845955087e-01
1.508402827248140e-01
1.508829665349609e-01
1.491710253644884e-01
1.108218422035680e-01
3.350522424156659e-02
-9.227771641613350e-02
4.179759415856557e-01
3.427332204302243e-01
2.152097491492485e-01
1.803016630866612e-01
9.181152966679240e-02
8.739946519718506e-02
2.905948715500950e-02
4.447711799373966e-02
6.784402560607306e-03
3.261430719102049e-02
7.538516117853999e-03
3.698182125273930e-02
1.897770319663283e-02
4.800743118399539e-02
3.389835455720364e-02
6.064287897899295e-02
4.898290543912304e-02
7.294038294889474e-02
6.335336172339015e-02
8.476805448756991e-02
7.748222985231504e-02
9.697411021831143e-02
9.257422280106731e-02
1.109330815938549e-01
1.100769660902926e-01
1.275237897890023e-01
1.288084433571711e-01
1.394383474001480e-01
1.275320592794929e-01
1.008342486837607e-01
3.303301466670168e-02
-6.251066291887505e-02
3.728867780856509e-01
2.446938359011045e-01
2.065630168488186e-01
1.133590627949911e-01
1.043537348346582e-01
3.968380638314234e-02
5.105363257232884e-02
7.309118470253895e-03
3.061900177480528e-02
6.384981538213319e-04
2.914373223622915e-02
7.430754113503718e-03
3.666672506533672e-02
1.972187656119689e-02
4.728705419549631e-02
3.328147900751066e-02
5.823883550234354e-02
4.647403560869670e-02
6.875579764004011e-02
5.920252019732544e-02
7.919539295747678e-02
7.221158828332667e-02
9.053143445174888e-02
8.668639549638521e-02
1.038844475336003e-01
1.032157414078627e-01
1.177488432530612e-01
1.149424211309443e-01
1.138868973000967e-01
8.566827567805566e-02
3.889943282023381e-02
-3.253588639081781e-02
2.508514154236757e-01
2.156472631791776e-01
1.232386103847362e-01
1.140233585440447e-01
4.677143243339804e-02
5.660962546658549e-02
8.811129196378803e-03
3.060883952671872e-02
-3.549838183540571e-03
2.412324457631521e-02
-1.261357389813811e-03
2.790562816952871e-02
7.904011660066573e-03
3.594945664973223e-02
1.935853453249600e-02
4.505615013812854e-02
3.095880840383421e-02
5.397687051959021e-02
4.212035747349779e-02
6.262023334353732e-02
5.313853255033429e-02
7.153060070400084e-02
6.479073342063926e-02
8.157273917584479e-02
7.792797376974508e-02
9.303344777842329e-02
9.117651910709022e-02
1.003257470659403e-01
9.088410799789064e-02
7.802680068432849e-02
4.257374936879049e-02
-1.554428676949337e-04
1.977556538162102e-01
1.122996200294782e-01
1.083747542795013e-01
4.337768050124306e-02
5.557267362418629e-02
6.908074697590638e-03
2.945488068815008e-02
-7.193688273417959e-03
2.064001305783927e-02
-7.779982163311744e-03
2.154037604342636e-02
-1.453787905749210e-03
2.694473333504824e-02
7.616061959835094e-03
3.384611064714926e-02
1.725445677705270e-02
4.085942758332907e-02
2.662900456557075e-02
4.760695162802266e-02
3.569231369293834e-02
5.427028512308518e-02
4.482491577944506e-02
6.133178254607139e-02
5.461364124966737e-02
6.929071312160430e-02
6.522665191898920e-02
7.715594625200772e-02
7.315828287814859e-02
7.678577227960617e-02
6.448991495863965e-02
5.149263345945415e-02
3.143201209891073e-02
7.069774843614206e-02
7.839956495063398e-02
2.135023513871690e-02
4.097337442202694e-02
-4.260921727234114e-03
2.257669867989823e-02
-1.381097555972310e-02
1.625093942679150e-02
-1.377818157191590e-02
1.663986459215633e-02
-8.819443198012877e-03
2.019470233780231e-02
-1.819150718997589e-03
2.489327288091037e-02
5.694862064044702e-03
2.976521147147463e-02
1.306661139631778e-02
3.446259968065198e-02
2.013422351966087e-02
3.896897429155990e-02
2.699524018779557e-02
4.343596751018603e-02
3.387895203240742e-02
4.808636210947091e-02
4.101979148346416e-02
5.297606492558684e-02
4.814235881642036e-02
5.705953157351094e-02
5.329517170955243e-02
5.807015124021391e-02
5.689529117440682e-02
6.465527947870037e-02
1.441450142571114e-02
-2.841996814526528e-02
4.656712640817564e-03
-3.187762460816526e-02
4.010562862286165e-03
-2.828603691020177e-02
7.254661113976695e-03
-2.202937680877638e-02
1.134855964332907e-02
-1.541308691464066e-02
1.505959603899314e-02
-9.241989558202081e-03
1.819753201867354e-02
-3.585187246208103e-03
2.093441441246568e-02
1.687619748549442e-03
2.344172353607296e-02
6.675863100406396e-03
2.578753111719145e-02
1.140445020490179e-02
2.794701700751132e-02
1.583731836756901e-02
2.982850420841864e-02
1.989936290282827e-02
3.133759410837048e-02
2.366631640185643e-02
3.294479661087901e-02
2.883451832910229e-02
3.898763872251827e-02
4.489151388098725e-02
6.648114948106595e-02
9.631966924641477e-02
-1.158459053984478e-01
-6.254820099940576e-02
-8.430000117417247e-02
-3.349933374133750e-02
-5.683229955968977e-02
-1.133520546232040e-02
-3.650802088847122e-02
2.765874339966327e-03
-2.335248013523374e-02
1.018831948146880e-02
-1.551398081968414e-02
1.334818308475903e-02
-1.075590010114674e-02
1.440617148688798e-02
-7.393609251374431e-03
1.471520290324003e-02
-4.528856555582883e-03
1.484956814324787e-02
-1.887635870250676e-03
1.485146585194739e-02
4.148310251595455e-04
1.444595198384786e-02
2.033815648960741e-03
1.319495956122812e-02
2.633366743188745e-03
1.110888305412525e-02
3.488877813287723e-03
1.243963645766363e-02
1.515035994408856e-02
3.814528854767885e-02
7.137380240958328e-02
1.289356076292132e-01
-1.706646090487439e-01
-1.709631923414457e-01
-9.844054296630914e-02
-1.069601447447814e-01
-4.579797098358859e-02
-6.243352050862144e-02
-1.312859759110435e-02
-3.575554084849274e-02
3.404216183611142e-03
-2.218672755933902e-02
9.407798532027042e-03
-1.640120534021448e-02
9.928187883648146e-03
-1.427721463680037e-02
8.316864956740277e-03
-1.341879022467131e-02
6.228038701656155e-03
-1.285204579867165e-02
4.115751686974908e-03
-1.250680959089681e-02
1.727193426504223e-03
-1.282831269206393e-02
-1.590623144288733e-03
-1.452024429789446e-02
-6.497144664227475e-03
-1.759663285307501e-02
-1.117737062368427e-02
-1.552389676935407e-02
4.875911522884135e-04
2.384326407396459e-02
7.932827096738948e-02
1.592822255517546e-01
-3.023752653737577e-01
-2.005301694766694e-01
-1.874944434367494e-01
-1.037511137612060e-01
-1.063287950267875e-01
-4.154204818039417e-02
-5.682044642766026e-02
-8.376567002862434e-03
-3.159548983364530e-02
4.821967101863417e-03
-2.161304348759768e-02
6.872428240940476e-03
-1.935641825266432e-02
4.079537116455034e-03
-2.007781301370931e-02
-9.107264138583093e-05
-2.151116198922956e-02
-4.311162475550828e-03
-2.304627847511825e-02
-8.543872153810750e-03
-2.501214160904025e-02
-1.346292763169712e-02
-2.825820342786456e-02
-2.009834462555263e-02
-3.366721998980944e-02
-2.866765178337230e-02
-3.907048307515622e-02
-3.108603805678210e-02
-2.361321780945914e-02
1.517504588302626e-02
8.145351997934350e-02
1.898174982328811e-01
-3.507259220058242e-01
-3.086610154436666e-01
-1.942794746475472e-01
-1.761506460518809e-01
-8.898618954604887e-02
-9.192971069497477e-02
-2.922180300887092e-02
-4.693417019609114e-02
-2.641008415635471e-03
-2.806002170109537e-02
4.173003216464660e-03
-2.338471528470318e-02
1.575258060685952e-03
-2.479177282136746e-02
-4.255965855722632e-03
-2.797767861760386e-02
-1.052469668514039e-02
-3.133202422218773e-02
-1.656190823387121e-02
-3.480473371015858e-02
-2.285433156632843e-02
-3.917881008411425e-02
-3.050996202017972e-02
-4.566204699632007e-02
-4.072409183407424e-02
-5.465297072732078e-02
-5.143398813714320e-02
-5.724708397267632e-02
-3.852714071255652e-02
-1.604215313335537e-03
8.533809054914600e-02
2.172668603452874e-01
-4.822643993937840e-01
-3.281667004750471e-01
-2.815384858722619e-01
-1.635170698567822e-01
-1.478485383508349e-01
-6.431065522372786e-02
-7.234845088223324e-02
-1.593462524154898e-02
-3.803169097608150e-02
2.967119401975360e-04
-2.751824631261957e-02
7.531516612951927e-05
-2.809601275957957e-02
-6.593808577801563e-03
-3.249888559911834e-02
-1.470433688296741e-02
-3.753606796289038e-02
-2.252378915669551e-02
-4.245318447209320e-02
-3.011853744788695e-02
-4.777134546691633e-02
-3.847171660909413e-02
-5.468290049022820e-02
-4.903416472540417e-02
-6.453337606705142e-02
-6.256098734022225e-02
-7.559274019926220e-02
-7.041516194607142e-02
-6.218606823979541e-02
-1.348259529335610e-02
8.220178272825013e-02
2.438771522945286e-01
-5.181375616469344e-01
-4.341834948988849e-01
-2.751664074658735e-01
-2.331091052166734e-01
-1.202023283408894e-01
-1.131175868407492e-01
-3.880194322851693e-02
-5.447820297336048e-02
-6.753034468221564e-03
-3.332598179379043e-02
-1.455865367906151e-03
-3.079951761072103e-02
-7.638956064129010e-03
-3.549327477667497e-02
-1.715252426737990e-02
-4.191406079051474e-02
-2.666958004447822e-02
-4.820210418876680e-02
-3.555955088361346e-02
-5.440840726760166e-02
-4.452516898669001e-02
-6.152230315649293e-02
-5.493567253383774e-02
-7.101944780861183e-02
-6.835876911508146e-02
-8.387322325494342e-02
-8.377789829645921e-02
-9.255005198453457e-02
-7.627915656388737e-02
-3.347901064333124e-02
7.923889382603547e-02
2.662633959971595e-01
-6.482399748653224e-01
-4.365780937478850e-01
-3.586744334934117e-01
-2.053842397240507e-01
-1.760479663728476e-01
-7.594453900884485e-02
-8.109283037196596e-02
-1.941100050633171e-02
-4.276950904353211e-02
-4.322213436418920e-03
-3.397387267717084e-02
-8.130825345566639e-03
-3.756668163982368e-02
-1.832066802424964e-02
-4.483855240150314e-02
-2.932330707956615e-02
-5.233819617021618e-02
-3.948530258122440e-02
-5.940413022782082e-02
-4.907797802262254e-02
-6.669717237427636e-02
-5.925087491494008e-02
-7.551399598327041e-02
-7.159244950817711e-02
-8.739386736031482e-02
-8.736541866160508e-02
-1.019710978870323e-01
-1.010219027471510e-01
-9.736190060540856e-02
-4.885062409208561e-02
6.798930275816105e-02
2.862269235635782e-01
-6.635852096127232e-01
-5.388739300660496e-01
-3.312860338919322e-01
-2.702904008999344e-01
-1.334468981823062e-01
-1.225359907210043e-01
-4.053372730484944e-02
-5.816618074652830e-02
-1.000427579048913e-02
-3.889827232213500e-02
-8.968846102336114e-03
-3.949596406633599e-02
-1.881143796105239e-02
-4.681477514416993e-02
-3.092290089912686e-02
-5.522629296599840e-02
-4.225817954843375e-02
-6.307639285013783e-02
-5.249365935529410e-02
-7.057742682018742e-02
-6.249439245898314e-02
-7.875068230587151e-02
-7.363624170515681e-02
-8.901013170620636e-02
-8.750355697515455e-02
-1.026126662569868e-01
-1.043913578801799e-01
-1.161559185074007e-01
-1.077609677408873e-01
-7.112970276818478e-02
5.509142952248396e-02
3.001301726438015e-01
-7.921871331399709e-01
-5.138627092789900e-01
-4.089113573206791e-01
-2.197795492690504e-01
-1.850169284470516e-01
-7.345788879191323e-02
-8.216745541307902e-02
-2.000141759956159e-02
-4.695354507350047e-02
-1.111221009801722e-02
-4.216927690670275e-02
-1.934882670760607e-02
-4.846923914774420e-02
-3.203228396248858e-02
-5.732890094228960e-02
-4.433196476597789e-02
-6.579197332430781e-02
-5.516503654410043e-02
-7.349367338639418e-02
-6.505902767627680e-02
-8.114406610547381e-02
-7.515382009893823e-02
-8.987506066962397e-02
-8.682770085281899e-02
-1.010064930220440e-01
-1.013612989037371e-01
-1.150368840103437e-01
-1.172933400292589e-01
-1.219444402073617e-01
-8.772300242741587e-02
3.287607062631354e-02
3.089309464120800e-01
-7.749079446784497e-01
-6.114624048275640e-01
-3.480619509734748e-01
-2.777540101432814e-01
-1.223024147571594e-01
-1.178235986223740e-01
-3.557231369390734e-02
-5.945473068359541e-02
-1.540826325255296e-02
-4.647202744507073e-02
-2.071131050482455e-02
-5.050258568907362e-02
-3.333291163098218e-02
-5.920273500373840e-02
-4.627222979431866e-02
-6.799211160167007e-02
-5.756011728305771e-02
-7.580232959300226e-02
-6.734303933689462e-02
-8.300510277124540e-02
-7.653569458985859e-02
-9.046571137692061e-02
-8.627475120402073e-02
-9.918980722542631e-02
-9.772444394759855e-02
-1.101721604366540e-01
-1.114444387289725e-01
-1.228155173950324e-01
-1.236331335380159e-01
-1.074790335360366e-01
7.616547410864344e-03
3.084078226579151e-01
-9.062311949037288e-01
-5.407100170425809e-01
-4.166347447004244e-01
-1.930551658899554e-01
-1.689281716627187e-01
-5.725666381390415e-02
-7.739519306488096e-02
-2.232081517777151e-02
-5.310348198509562e-02
-2.363096934379583e-02
-5.360033855388968e-02
-3.559859580823754e-02
-6.146706222733966e-02
-4.876337555862242e-02
-7.019517791963581e-02
-6.024519136540951e-02
-7.792081119621364e-02
-6.980752082387998e-02
-8.465179016746505e-02
-7.815421526298705e-02
-9.102754636240495e-02
-8.621212198907541e-02
-9.779362824683768e-02
-9.489229627285417e-02
-1.055886916668902e-01
-1.049776171107514e-01
-1.147906201142865e-01
-1.157869434931292e-01
-1.250564114057023e-01
-1.176790812750096e-01
-2.624531886678091e-02
2.979627888827724e-01
-8.349943532248223e-01
-6.330368560275978e-01
-2.975023115704001e-01
-2.413309833959271e-01
-8.376532730963027e-02
-1.010222114696524e-01
-3.150656379614125e-02
-6.229515103527139e-02
-2.868231866288773e-02
-5.829838455645264e-02
-3.967106194995407e-02
-6.474330851941423e-02
-5.261005941681907e-02
-7.297452671299809e-02
-6.389625169273683e-02
-8.033216615100736e-02
-7.299503347345748e-02
-8.646418421554536e-02
-8.043225677094579e-02
-9.180262911113823e-02
-8.696363741026580e-02
-9.691985642394507e-02
-9.325393017846784e-02
-1.022455770333640e-01
-9.980854119654536e-02
-1.077947433773964e-01
-1.070605209673082e-01
-1.125907944590002e-01
-1.137649169837192e-01
-1.231128945363121e-01
-6.147976043262712e-02
2.722121473545960e-01
-9.898237744949960e-01
-4.681459326835896e-01
-3.484226849435716e-01
-1.086403180053942e-01
-1.289982369472411e-01
-4.118854789132842e-02
-7.337422231085766e-02
-3.625204865524712e-02
-6.480869030468783e-02
-4.648592308576838e-02
-6.957422459632723e-02
-5.875093886256522e-02
-7.691557778118341e-02
-6.930601895898247e-02
-8.356170818004283e-02
-7.753677270813764e-02
-8.888262571582106e-02
-8.385440822736068e-02
-9.312313345340528e-02
-8.887497266361633e-02
-9.670231464410273e-02
-9.308102241078409e-02
-9.993021969232241e-02
-9.667622861964187e-02
-1.028438968111550e-01
-9.954818543805283e-02
-1.047478856672081e-01
-1.020275248022059e-01
-1.012101655043124e-01
-1.126392759388030e-01
-9.747587361174587e-02
2.277979696674560e-01
-8.053521222705725e-01
-5.366485693389698e-01
-1.091455102670785e-01
-1.559364842581947e-01
-4.785652596565093e-02
-8.398598172054417e-02
-4.697704203294317e-02
-7.281162348004055e-02
-5.729577194058477e-02
-7.633916644245708e-02
-6.833233737608180e-02
-8.256051492050398e-02
-7.739708482551766e-02
-8.813426105955002e-02
-8.414973830511618e-02
-9.236962783650060e-02
-8.896860326606693e-02
-9.538325869064357e-02
-9.233506426842064e-02
-9.743936702794276e-02
-9.457750415406752e-02
-9.870147221829395e-02
-9.574107594567050e-02
-9.914779916764926e-02
-9.543916115038897e-02
-9.856103410739725e-02
-9.256051457795189e-02
-9.646311293175563e-02
-8.595135271752491e-02
-8.609082309143962e-02
-1.252915823743263e-01
1.593005656702829e-01
-1.052498761435138e+00
6.940473244715362e-03
-1.745260156908197e-01
-4.617636668576763e-02
-9.098783492547724e-02
-6.286029216769928e-02
-8.191072254449994e-02
-7.410192804887838e-02
-8.542116707094194e-02
-8.281201545411310e-02
-9.043887558946806e-02
-8.921115622088538e-02
-9.455301942002270e-02
-9.359827720871572e-02
-9.737015093077028e-02
-9.635332026006160e-02
-9.897856903330293e-02
-9.777698137213142e-02
-9.949261819618960e-02
-9.799615850052745e-02
-9.889926349558109e-02
-9.690967529874361e-02
-9.701568403031757e-02
-9.411491574281861e-02
-9.354838757237405e-02
-8.866244409037538e-02
-8.856471641579022e-02
-7.788392170963210e-02
-8.561885457901497e-02
-4.965887586348627e-02
-1.176863453350763e-01
4.983535706972875e-02

SCALARS sigma_xy double 1
LOOKUP_TABLE default
8.916267614499825e-01
4.893148538140392e-01
3.948772281069439e-01
3.668494185848818e-01
3.620079815926096e-01
3.741338679732741e-01
3.888523498268098e-01
4.075887082734349e-01
4.248017855670972e-01
4.419075374999989e-01
4.565530290991737e-01
4.698434148018165e-01
4.806923376477683e-01
4.899543711346037e-01
4.970638934615595e-01
5.026606874848680e-01
5.063734313285652e-01
5.086417374702292e-01
5.091325631912670e-01
5.080894239338933e-01
5.051378159088736e-01
5.003183214331105e-01
4.931706463164188e-01
4.835148994236498e-01
4.707706422854152e-01
4.545694766437537e-01
4.340491139156882e-01
4.093532675017471e-01
3.770193340466317e-01
3.478059956532368e-01
2.674165795523309e-01
3.411081066399121e-01
7.146000833552330e-01
6.024135725429542e-01
4.488144863347467e-01
3.858418425150785e-01
3.619269230880471e-01
3.549664753255909e-01
3.628018797639083e-01
3.736078266209608e-01
3.890371000665421e-01
4.034902544232611e-01
4.186049978970975e-01
4.316088809345350e-01
4.438458031517317e-01
4.538421319540405e-01
4.626719209206267e-01
4.694627816587250e-01
4.750463124263927e-01
4.788112811561138e-01
4.813620615190828e-01
4.821718133279398e-01
4.816247704549766e-01
4.791728920291343e-01
4.749849126779835e-01
4.683796305191566e-01
4.593688085528234e-01
4.468047535427723e-01
4.310849960123880e-01
4.087451393266628e-01
3.849772282996798e-01
3.413032021249786e-01
2.990338708450279e-01
4.506116072411133e-01
5.872293489437215e-01
5.297817580674389e-01
4.567195810575890e-01
3.875709592035996e-01
3.560092175923192e-01
3.426362297299398e-01
3.418582156506750e-01
3.493693537485658e-01
3.601233819637217e-01
3.735388271709268e-01
3.866889916109624e-01
3.999766090625389e-01
4.117943593342929e-01
4.227983907255060e-01
4.320828608289909e-01
4.403104721539357e-01
4.469138565823497e-01
4.524619015172438e-01
4.565172605585215e-01
4.595134606944121e-01
4.610106838549100e-01
4.612993723969563e-01
4.598057890823654e-01
4.567173079955962e-01
4.510635269237203e-01
4.431216531949255e-01
4.308461895423634e-01
4.150640184648211e-01
3.931172591972460e-01
3.554028157572312e-01
3.724841806518083e-01
5.273730850302735e-01
4.951127311420550e-01
4.672811525935467e-01
4.173809693598893e-01
3.761414427024102e-01
3.439964181999864e-01
3.298439674442367e-01
3.257612728855858e-01
3.294553266900883e-01
3.379636570424885e-01
3.487089655306974e-01
3.609272531568485e-01
3.729278796366716e-01
3.848121379983845e-01
3.955740060584635e-01
4.056328725717723e-01
4.143775848688197e-01
4.223024407811385e-01
4.289814055788633e-01
4.348707065809257e-01
4.395884088386698e-01
4.435040343827639e-01
4.461649313595900e-01
4.478371773553866e-01
4.478560054880908e-01
4.463481370637545e-01
4.423027724622623e-01
4.352979004547922e-01
4.251817104552705e-01
4.074529089536423e-01
3.936378775281226e-01
4.489203660201199e-01
5.761529352957805e-01
4.066351263337067e-01
3.990704887320701e-01
3.778116178224710e-01
3.492228955744204e-01
3.290767598344707e-01
3.154838237133610e-01
3.115327029616374e-01
3.132975940025367e-01
3.196907928225942e-01
3.288108232473733e-01
3.392936662452814e-01
3.505281487518416e-01
3.615465556500717e-01
3.723744939891264e-01
3.823986499620713e-01
3.919183275932451e-01
4.005287554098584e-01
4.086119464488950e-01
4.158467911978075e-01
4.225999802381394e-01
4.285382322315154e-01
4.339555507441067e-01
4.384237195277232e-01
4.420781089005468e-01
4.443579223477583e-01
4.449569560221847e-01
4.435461278216395e-01
4.391409760252980e-01
4.321284207928941e-01
4.434314777324816e-01
5.151045923561981e-01
6.081878836096438e-01
3.315014763643433e-01
3.396480420302389e-01
3.330503182705282e-01
3.219390497670077e-01
3.088966106810467e-01
3.013757262293572e-01
2.978131744047593e-01
2.995983464750563e-01
3.045965435613325e-01
3.122863060745931e-01
3.215076044135342e-01
3.315347784757945e-01
3.419761829677749e-01
3.522813179996654e-01
3.624923066816800e-01
3.722338200070673e-01
3.817512435717028e-01
3.907687196573170e-01
3.995981346691997e-01
4.079908787930844e-01
4.162418649315785e-01
4.240734085258703e-01
4.316811216216695e-01
4.387243294382611e-01
4.451610559847227e-01
4.506194102080087e-01
4.549971109711699e-01
4.579627500773098e-01
4.646270871440821e-01
4.951158577802124e-01
5.691138675876711e-01
6.296339833315381e-01
2.597957341866670e-01
2.831717090779767e-01
2.925500366066520e-01
2.919347086845772e-01
2.892701437029145e-01
2.858056012695919e-01
2.854494833683918e-01
2.872325965545861e-01
2.919776113893505e-01
2.985098113247227e-01
3.066289985331507e-01
3.156732192112183e-01
3.252763261085849e-01
3.352343747352035e-01
3.452406466399641e-01
3.553722257283161e-01
3.653978269536766e-01
3.755337220538575e-01
3.855906952103937e-01
3.958294692049816e-01
4.060682369107609e-01
4.165390147321875e-01
4.270393990427068e-01
4.376983737749826e-01
4.482670656040593e-01
4.588535634176618e-01
4.693227074913665e-01
4.810636250211305e-01
5.007770964217568e-01
5.436815406419576e-01
6.117888439480728e-01
6.443909466201391e-01
1.974484193898656e-01
2.330180185731310e-01
2.534320294305732e-01
2.644262081905300e-01
2.686730889245140e-01
2.713462930546757e-01
2.731923914780084e-01
2.765582003450997e-01
2.809628512154942e-01
2.870256877886428e-01
2.941472290589200e-01
3.023168142480622e-01
3.112021022496407e-01
3.206398193715045e-01
3.305619416102641e-01
3.408013193787910e-01
3.514641955379894e-01
3.624083620837413e-01
3.738322680776270e-01
3.856145133836507e-01
3.979840307104267e-01
4.108292214325667e-01
4.243619256317730e-01
4.384655446190951e-01
4.533511003785873e-01
4.690061532293464e-01
4.860617234866231e-01
5.066190473628851e-01
5.373126997099024e-01
5.865993661894852e-01
6.450978807283622e-01
6.547099307843164e-01
1.397377219194511e-01
1.871678876723095e-01
2.186767922023296e-01
2.378826206875279e-01
2.499409409401761e-01
2.569083985364192e-01
2.622710436584776e-01
2.666521193364750e-01
2.716607513797286e-01
2.771709078130180e-01
2.837179488512768e-01
2.910606043754801e-01
2.992907962323659e-01
3.082860119160977e-01
3.179906662514752e-01
3.284244335802165e-01
3.394987086761262e-01
3.513397906144044e-01
3.638674926305475e-01
3.772757174436440e-01
3.915083398729464e-01
4.067980343441081e-01
4.231201419346123e-01
4.407466964061904e-01
4.597473609756496e-01
4.806011554324989e-01
5.041046013138473e-01
5.328957092196283e-01
5.717221331229848e-01
6.232010662847716e-01
6.707823250808275e-01
6.620720163988649e-01
9.001416149871572e-02
1.469181697118791e-01
1.869419017974790e-01
2.144134881435905e-01
2.321194228092331e-01
2.440503913282986e-01
2.518763747640798e-01
2.581068399681859e-01
2.633805875820957e-01
2.689195899031800e-01
2.748375931158692e-01
2.816136577539847e-01
2.892235187731773e-01
2.977993663735718e-01
3.073431124105281e-01
3.178490920162776e-01
3.293895299497279e-01
3.419230297257713e-01
3.555947671210887e-01
3.703801055391486e-01
3.864925726847463e-01
4.039570955582024e-01
4.230631424718860e-01
4.439354946895452e-01
4.670200641082255e-01
4.927746188958576e-01
5.224400470715510e-01
5.581440271730658e-01
6.026372640113424e-01
6.534413259530842e-01
6.904854079627880e-01
6.673400530910797e-01
4.571888950189236e-02
1.114687648595590e-01
1.594926867604224e-01
1.931916405155661e-01
2.165905453424434e-01
2.321069441499714e-01
2.428603616072822e-01
2.503107478062726e-01
2.563807180021880e-01
2.617518471271136e-01
2.674039765009236e-01
2.735940737799550e-01
2.807373617700745e-01
2.889283356288569e-01
2.982968965584354e-01
3.089119011619790e-01
3.207871672018745e-01
3.340290047950838e-01
3.486344674841623e-01
3.647785970982502e-01
3.825048554690670e-01
4.020830503910802e-01
4.236613659650813e-01
4.476606636548391e-01
4.744525014509395e-01
5.048349300185376e-01
5.398682156839353e-01
5.811905336488883e-01
6.291665198055330e-01
6.778334120326933e-01
7.053700979040257e-01
6.711336512892585e-01
8.691461838404340e-03
8.143414502176372e-02
1.357089074261806e-01
1.752098882385502e-01
2.028130845797932e-01
2.219356370093323e-01
2.347312515190106e-01
2.437053368432103e-01
2.501974751155498e-01
2.557381539485590e-01
2.610278679343670e-01
2.668564753991265e-01
2.735447443167914e-01
2.814279238583847e-01
2.906524184199253e-01
3.013226918608392e-01
3.135416593896935e-01
3.273343344342055e-01
3.428392518990574e-01
3.601019048986399e-01
3.793505212167221e-01
4.007279083932581e-01
4.246110435635197e-01
4.513324776389651e-01
4.815307657399437e-01
5.159076433665175e-01
5.555233619182056e-01
6.010438769937472e-01
6.510315937546718e-01
6.968558381823979e-01
7.164373454126989e-01
6.738040270012072e-01
-2.239357053226148e-02
5.646648403016491e-02
1.162118268191975e-01
1.600552502758464e-01
1.914860771692378e-01
2.131596590219486e-01
2.279830130980725e-01
2.379213351978718e-01
2.450240728819751e-01
2.505327243370361e-01
2.556715818190168e-01
2.611158127017051e-01
2.674789346176663e-01
2.750852017058621e-01
2.841800570792073e-01
2.949219814993151e-01
3.073860938069298e-01
3.216976812114062e-01
3.379028195514063e-01
3.561846044010418e-01
3.766622490965054e-01
3.996517200877208e-01
4.254397172094050e-01
4.545657924378097e-01
4.875959645588427e-01
5.253674542883663e-01
5.685628441920767e-01
6.171675075781471e-01
6.680724251988852e-01
7.111071899650128e-01
7.243315038394302e-01
6.756308535014742e-01
-4.667218969715271e-02
3.688961357033922e-02
1.007279679205781e-01
1.482195862242826e-01
1.823371268840669e-01
2.062172982817223e-01
2.223467454834014e-01
2.332033593911354e-01
2.405901892849382e-01
2.461771214411849e-01
2.510888483422691e-01
2.562752226413543e-01
2.623408663480851e-01
2.697282908811517e-01
2.787269950314292e-01
2.894969707819381e-01
3.021925200162115e-01
3.168726798594301e-01
3.336900424053571e-01
3.527351451762594e-01
3.742585453617309e-01
3.984885582562585e-01
4.258680998720419e-01
4.568684665439832e-01
4.922046184768676e-01
5.325619435464725e-01
5.784659660011072e-01
6.291208511079196e-01
6.803831404917019e-01
7.209984966340550e-01
7.295947677133727e-01
6.767593920864116e-01
-6.459469521038440e-02
2.256340575347191e-02
8.956570863276990e-02
1.395307090409183e-01
1.756924047877661e-01
2.009325343832096e-01
2.180482957486942e-01
2.293674709793389e-01
2.369731706266728e-01
2.424895646845707e-01
2.472329402560713e-01
2.521758707452159e-01
2.580077876018926e-01
2.652303678813239e-01
2.741292470782809e-01
2.849438578538379e-01
2.977691100903840e-01
3.127574237893466e-01
3.299776354258235e-01
3.496255138667010e-01
3.718672503640112e-01
3.970485196086191e-01
4.255423191592811e-01
4.579423407677560e-01
4.948850325450284e-01
5.370860563175348e-01
5.847681948282896e-01
6.367219442527696e-01
6.880087979587677e-01
7.269248306321932e-01
7.325356779492317e-01
6.773147915078703e-01
-7.602430514196226e-02
1.366707384964998e-02
8.264638457909636e-02
1.341952830166781e-01
1.714615373343800e-01
1.974631337478168e-01
2.149880627232051e-01
2.264778035731911e-01
2.340679231107829e-01
2.394425357546706e-01
2.440057657238379e-01
2.487278169823768e-01
2.543984479247294e-01
2.614670142802257e-01
2.703206074080363e-01
2.811179094631352e-01
2.940527685076263e-01
3.091879353898899e-01
3.266879410146947e-01
3.466635185380404e-01
3.693738630927583e-01
3.950923753475807e-01
4.242821291687081e-01
4.574747475791077e-01
4.953716271044049e-01
5.385771003836312e-01
5.872333786038779e-01
6.398064313470505e-01
6.910652641299627e-01
7.290958933925564e-01
7.333922945352548e-01
6.773470557672864e-01
-8.066676767114850e-02
1.018918266316735e-02
8.008373896222111e-02
1.322040539270097e-01
1.697138750377281e-01
1.957888723671102e-01
2.131738182639233e-01
2.245078882470322e-01
2.318272633824325e-01
2.370107559195983e-01
2.413249001749546e-01
2.459121485580592e-01
2.514132398574198e-01
2.584242798816357e-01
2.671934953020443e-01
2.780031545284147e-01
2.909290188597333e-01
3.061366422183154e-01
3.236950908199826e-01
3.437989644537106e-01
3.666319076066988e-01
3.925337201979726e-01
4.219064982003727e-01
4.553291820399388e-01
4.934444732424528e-01
5.368725268930942e-01
5.856808670565334e-01
6.383308182233577e-01
6.895766674352736e-01
7.276525976596864e-01
7.322488930098590e-01
6.768935373546598e-01
-7.902560741658755e-02
1.221989449746909e-02
8.194443973188641e-02
1.335461370820501e-01
1.705067356384678e-01
1.958325465187118e-01
2.126559600246095e-01
2.233494656737545e-01
2.303033905346158e-01
2.350850004715145e-01
2.392457851989031e-01
2.436320095608380e-01
2.491046271867715e-01
2.560181280375235e-01
2.647895595315649e-01
2.755238801185725e-01
2.884233763828291e-01
3.035312553479365e-01
3.210059581999044e-01
3.409586419064415e-01
3.636284535264785e-01
3.892943534427738e-01
4.183822482818046e-01
4.514207075601374e-01
4.890560768513968e-01
5.318931654644978e-01
5.800764005750010e-01
6.322550136287175e-01
6.835478529024338e-01
7.225867987839074e-01
7.291119591761840e-01
6.759466092108821e-01
-7.006054922175063e-02
1.986428396038346e-02
8.817376924413776e-02
1.383593933212450e-01
1.736693753016243e-01
1.977224910232444e-01
2.132269176813160e-01
2.231334823113681e-01
2.293180102819445e-01
2.338024621406934e-01
2.376432110712644e-01
2.420187520498147e-01
2.473930862543487e-01
2.543597305584168e-01
2.630594138217895e-01
2.737648873663655e-01
2.865053920745822e-01
3.014328034852305e-01
3.186043555371357e-01
3.381880040131258e-01
3.603625107769670e-01
3.854161906134646e-01
4.137302518610472e-01
4.458034217695360e-01
4.822577000031869e-01
5.237081828872142e-01
5.704705005635000e-01
6.215887224979454e-01
6.729158563417326e-01
7.137794116378690e-01
7.238780766566336e-01
6.744726592303316e-01
-5.494601343956315e-02
3.312813406024468e-02
9.899471563585156e-02
1.463966824176298e-01
1.794171173828901e-01
2.011223580429138e-01
2.150999274362687e-01
2.235636707793345e-01
2.290951641772594e-01
2.329675368687478e-01
2.367382509704818e-01
2.409706178715491e-01
2.464721616023602e-01
2.534105178719901e-01
2.621562644578487e-01
2.727263591843218e-01
2.852915937194603e-01
2.998692566939873e-01
3.165848511141753e-01
3.355434050719066e-01
3.569281452236704e-01
3.809950275941958e-01
4.080722294273706e-01
4.386327283768421e-01
4.732228449100397e-01
5.125211667986210e-01
5.570150806277819e-01
6.063991926585278e-01
6.575578357923330e-01
7.010014337495186e-01
7.163216340858309e-01
6.724078254952487e-01
-3.177325434416263e-02
5.226823420054533e-02
1.141374432656928e-01
1.579803986863846e-01
1.872719281881126e-01
2.063403739676281e-01
2.178063730850927e-01
2.249579339505562e-01
2.293128893528515e-01
2.329018170287002e-01
2.363692380016558e-01
2.407777537146926e-01
2.462935560961391e-01
2.534041271208354e-01
2.620993618629262e-01
2.725856329372481e-01
2.848442345394017e-01
2.989804172475810e-01
3.150474121175931e-01
3.331556812594830e-01
3.534729860098023e-01
3.761892109766549e-01
4.016288707194829e-01
4.301392319408496e-01
4.622727994130937e-01
4.986359938845745e-01
5.400247539300209e-01
5.867927206116516e-01
6.373621095393192e-01
6.838644594281363e-01
7.061192543396634e-01
6.696307637061467e-01
-2.545501607541324e-03
7.715690116390189e-02
1.340572004479077e-01
1.725091487052230e-01
1.976676267659349e-01
2.126783194637177e-01
2.217733615795969e-01
2.267924740615069e-01
2.304072878386741e-01
2.333297277664026e-01
2.369403318748165e-01
2.413537101184422e-01
2.471870596602945e-01
2.543658239195080e-01
2.631360581979758e-01
2.734318178398128e-01
2.853490237525326e-01
2.989017049039521e-01
3.141509307444495e-01
3.312105439344664e-01
3.501713514573508e-01
3.712574810637811e-01
3.946426056496845e-01
4.206975114533859e-01
4.497757999309540e-01
4.825567097987256e-01
5.199006771482451e-01
5.630637742239470e-01
6.121695927012865e-01
6.619200068658876e-01
6.927370396811109e-01
6.659869070614329e-01
3.580956042438972e-02
1.083128467113421e-01
1.581079411996974e-01
1.906006924847152e-01
2.096258167899150e-01
2.207069451709159e-01
2.261706562722081e-01
2.296402417738891e-01
2.319081677613251e-01
2.347935614332025e-01
2.382858396525911e-01
2.431460202159446e-01
2.491680983494232e-01
2.566267017069336e-01
2.653770806009744e-01
2.755010522174406e-01
2.869736863853337e-01
2.998161654715904e-01
3.141136748491655e-01
3.298861889751537e-01
3.473074423072061e-01
3.664280822056226e-01
3.875022873302659e-01
4.106563808523400e-01
4.362899925152445e-01
4.648177924162525e-01
4.973216691876401e-01
5.355979194107022e-01
5.820029737000787e-01
6.345268066020462e-01
6.755169242935830e-01
6.612014276784971e-01
8.010291804532643e-02
1.453208525196881e-01
1.871747490707660e-01
2.109818935157797e-01
2.239347850537921e-01
2.291424257055589e-01
2.317475003940188e-01
2.327080525214898e-01
2.345325327363787e-01
2.369852508190928e-01
2.410027318009525e-01
2.461399239451299e-01
2.526715482690238e-01
2.603165961713699e-01
2.691172063653586e-01
2.789954842964256e-01
2.899244854849032e-01
3.019761652455809e-01
3.151106567338705e-01
3.294910057052612e-01
3.450822385076975e-01
3.620935873005705e-01
3.805018220490133e-01
4.005514927685790e-01
4.222979160679918e-01
4.462021821934797e-01
4.730244826723266e-01
5.051815946867021e-01
5.469603940338581e-01
6.011022550900164e-01
6.534436393579979e-01
6.549217057693526e-01
1.352032740136645e-01
1.892625728641027e-01
2.197872851818383e-01
2.348096778898395e-01
2.386578140363327e-01
2.389848762477135e-01
2.371687857234007e-01
2.369457522079807e-01
2.377245456318020e-01
2.407004587380223e-01
2.450184149306258e-01
2.509038912308947e-01
2.578488084435195e-01
2.658012986079727e-01
2.746022833369030e-01
2.841453945217430e-01
2.944965497355855e-01
3.055479279746905e-01
3.174817811394551e-01
3.301914210684616e-01
3.438973151187950e-01
3.584824197250136e-01
3.741471264986360e-01
3.907535730843510e-01
4.084984499861291e-01
4.273763767876796e-01
4.481027722795303e-01
4.727820724621671e-01
5.076740162149060e-01
5.609594971028173e-01
6.253065505153711e-01
6.465340377914729e-01
1.959867356471457e-01
2.389764782732393e-01
2.577434791561548e-01
2.592722002464479e-01
2.552007389015848e-01
2.479596339788421e-01
2.437118724998969e-01
2.413553144581476e-01
2.425585586386587e-01
2.457680540853449e-01
2.510804442493088e-01
2.576238530181009e-01
2.651540722454500e-01
2.733921283179774e-01
2.820880207660056e-01
2.913065650870578e-01
3.008412919778127e-01
3.109174191397227e-01
3.213507908096841e-01
3.324137870297271e-01
3.439124695073556e-01
3.560855518543745e-01
3.686978684410599e-01
3.818800660541312e-01
3.953478483948583e-01
4.092338705756535e-01
4.235406001433246e-01
4.399750938569861e-01
4.651871721394143e-01
5.138608744582007e-01
5.893488095591259e-01
6.351771794477888e-01
2.705981571941690e-01
2.970122983840239e-01
2.973028694770787e-01
2.865426743741545e-01
2.695968652897193e-01
2.578299148844424e-01
2.495359492865193e-01
2.474252954713485e-01
2.486987176370071e-01
2.531854883333096e-01
2.594452634777686e-01
2.668655706331902e-01
2.750102200399554e-01
2.833699404793487e-01
2.920247754653969e-01
3.006069925553353e-01
3.094131609521247e-01
3.181559232377822e-01
3.271891748920602e-01
3.362411336611366e-01
3.456349165833609e-01
3.550570098286096e-01
3.647196723286905e-01
3.742256772885368e-01
3.835613730756802e-01
3.923190820057864e-01
4.005425797062708e-01
4.084239577361471e-01
4.216810055915884e-01
4.600319138095362e-01
5.436022488650237e-01
6.193529791402643e-01
3.503655187543490e-01
3.597228532387201e-01
3.423099681047226e-01
3.095557977663763e-01
2.843789042488048e-01
2.649775633385967e-01
2.567860050198918e-01
2.545379640021128e-01
2.575033006139338e-01
2.633682798391174e-01
2.708183873418804e-01
2.792581220063589e-01
2.877167552623645e-01
2.963438641651722e-01
3.045012234835124e-01
3.126069319507231e-01
3.202172876235985e-01
3.278020111304729e-01
3.349955116121957e-01
3.422231437664474e-01
3.491068038121709e-01
3.559763238534489e-01
3.623539247322101e-01
3.683989709666260e-01
3.734834994375756e-01
3.773865387280964e-01
3.797543843157868e-01
3.801215610465528e-01
3.801904613406162e-01
4.014230459465674e-01
4.856278674550151e-01
5.967373294223121e-01
4.510799310345072e-01
4.342081647348352e-01
3.804192229763709e-01
3.322407298934527e-01
2.916319802776656e-01
2.726667961051762e-01
2.643547491067458e-01
2.645809467913891e-01
2.697664601363348e-01
2.771865506429891e-01
2.862300102118160e-01
2.950973341583897e-01
3.041624839176942e-01
3.123323355126458e-01
3.202498990337088e-01
3.272204999836899e-01
3.338918826861682e-01
3.397584930396151e-01
3.453765267014227e-01
3.502952974654649e-01
3.549494998971711e-01
3.588321949831731e-01
3.622498628654661e-01
3.644934078248698e-01
3.657203603171392e-01
3.648781545471402e-01
3.617151706837546e-01
3.561041622749862e-01
3.450471138780678e-01
3.424210044321809e-01
4.137464158469910e-01
5.631782132093045e-01
5.574177628487834e-01
5.029754504121625e-01
4.191543798855216e-01
3.343321575128683e-01
2.966965715446705e-01
2.790126991140943e-01
2.748941832136048e-01
2.792975729649033e-01
2.865175088596095e-01
2.964772669900710e-01
3.059172201068745e-01
3.157743652538445e-01
3.242416151837802e-01
3.323538949997178e-01
3.390525654055127e-01
3.452400279965810e-01
3.502197855884727e-01
3.547083669157078e-01
3.581632308993196e-01
3.611136670871647e-01
3.630438859605124e-01
3.643130904501876e-01
3.643040872125294e-01
3.632547444834128e-01
3.601861924239281e-01
3.554199036278323e-01
3.469600152606475e-01
3.358761100743898e-01
3.197651054927934e-01
2.924885229697775e-01
3.284963127699781e-01
5.117631089055638e-01
7.139421012153605e-01
5.853005239512158e-01
3.961704193045369e-01
3.247663955849510e-01
2.975280889363644e-01
2.874995483185891e-01
2.928018289081400e-01
2.996895042445523e-01
3.113166058569088e-01
3.212605796053978e-01
3.322083061810272e-01
3.409493441655164e-01
3.494632347421526e-01
3.559827876740833e-01
3.619532118103688e-01
3.662777148939242e-01
3.700055054682342e-01
3.723512358090666e-01
3.740561921403473e-01
3.744685097528577e-01
3.740740572902971e-01
3.722524591250800e-01
3.692641023492957e-01
3.644156555293103e-01
3.578082319213064e-01
3.483649775150371e-01
3.365667751765801e-01
3.191849480178283e-01
3.016307708666875e-01
2.662379403206304e-01
2.412711295265626e-01
4.290113040612951e-01
9.158521546565962e-01
4.301458664942226e-01
3.330436872653266e-01
3.060708685302228e-01
2.997229940887848e-01
3.092378732065181e-01
3.190909086920998e-01
3.326407737864779e-01
3.439177372374559e-01
3.554015951337454e-01
3.644939109095265e-01
3.728449100240293e-01
3.791701117901759e-01
3.845939993404987e-01
3.883753660584163e-01
3.912845700957624e-01
3.928024176341905e-01
3.934373527006224e-01
3.927469414538459e-01
3.910278981618150e-01
3.878456087835953e-01
3.833079635323563e-01
3.769576205555111e-01
3.687197031209339e-01
3.581057336591656e-01
3.449109646050743e-01
3.285061696733679e-01
3.092576651242596e-01
2.841171471753513e-01
2.642089634607321e-01
1.950881562277611e-01
3.008947025278633e-01

SCALARS von_mises double 1
LOOKUP_TABLE default
2.103924884992321e+00
1.438165320235042e+00
1.266905962110408e+00
1.236859395501804e+00
1.258486286483815e+00
1.301751528774510e+00
1.357917997934501e+00
1.411973223798110e+00
1.467051924152255e+00
1.514301270155467e+00
1.558604511574088e+00
1.594304861192483e+00
1.626100687624511e+00
1.649983204837556e+00
1.670013723727844e+00
1.683000352730478e+00
1.692255273959566e+00
1.694940767545966e+00
1.693602992300844e+00
1.685481299838244e+00
1.672363941877585e+00
1.651373664144277e+00
1.623551421372442e+00
1.585756063167754e+00
1.538299968240981e+00
1.477835264275756e+00
1.403858173013959e+00
1.314353824217662e+00
1.205233259567991e+00
1.089780251149835e+00
9.168656726570521e-01
7.593283078951961e-01
1.549885480725889e+00
1.544636602079797e+00
1.333770893390937e+00
1.317616419193867e+00
1.296345418630961e+00
1.326390197736990e+00
1.346773553787160e+00
1.387930339948620e+00
1.417341606842787e+00
1.456086197065017e+00
1.483076319214042e+00
1.514321021028176e+00
1.534689167626485e+00
1.556946006103127e+00
1.569411001330878e+00
1.582500075005795e+00
1.586645871450833e+00
1.590407784728693e+00
1.585548458773727e+00
1.579075424827300e+00
1.563568200592422e+00
1.544698946399809e+00
1.515454812343617e+00
1.480380532760135e+00
1.432455275502810e+00
1.375396220788683e+00
1.301745281334618e+00
1.214547450609685e+00
1.105533885849285e+00
9.759077904273393e-01
7.626033936437855e-01
8.245292698451140e-01
1.457107679719107e+00
1.322919990893005e+00
1.358446619422744e+00
1.290830672278036e+00
1.314752586998879e+00
1.304845013350706e+00
1.334395119738654e+00
1.343073407441351e+00
1.373684016319863e+00
1.387861084237042e+00
1.415453897833316e+00
1.428886028205027e+00
1.450959759359771e+00
1.460480330233521e+00
1.475757788147612e+00
1.479707053073841e+00
1.487409996011096e+00
1.484562170658539e+00
1.483717470475615e+00
1.472510180172324e+00
1.461394937558543e+00
1.439353182342317e+00
1.415029630557278e+00
1.378260036444178e+00
1.336099712257246e+00
1.278704256776141e+00
1.211737614762092e+00
1.124209537269703e+00
1.022638727242984e+00
8.745319921083393e-01
7.448655988345394e-01
9.393684830650409e-01
1.245886208125962e+00
1.286322912538078e+00
1.233004061810638e+00
1.282309703448736e+00
1.259200144139923e+00
1.289458749381213e+00
1.282314874623781e+00
1.306953540433297e+00
1.307690498099505e+00
1.330111022517217e+00
1.334333950941507e+00
1.353999340417104e+00
1.358327931128041e+00
1.373872331327964e+00
1.375843544791694e+00
1.386004187867948e+00
1.383774631808557e+00
1.387327478628053e+00
1.379164277454633e+00
1.374553162701220e+00
1.358314688455625e+00
1.343227439206952e+00
1.315868896024539e+00
1.286771593651871e+00
1.243772799675491e+00
1.195278818047435e+00
1.129591184951793e+00
1.053482841463207e+00
9.531859871551640e-01
8.327778803650875e-01
8.176565254302854e-01
1.019685712680167e+00
1.188662399021233e+00
1.127379848317856e+00
1.196564274680508e+00
1.182895775291129e+00
1.229983041655214e+00
1.218847738104981e+00
1.245189786216665e+00
1.236502496366718e+00
1.255300453012755e+00
1.250266921196020e+00
1.266482887134609e+00
1.264137956872005e+00
1.278271701770618e+00
1.276593551674399e+00
1.287634639550618e+00
1.284534920850032e+00
1.291117502843290e+00
1.284649181226599e+00
1.285229337515629e+00
1.273372777149904e+00
1.266021639218295e+00
1.246324806415099e+00
1.228375757985782e+00
1.197513400204364e+00
1.165072135457394e+00
1.118258008326194e+00
1.065499013342469e+00
9.967235317834021e-01
9.156729658520436e-01
8.498805941019175e-01
9.094964490933219e-01
1.073356837779537e+00
1.027444111670381e+00
1.079716950887561e+00
1.069995343174007e+00
1.138463581803272e+00
1.136046519451137e+00
1.174214477120788e+00
1.164094800689503e+00
1.184176878580309e+00
1.172795144861124e+00
1.186491525972251e+00
1.177506710154917e+00
1.189345164218480e+00
1.182920512819037e+00
1.193439102667937e+00
1.188113673391946e+00
1.196309846369601e+00
1.190185094028335e+00
1.194580326985469e+00
1.185696193705035e+00
1.184583567761229e+00
1.170858805204221e+00
1.162184785863832e+00
1.141172897133466e+00
1.122253477114715e+00
1.090835582722783e+00
1.058053877546846e+00
1.012798910575632e+00
9.633126690023698e-01
9.102182781203587e-01
9.026717731203686e-01
9.935106036331441e-01
1.108488448364532e+00
9.731350161043225e-01
9.406150381293702e-01
1.017604672388168e+00
1.025761891563661e+00
1.082256308864063e+00
1.079366219060123e+00
1.107602893530699e+00
1.095320856363225e+00
1.109655445759965e+00
1.096005106700989e+00
1.105985428050902e+00
1.094748727586009e+00
1.103894129200196e+00
1.095407103748358e+00
1.103946121609670e+00
1.096947369968970e+00
1.103789996933002e+00
1.096530124404350e+00
1.100177191733547e+00
1.090833745632906e+00
1.089640088231145e+00
1.076358482404949e+00
1.068503922698778e+00
1.049317947936282e+00
1.032779743311778e+00
1.005933531057247e+00
9.799376471198737e-01
9.484817016028583e-01
9.336213611944102e-01
9.667384592975176e-01
1.063492605237323e+00
1.131544128931441e+00
8.295127575601049e-01
8.860491732714816e-01
8.928502361589293e-01
9.659857539128305e-01
9.746692496790849e-01
1.017125517718764e+00
1.010229604764161e+00
1.029958375019973e+00
1.015373379134302e+00
1.025473453368933e+00
1.010683670958644e+00
1.018509607012240e+00
1.006649896656322e+00
1.014652454937230e+00
1.005889353229051e+00
1.013942114673174e+00
1.007113240648061e+00
1.014101968873211e+00
1.007689321799263e+00
1.012282899668754e+00
1.004835281697917e+00
1.005777905798531e+00
9.960773630021431e-01
9.923692640973119e-01
9.797747251402645e-01
9.716547753324443e-01
9.586417845499732e-01
9.553039387427824e-01
9.707662211676927e-01
1.031327252663961e+00
1.119202572275884e+00
1.146418593312158e+00
7.754140049374255e-01
7.536761996538479e-01
8.313716121290737e-01
8.486788661785073e-01
9.079778242243548e-01
9.111934723318726e-01
9.413193812326577e-01
9.304246032003382e-01
9.439012125218512e-01
9.280923004134009e-01
9.357410464842394e-01
9.212335628148220e-01
9.284511504706853e-01
9.175658643496408e-01
9.258826907831906e-01
9.185731109150733e-01
9.276226163535801e-01
9.228876222127957e-01
9.317050465438342e-01
9.284395616773055e-01
9.361419283729062e-01
9.335913390304800e-01
9.397753105068414e-01
9.379576929605336e-01
9.434201634945446e-01
9.445951528033929e-01
9.547914432166683e-01
9.723427512740782e-01
1.016035322278188e+00
1.088706627633026e+00
1.162869882150336e+00
1.156098189652745e+00
6.409420410562470e-01
6.941371953244440e-01
7.068007779244105e-01
7.802887972542756e-01
7.948908113028530e-01
8.392364061813801e-01
8.363351878920854e-01
8.570536353866779e-01
8.436147383195802e-01
8.532283715794166e-01
8.377555107504238e-01
8.447137312611189e-01
8.320380104592717e-01
8.401210363234041e-01
8.318401253378065e-01
8.419038364093402e-01
8.378704117871999e-01
8.495156376152770e-01
8.490496878319825e-01
8.617072267259912e-01
8.643621689001124e-01
8.779463513355116e-01
8.840646023972689e-01
8.996209063396735e-01
9.112871525098383e-01
9.327554233229556e-01
9.574653498744025e-01
9.992246090167071e-01
1.059574390182199e+00
1.138206320176513e+00
1.196500813786478e+00
1.162215532563635e+00
5.875139602476404e-01
5.641565763333813e-01
6.396119752935383e-01
6.614736091507752e-01
7.216448204274564e-01
7.296850351419411e-01
7.613734498244958e-01
7.539434167227418e-01
7.683364109315991e-01
7.543561800505474e-01
7.623378817833600e-01
7.489465219265998e-01
7.568441470217060e-01
7.476389183916182e-01
7.579954844911388e-01
7.540557260053840e-01
7.673427105973584e-01
7.686016716245491e-01
7.846338415924383e-01
7.909236327601987e-01
8.097924290866171e-01
8.215735353250090e-01
8.443498354209032e-01
8.634738853675110e-01
8.932771515421046e-01
9.247255033796338e-01
9.698274334914954e-01
1.026137773756595e+00
1.100437258671724e+00
1.178234375097561e+00
1.222146832478551e+00
1.166220314234347e+00
4.594046189401158e-01
5.014080838957815e-01
5.153783789736125e-01
5.890485077839754e-01
6.087482619894174e-01
6.545213623394932e-01
6.565124446130676e-01
6.787962172517182e-01
6.692749483405154e-01
6.801575858041908e-01
6.678149632854694e-01
6.761171777323690e-01
6.666345859492749e-01
6.769335724532574e-01
6.729292306672543e-01
6.869096740342395e-01
6.891742111697097e-01
7.072067012676837e-01
7.159249767490046e-01
7.382600110978698e-01
7.539235950461629e-01
7.815284987700125e-01
8.056867845549851e-01
8.410729739863292e-01
8.773710243264335e-01
9.260744224525106e-01
9.821780403192352e-01
1.053648085419536e+00
1.134132658581481e+00
1.210200019272026e+00
1.241238532878244e+00
1.168807442735317e+00
4.079257772736066e-01
3.720024388062643e-01
4.455955652759947e-01
4.732573121742429e-01
5.353063673961049e-01
5.497495571649774e-01
5.831566704986713e-01
5.814391121880546e-01
5.974964994626947e-01
5.885795904604502e-01
5.983110560388054e-01
5.898072002312542e-01
6.000338980669171e-01
5.963074734283171e-01
6.102510326737149e-01
6.131965283938109e-01
6.320167637128437e-01
6.423138200139508e-01
6.665007969785038e-01
6.846847848102572e-01
7.150691270304741e-01
7.423622997493643e-01
7.809169453688487e-01
8.200536520235349e-01
8.708354894372646e-01
9.271080015031751e-01
9.968567025517243e-01
1.075784382416770e+00
1.161689001751057e+00
1.233908149379846e+00
1.255040403090320e+00
1.170694077566011e+00
2.879958463766815e-01
3.074090369938054e-01
3.249889806916528e-01
4.032267745879700e-01
4.327890810772237e-01
4.808433004034111e-01
4.908996505096020e-01
5.147161237656366e-01
5.122730887847505e-01
5.247388297552115e-01
5.190882062857516e-01
5.294364475445213e-01
5.268453634455390e-01
5.401388742503889e-01
5.438429446278898e-01
5.622983397796704e-01
5.736545639531480e-01
5.981554415101844e-01
6.178338857661428e-01
6.491265128668928e-01
6.780657816546710e-01
7.176429614341214e-01
7.578607303954898e-01
8.087649112124672e-01
8.641733868757999e-01
9.315755034735487e-01
1.007368220418786e+00
1.093837247885197e+00
1.181105171944988e+00
1.250676718249707e+00
1.264310950068514e+00
1.172182181331844e+00
2.426039874297618e-01
1.778281622497063e-01
2.585813804758961e-01
3.048093232386899e-01
3.718545223216621e-01
3.991183712797574e-01
4.336551912657879e-01
4.417426402736382e-01
4.583893831661702e-01
4.581654635456054e-01
4.688517486749486e-01
4.687505967795301e-01
4.807155086333370e-01
4.856037122145950e-01
5.024273995653785e-01
5.145729823701760e-01
5.377488602115043e-01
5.581177730442872e-01
5.884328797404237e-01
6.177971248367435e-01
6.563567259271269e-01
6.961737052458984e-01
7.452138994816951e-01
7.984113471876432e-01
8.619667706676100e-01
9.331426332122914e-01
1.015531753174368e+00
1.104682760430034e+00
1.193541626304688e+00
1.260477294595006e+00
1.269748202513632e+00
1.173567956555281e+00
1.544322343456239e-01
1.125840175533933e-01
1.645135266175453e-01
2.565574187367139e-01
3.096118479593067e-01
3.580145803923881e-01
3.821733173033727e-01
4.044135385077116e-01
4.129700337232865e-01
4.240867295000038e-01
4.282421189900144e-01
4.379833845066682e-01
4.446793493391268e-01
4.583299120048035e-01
4.710811609621381e-01
4.910252132612439e-01
5.113391485642736e-01
5.385987132765213e-01
5.672682149832483e-01
6.026984905558795e-01
6.407980273332526e-01
6.859769451000541e-01
7.356694192844935e-01
7.936385484868463e-01
8.587566722637187e-01
9.339715136472057e-01
1.018026152926185e+00
1.109381220089080e+00
1.198095952665052e+00
1.264111236758863e+00
1.271585027455206e+00
1.174981855165510e+00
1.406445294295071e-01
3.129243528248549e-02
1.390281484316725e-01
2.310217566563500e-01
2.939735732319115e-01
3.407149550196791e-01
3.694198229055148e-01
3.905281989359307e-01
4.021148320313495e-01
4.124320909018111e-01
4.190279029221421e-01
4.281200545141570e-01
4.369396256242074e-01
4.500058773137420e-01
4.646300336881785e-01
4.840482598695634e-01
5.059944197256002e-01
5.328185726130121e-01
5.628840455429843e-01
5.979998350643400e-01
6.372640765562088e-01
6.822522643258780e-01
7.328708554356942e-01
7.907256333878029e-01
8.564792956517088e-01
9.315171211104075e-01
1.015788403500093e+00
1.106745444998344e+00
1.195403500081178e+00
1.261430509707145e+00
1.270136669399354e+00
1.176417554100095e+00
1.834354083837877e-01
8.796031855023981e-02
1.880589829761597e-01
2.513769213463657e-01
3.238609149065332e-01
3.582857889430126e-01
3.949642820084781e-01
4.074039961523772e-01
4.255407631975899e-01
4.287574010593394e-01
4.406889396958458e-01
4.436366042692801e-01
4.566248766223145e-01
4.642827859084900e-01
4.819191142966241e-01
4.965719539795869e-01
5.204205926629065e-01
5.430487624121425e-01
5.739906243796732e-01
6.053793998325737e-01
6.445783485097262e-01
6.861647731156248e-01
7.358257991744498e-01
7.904251277338945e-01
8.543742086451382e-01
9.262549352457864e-01
1.008326377771616e+00
1.097117763187097e+00
1.185186875290718e+00
1.252668873392786e+00
1.265197280317913e+00
1.177914631603920e+00
2.214588354878244e-01
2.225957907565972e-01
2.442008330359438e-01
3.333526543704254e-01
3.699558753343110e-01
4.234872965031036e-01
4.378244070465892e-01
4.652568389401749e-01
4.661423590960014e-01
4.815094433832176e-01
4.788869363250151e-01
4.916566256267966e-01
4.919305649149393e-01
5.072069967625934e-01
5.136179092606118e-01
5.337019704774316e-01
5.476200900770402e-01
5.735386413501146e-01
5.956607442601206e-01
6.282927049265670e-01
6.595502530428610e-01
7.004294392703503e-01
7.427315984537859e-01
7.947548910998568e-01
8.516765994571286e-01
9.194927340741822e-01
9.954783988407445e-01
1.080949136324851e+00
1.167393586419550e+00
1.237512500274275e+00
1.256761589892317e+00
1.179196733310853e+00
3.388836787010129e-01
2.860788015753897e-01
3.667967979179009e-01
3.978393107906906e-01
4.677026491359562e-01
4.852100559454140e-01
5.238034485009879e-01
5.244569267884022e-01
5.445149349740186e-01
5.378462754329780e-01
5.509023137218985e-01
5.446701045255549e-01
5.576498595595234e-01
5.561904311107019e-01
5.723840923997329e-01
5.775806476383796e-01
5.982973405298343e-01
6.108691265801135e-01
6.367875174040165e-01
6.573061465377882e-01
6.893901547686626e-01
7.190276607445577e-01
7.592228122372929e-01
8.004670921709582e-01
8.524856842201264e-01
9.099607473369985e-01
9.796051372178975e-01
1.057814362486671e+00
1.142367384177655e+00
1.215622075629598e+00
1.244190121262546e+00
1.180212534443865e+00
3.863505483241640e-01
4.255824246657116e-01
4.361199706911218e-01
5.188278106869968e-01
5.396533809773741e-01
5.918828957053349e-01
5.947962287395350e-01
6.217351479397543e-01
6.131701654394364e-01
6.277876033450002e-01
6.166423495150362e-01
6.280412364579490e-01
6.199512773741283e-01
6.327773416417233e-01
6.302859128764704e-01
6.463332566830615e-01
6.502372599134790e-01
6.700686735627917e-01
6.806147205297453e-01
7.046813313904230e-01
7.223911896589085e-01
7.517597803517601e-01
7.780698894459053e-01
8.151194384902422e-01
8.532646991351006e-01
9.029400648390116e-01
9.595535275264080e-01
1.030095654277249e+00
1.109473825963673e+00
1.186570375213746e+00
1.227096871577634e+00
1.180389023845636e+00
5.229137378414921e-01
4.877023411091642e-01
5.724483801750789e-01
5.930899282165455e-01
6.613228768240675e-01
6.686787485923236e-01
7.056125766733091e-01
6.975104308381568e-01
7.157063663475939e-01
7.014636641285692e-01
7.125050417028885e-01
6.993041488779966e-01
7.096957859111315e-01
7.009974409288438e-01
7.133476469267993e-01
7.101472783158448e-01
7.250681054058037e-01
7.273196338824864e-01
7.448317927535413e-01
7.524308431605696e-01
7.728063694557544e-01
7.862152774231773e-01
8.105633716494058e-01
8.314472180922750e-01
8.626491498563285e-01
8.954510936236595e-01
9.409854640806569e-01
9.969953805577324e-01
1.070134212564484e+00
1.149473142011884e+00
1.204330546917377e+00
1.179503052796259e+00
5.716322277406339e-01
6.333245872107355e-01
6.420968308846480e-01
7.263822873158492e-01
7.389320074639057e-01
7.896535426595873e-01
7.843250408478994e-01
8.088366222499916e-01
7.933357090978824e-01
8.056637382402935e-01
7.888504779928834e-01
7.979704728033186e-01
7.845602584231852e-01
7.943436230623677e-01
7.857401613551904e-01
7.971111360193949e-01
7.930835432217034e-01
8.057962338220113e-01
8.056848016013429e-01
8.193603545722304e-01
8.227591542118867e-01
8.374432906383454e-01
8.446468656314895e-01
8.613493693991051e-01
8.742054557252715e-01
8.966067565529215e-01
9.221058547303731e-01
9.637838070951658e-01
1.023708384802197e+00
1.104062078104284e+00
1.174933926212907e+00
1.176573473521970e+00
7.219017555568774e-01
6.928383108116655e-01
7.857791343314077e-01
8.003675639191223e-01
8.686136970692090e-01
8.678739904354661e-01
9.021448192570660e-01
8.871433500139475e-01
9.028102454423002e-01
8.837766200962270e-01
8.929604938924960e-01
8.762008801969965e-01
8.845837915506954e-01
8.721471356116643e-01
8.812856533118750e-01
8.729056589793359e-01
8.825069181074351e-01
8.771007170347942e-01
8.863442764814958e-01
8.828086767869049e-01
8.909584261567676e-01
8.885329126359898e-01
8.952450862069591e-01
8.938407841247238e-01
8.998235141252605e-01
9.015223392409260e-01
9.122030523683357e-01
9.302497076570684e-01
9.740743874312006e-01
1.049267194760271e+00
1.137092910444195e+00
1.170981709649960e+00
7.707094292200568e-01
8.476954351600430e-01
8.519878590761601e-01
9.393142431200543e-01
9.433176390014930e-01
9.913800963746764e-01
9.783053355223477e-01
9.997660016514334e-01
9.797298821367350e-01
9.904784586639981e-01
9.715955224690308e-01
9.797778940702409e-01
9.649208924955300e-01
9.730591920080285e-01
9.620370227087400e-01
9.700071409713373e-01
9.614438210366657e-01
9.682045147187279e-01
9.604956448574565e-01
9.648262883815926e-01
9.564854493856264e-01
9.572106710687391e-01
9.469510165011666e-01
9.430526434452421e-01
9.300859647102410e-01
9.217513196724710e-01
9.087225817201184e-01
9.058493444855285e-01
9.223949285444060e-01
9.861538145941222e-01
1.089013122978873e+00
1.161031429951096e+00
9.386115146273133e-01
9.032398871751015e-01
1.003334678967345e+00
1.007633177455862e+00
1.073571418408968e+00
1.062824717769649e+00
1.092854287048377e+00
1.072635888350626e+00
1.086568277655326e+00
1.066648201616138e+00
1.075889253502705e+00
1.059949713503220e+00
1.068294704760107e+00
1.056197610992102e+00
1.063846855019017e+00
1.053979354130868e+00
1.059848200505546e+00
1.050265829483328e+00
1.052906476238888e+00
1.041680825402844e+00
1.039501341151603e+00
1.024692736963716e+00
1.015878148130023e+00
9.953913434668935e-01
9.778491888982419e-01
9.498060819242859e-01
9.229719614363290e-01
8.915314557747042e-01
8.781364917392173e-01
9.155339285011720e-01
1.028245889461579e+00
1.145146422775791e+00
9.881513645704944e-01
1.073777417146197e+00
1.062679104096300e+00
1.148743364670153e+00
1.137900849784987e+00
1.179285465903159e+00
1.158672138303344e+00
1.177329709388503e+00
1.157221038379985e+00
1.168823288194900e+00
1.153171723982952e+00
1.162989976524254e+00
1.151406724567109e+00
1.159993810550782e+00
1.150542832072621e+00
1.156864440382622e+00
1.147349312401941e+00
1.149923273943855e+00
1.138192840993744e+00
1.135312508892580e+00
1.119145043556886e+00
1.108742761323612e+00
1.085563422204269e+00
1.064906233466270e+00
1.031449500490011e+00
9.968761015189398e-01
9.497428873482194e-01
8.993631947368830e-01
8.474828134308328e-01
8.446663185926391e-01
9.525956218272167e-01
1.120078099773289e+00
1.185698197483369e+00
1.123701697404216e+00
1.224548636035477e+00
1.203865751778613e+00
1.258542644044733e+00
1.234586711513268e+00
1.258841043463478e+00
1.238864867632345e+00
1.254048568120438e+00
1.240212707874316e+00
1.252908424991989e+00
1.243668992621608e+00
1.254544182197143e+00
1.247322223962675e+00
1.255358900680838e+00
1.247702821616400e+00
1.251509038186044e+00
1.241210050472517e+00
1.239187296356223e+00
1.224010585590105e+00
1.214158417721207e+00
1.191477911171564e+00
1.171069174287513e+00
1.137434584783294e+00
1.102547446791572e+00
1.053122403901467e+00
9.980404681844247e-01
9.272570348222015e-01
8.465014705451019e-01
7.848627262028183e-01
8.616012777744262e-01
1.081842487261811e+00
1.240793490915038e+00
1.327053555282720e+00
1.269508110923473e+00
1.336609007218079e+00
1.298815175589924e+00
1.327137856650712e+00
1.306461732518473e+00
1.326012625416162e+00
1.315895574915539e+00
1.333089874789649e+00
1.328588316277818e+00
1.343358505189835e+00
1.340556012861105e+00
1.351663535722217e+00
1.347760591202434e+00
1.353965276226001e+00
1.346839397423168e+00
1.346834075590839e+00
1.334471413993324e+00
1.326552092094510e+00
1.306553616280276e+00
1.288272679798897e+00
1.257422750307274e+00
1.225215241465867e+00
1.178987209058961e+00
1.127636997338192e+00
1.059247142343043e+00
9.809851995997497e-01
8.799184612175370e-01
7.622310834536851e-01
7.612801740325297e-01
1.023391111037255e+00
1.508282049127521e+00
1.366473746618233e+00
1.439488661140781e+00
1.354671101534500e+00
1.377754899401722e+00
1.353399907005069e+00
1.376893529409919e+00
1.373370493249198e+00
1.397068185106001e+00
1.400843482267530e+00
1.421619263274113e+00
1.426206252726794e+00
1.442037564153509e+00
1.444168771025862e+00
1.453988494648244e+00
1.451824343743158e+00
1.454805635379796e+00
1.446818743740043e+00
1.441771158058848e+00
1.426047811236280e+00
1.410992719305977e+00
1.384772264105271e+00
1.356626993276800e+00
1.315945394880412e+00
1.270242759925657e+00
1.209546486878206e+00
1.140050490627476e+00
1.050739952536337e+00
9.489598277530761e-01
8.031837694511502e-01
6.800407632798451e-01
9.355224063088052e-01
1.606432696949375e+00
1.658619478852358e+00
1.418465264071805e+00
1.401294977270566e+00
1.368507883359022e+00
1.393263847405321e+00
1.402183933099758e+00
1.435368298107343e+00
1.453356336990374e+00
1.483207434023923e+00
1.499610855435593e+00
1.522371866397608e+00
1.533587386935638e+00
1.548447471064730e+00
1.553340451649991e+00
1.560226004560949e+00
1.558150190172909e+00
1.556648305492360e+00
1.546490228169625e+00
1.535298531834938e+00
1.514977205564929e+00
1.491600316859292e+00
1.457774829820952e+00
1.418367316922140e+00
1.366311981091069e+00
1.305744453098324e+00
1.229553782945305e+00
1.141658872951828e+00
1.033748262229166e+00
9.103666081399121e-01
6.992071901764622e-01
8.072654295437720e-01
2.275572721742157e+00
1.534599064759732e+00
1.345964247989050e+00
1.324378972618053e+00
1.344935346721915e+00
1.383793501449679e+00
1.432350566783831e+00
1.475850451319783e+00
1.519880840535324e+00
1.555039363160553e+00
1.588022333907660e+00
1.612526936476512e+00
1.634351890820376e+00
1.648858951490850e+00
1.660714602761397e+00
1.666154493598313e+00
1.668791553572631e+00
1.665301125181480e+00
1.658361168103768e+00
1.644833741568520e+00
1.626566044868604e+00
1.600447363011677e+00
1.567590873724271e+00
1.524850332885188e+00
1.472740378392077e+00
1.408364063170473e+00
1.331711112138719e+00
1.242225690852722e+00
1.136501810621512e+00
1.030823390073207e+00
8.754216154856177e-01
7.239018732879274e-01

