# vtk DataFile Version 3.0
True Cook Membrane Grid Output
ASCII
DATASET UNSTRUCTURED_GRID

POINTS 1089 double
0.000000000000000e+00 0.000000000000000e+00 0.0
1.500000000000000e+00 5.000000000000000e-01 0.0
3.000000000000000e+00 1.000000000000000e+00 0.0
4.500000000000000e+00 1.500000000000000e+00 0.0
6.000000000000000e+00 2.000000000000000e+00 0.0
7.500000000000000e+00 2.500000000000000e+00 0.0
9.000000000000000e+00 3.000000000000000e+00 0.0
1.050000000000000e+01 3.500000000000000e+00 0.0
1.200000000000000e+01 4.000000000000000e+00 0.0
1.350000000000000e+01 4.500000000000000e+00 0.0
1.500000000000000e+01 5.000000000000000e+00 0.0
1.650000000000000e+01 5.500000000000000e+00 0.0
1.800000000000000e+01 6.000000000000000e+00 0.0
1.950000000000000e+01 6.500000000000000e+00 0.0
2.100000000000000e+01 7.000000000000000e+00 0.0
2.250000000000000e+01 7.500000000000000e+00 0.0
2.400000000000000e+01 8.000000000000000e+00 0.0
2.550000000000000e+01 8.500000000000000e+00 0.0
2.700000000000000e+01 9.000000000000000e+00 0.0
2.850000000000000e+01 9.500000000000000e+00 0.0
3.000000000000000e+01 1.000000000000000e+01 0.0
3.150000000000000e+01 1.050000000000000e+01 0.0
3.300000000000000e+01 1.100000000000000e+01 0.0
3.450000000000000e+01 1.150000000000000e+01 0.0
3.600000000000000e+01 1.200000000000000e+01 0.0
3.750000000000000e+01 1.250000000000000e+01 0.0
3.900000000000000e+01 1.300000000000000e+01 0.0
4.050000000000000e+01 1.350000000000000e+01 0.0
4.200000000000000e+01 1.400000000000000e+01 0.0
4.350000000000000e+01 1.450000000000000e+01 0.0
4.500000000000000e+01 1.500000000000000e+01 0.0
4.650000000000000e+01 1.550000000000000e+01 0.0
4.800000000000000e+01 1.600000000000000e+01 0.0
0.000000000000000e+00 1.375000000000000e+00 0.0
1.500000000000000e+00 1.847656250000000e+00 0.0
3.000000000000000e+00 2.320312500000000e+00 0.0
4.500000000000000e+00 2.792968750000000e+00 0.0
6.000000000000000e+00 3.265625000000000e+00 0.0
7.500000000000000e+00 3.738281250000000e+00 0.0
9.000000000000000e+00 4.210937500000000e+00 0.0
1.050000000000000e+01 4.683593750000000e+00 0.0
1.200000000000000e+01 5.156250000000000e+00 0.0
1.350000000000000e+01 5.628906250000000e+00 0.0
1.500000000000000e+01 6.101562500000000e+00 0.0
1.650000000000000e+01 6.574218750000000e+00 0.0
1.800000000000000e+01 7.046875000000000e+00 0.0
1.950000000000000e+01 7.519531250000000e+00 0.0
2.100000000000000e+01 7.992187500000000e+00 0.0
2.250000000000000e+01 8.464843750000000e+00 0.0
2.400000000000000e+01 8.937500000000000e+00 0.0
2.550000000000000e+01 9.410156250000000e+00 0.0
2.700000000000000e+01 9.882812500000000e+00 0.0
2.850000000000000e+01 1.035546875000000e+01 0.0
3.000000000000000e+01 1.082812500000000e+01 0.0
3.150000000000000e+01 1.130078125000000e+01 0.0
3.300000000000000e+01 1.177343750000000e+01 0.0
3.450000000000000e+01 1.224609375000000e+01 0.0
3.600000000000000e+01 1.271875000000000e+01 0.0
3.750000000000000e+01 1.319140625000000e+01 0.0
3.900000000000000e+01 1.366406250000000e+01 0.0
4.050000000000000e+01 1.413671875000000e+01 0.0
4.200000000000000e+01 1.460937500000000e+01 0.0
4.350000000000000e+01 1.508203125000000e+01 0.0
4.500000000000000e+01 1.555468750000000e+01 0.0
4.650000000000000e+01 1.602734375000000e+01 0.0
4.800000000000000e+01 1.650000000000000e+01 0.0
0.000000000000000e+00 2.750000000000000e+00 0.0
1.500000000000000e+00 3.195312500000000e+00 0.0
3.000000000000000e+00 3.640625000000000e+00 0.0
4.500000000000000e+00 4.085937500000000e+00 0.0
6.000000000000000e+00 4.531250000000000e+00 0.0
7.500000000000000e+00 4.976562500000000e+00 0.0
9.000000000000000e+00 5.421875000000000e+00 0.0
1.050000000000000e+01 5.867187500000000e+00 0.0
1.200000000000000e+01 6.312500000000000e+00 0.0
1.350000000000000e+01 6.757812500000000e+00 0.0
1.500000000000000e+01 7.203125000000000e+00 0.0
1.650000000000000e+01 7.648437500000000e+00 0.0
1.800000000000000e+01 8.093750000000000e+00 0.0
1.950000000000000e+01 8.539062500000000e+00 0.0
2.100000000000000e+01 8.984375000000000e+00 0.0
2.250000000000000e+01 9.429687500000000e+00 0.0
2.400000000000000e+01 9.875000000000000e+00 0.0
2.550000000000000e+01 1.032031250000000e+01 0.0
2.700000000000000e+01 1.076562500000000e+01 0.0
2.850000000000000e+01 1.121093750000000e+01 0.0
3.000000000000000e+01 1.165625000000000e+01 0.0
3.150000000000000e+01 1.210156250000000e+01 0.0
3.300000000000000e+01 1.254687500000000e+01 0.0
3.450000000000000e+01 1.299218750000000e+01 0.0
3.600000000000000e+01 1.343750000000000e+01 0.0
3.750000000000000e+01 1.388281250000000e+01 0.0
3.900000000000000e+01 1.432812500000000e+01 0.0
4.050000000000000e+01 1.477343750000000e+01 0.0
4.200000000000000e+01 1.521875000000000e+01 0.0
4.350000000000000e+01 1.566406250000000e+01 0.0
4.500000000000000e+01 1.610937500000000e+01 0.0
4.650000000000000e+01 1.655468750000000e+01 0.0
4.800000000000000e+01 1.700000000000000e+01 0.0
0.000000000000000e+00 4.125000000000000e+00 0.0
1.500000000000000e+00 4.542968750000000e+00 0.0
3.000000000000000e+00 4.960937500000000e+00 0.0
4.500000000000000e+00 5.378906250000000e+00 0.0
6.000000000000000e+00 5.796875000000000e+00 0.0
7.500000000000000e+00 6.214843750000000e+00 0.0
9.000000000000000e+00 6.632812500000000e+00 0.0
1.050000000000000e+01 7.050781250000000e+00 0.0
1.200000000000000e+01 7.468750000000000e+00 0.0
1.350000000000000e+01 7.886718750000000e+00 0.0
1.500000000000000e+01 8.304687500000000e+00 0.0
1.650000000000000e+01 8.722656250000000e+00 0.0
1.800000000000000e+01 9.140625000000000e+00 0.0
1.950000000000000e+01 9.558593750000000e+00 0.0
2.100000000000000e+01 9.976562500000000e+00 0.0
2.250000000000000e+01 1.039453125000000e+01 0.0
2.400000000000000e+01 1.081250000000000e+01 0.0
2.550000000000000e+01 1.123046875000000e+01 0.0
2.700000000000000e+01 1.164843750000000e+01 0.0
2.850000000000000e+01 1.206640625000000e+01 0.0
3.000000000000000e+01 1.248437500000000e+01 0.0
3.150000000000000e+01 1.290234375000000e+01 0.0
3.300000000000000e+01 1.332031250000000e+01 0.0
3.450000000000000e+01 1.373828125000000e+01 0.0
3.600000000000000e+01 1.415625000000000e+01 0.0
3.750000000000000e+01 1.457421875000000e+01 0.0
3.900000000000000e+01 1.499218750000000e+01 0.0
4.050000000000000e+01 1.541015625000000e+01 0.0
4.200000000000000e+01 1.582812500000000e+01 0.0
4.350000000000000e+01 1.624609375000000e+01 0.0
4.500000000000000e+01 1.666406250000000e+01 0.0
4.650000000000000e+01 1.708203125000000e+01 0.0
4.800000000000000e+01 1.750000000000000e+01 0.0
0.000000000000000e+00 5.500000000000000e+00 0.0
1.500000000000000e+00 5.890625000000000e+00 0.0
3.000000000000000e+00 6.281250000000000e+00 0.0
4.500000000000000e+00 6.671875000000000e+00 0.0
6.000000000000000e+00 7.062500000000000e+00 0.0
7.500000000000000e+00 7.453125000000000e+00 0.0
9.000000000000000e+00 7.843750000000000e+00 0.0
1.050000000000000e+01 8.234375000000000e+00 0.0
1.200000000000000e+01 8.625000000000000e+00 0.0
1.350000000000000e+01 9.015625000000000e+00 0.0
1.500000000000000e+01 9.406250000000000e+00 0.0
1.650000000000000e+01 9.796875000000000e+00 0.0
1.800000000000000e+01 1.018750000000000e+01 0.0
1.950000000000000e+01 1.057812500000000e+01 0.0
2.100000000000000e+01 1.096875000000000e+01 0.0
2.250000000000000e+01 1.135937500000000e+01 0.0
2.400000000000000e+01 1.175000000000000e+01 0.0
2.550000000000000e+01 1.214062500000000e+01 0.0
2.700000000000000e+01 1.253125000000000e+01 0.0
2.850000000000000e+01 1.292187500000000e+01 0.0
3.000000000000000e+01 1.331250000000000e+01 0.0
3.150000000000000e+01 1.370312500000000e+01 0.0
3.300000000000000e+01 1.409375000000000e+01 0.0
3.450000000000000e+01 1.448437500000000e+01 0.0
3.600000000000000e+01 1.487500000000000e+01 0.0
3.750000000000000e+01 1.526562500000000e+01 0.0
3.900000000000000e+01 1.565625000000000e+01 0.0
4.050000000000000e+01 1.604687500000000e+01 0.0
4.200000000000000e+01 1.643750000000000e+01 0.0
4.350000000000000e+01 1.682812500000000e+01 0.0
4.500000000000000e+01 1.721875000000000e+01 0.0
4.650000000000000e+01 1.760937500000000e+01 0.0
4.800000000000000e+01 1.800000000000000e+01 0.0
0.000000000000000e+00 6.875000000000000e+00 0.0
1.500000000000000e+00 7.238281250000000e+00 0.0
3.000000000000000e+00 7.601562500000000e+00 0.0
4.500000000000000e+00 7.964843750000000e+00 0.0
6.000000000000000e+00 8.328125000000000e+00 0.0
7.500000000000000e+00 8.691406250000000e+00 0.0
9.000000000000000e+00 9.054687500000000e+00 0.0
1.050000000000000e+01 9.417968750000000e+00 0.0
1.200000000000000e+01 9.781250000000000e+00 0.0
1.350000000000000e+01 1.014453125000000e+01 0.0
1.500000000000000e+01 1.050781250000000e+01 0.0
1.650000000000000e+01 1.087109375000000e+01 0.0
1.800000000000000e+01 1.123437500000000e+01 0.0
1.950000000000000e+01 1.159765625000000e+01 0.0
2.100000000000000e+01 1.196093750000000e+01 0.0
2.250000000000000e+01 1.232421875000000e+01 0.0
2.400000000000000e+01 1.268750000000000e+01 0.0
2.550000000000000e+01 1.305078125000000e+01 0.0
2.700000000000000e+01 1.341406250000000e+01 0.0
2.850000000000000e+01 1.377734375000000e+01 0.0
3.000000000000000e+01 1.414062500000000e+01 0.0
3.150000000000000e+01 1.450390625000000e+01 0.0
3.300000000000000e+01 1.486718750000000e+01 0.0
3.450000000000000e+01 1.523046875000000e+01 0.0
3.600000000000000e+01 1.559375000000000e+01 0.0
3.750000000000000e+01 1.595703125000000e+01 0.0
3.900000000000000e+01 1.632031250000000e+01 0.0
4.050000000000000e+01 1.668359375000000e+01 0.0
4.200000000000000e+01 1.704687500000000e+01 0.0
4.350000000000000e+01 1.741015625000000e+01 0.0
4.500000000000000e+01 1.777343750000000e+01 0.0
4.650000000000000e+01 1.813671875000000e+01 0.0
4.800000000000000e+01 1.850000000000000e+01 0.0
0.000000000000000e+00 8.250000000000000e+00 0.0
1.500000000000000e+00 8.585937500000000e+00 0.0
3.000000000000000e+00 8.921875000000000e+00 0.0
4.500000000000000e+00 9.257812500000000e+00 0.0
6.000000000000000e+00 9.593750000000000e+00 0.0
7.500000000000000e+00 9.929687500000000e+00 0.0
9.000000000000000e+00 1.026562500000000e+01 0.0
1.050000000000000e+01 1.060156250000000e+01 0.0
1.200000000000000e+01 1.093750000000000e+01 0.0
1.350000000000000e+01 1.127343750000000e+01 0.0
1.500000000000000e+01 1.160937500000000e+01 0.0
1.650000000000000e+01 1.194531250000000e+01 0.0
1.800000000000000e+01 1.228125000000000e+01 0.0
1.950000000000000e+01 1.261718750000000e+01 0.0
2.100000000000000e+01 1.295312500000000e+01 0.0
2.250000000000000e+01 1.328906250000000e+01 0.0
2.400000000000000e+01 1.362500000000000e+01 0.0
2.550000000000000e+01 1.396093750000000e+01 0.0
2.700000000000000e+01 1.429687500000000e+01 0.0
2.850000000000000e+01 1.463281250000000e+01 0.0
3.000000000000000e+01 1.496875000000000e+01 0.0
3.150000000000000e+01 1.530468750000000e+01 0.0
3.300000000000000e+01 1.564062500000000e+01 0.0
3.450000000000000e+01 1.597656250000000e+01 0.0
3.600000000000000e+01 1.631250000000000e+01 0.0
3.750000000000000e+01 1.664843750000000e+01 0.0
3.900000000000000e+01 1.698437500000000e+01 0.0
4.050000000000000e+01 1.732031250000000e+01 0.0
4.200000000000000e+01 1.765625000000000e+01 0.0
4.350000000000000e+01 1.799218750000000e+01 0.0
4.500000000000000e+01 1.832812500000000e+01 0.0
4.650000000000000e+01 1.866406250000000e+01 0.0
4.800000000000000e+01 1.900000000000000e+01 0.0
0.000000000000000e+00 9.625000000000000e+00 0.0
1.500000000000000e+00 9.933593750000000e+00 0.0
3.000000000000000e+00 1.024218750000000e+01 0.0
4.500000000000000e+00 1.055078125000000e+01 0.0
6.000000000000000e+00 1.085937500000000e+01 0.0
7.500000000000000e+00 1.116796875000000e+01 0.0
9.000000000000000e+00 1.147656250000000e+01 0.0
1.050000000000000e+01 1.178515625000000e+01 0.0
1.200000000000000e+01 1.209375000000000e+01 0.0
1.350000000000000e+01 1.240234375000000e+01 0.0
1.500000000000000e+01 1.271093750000000e+01 0.0
1.650000000000000e+01 1.301953125000000e+01 0.0
1.800000000000000e+01 1.332812500000000e+01 0.0
1.950000000000000e+01 1.363671875000000e+01 0.0
2.100000000000000e+01 1.394531250000000e+01 0.0
2.250000000000000e+01 1.425390625000000e+01 0.0
2.400000000000000e+01 1.456250000000000e+01 0.0
2.550000000000000e+01 1.487109375000000e+01 0.0
2.700000000000000e+01 1.517968750000000e+01 0.0
2.850000000000000e+01 1.548828125000000e+01 0.0
3.000000000000000e+01 1.579687500000000e+01 0.0
3.150000000000000e+01 1.610546875000000e+01 0.0
3.300000000000000e+01 1.641406250000000e+01 0.0
3.450000000000000e+01 1.672265625000000e+01 0.0
3.600000000000000e+01 1.703125000000000e+01 0.0
3.750000000000000e+01 1.733984375000000e+01 0.0
3.900000000000000e+01 1.764843750000000e+01 0.0
4.050000000000000e+01 1.795703125000000e+01 0.0
4.200000000000000e+01 1.826562500000000e+01 0.0
4.350000000000000e+01 1.857421875000000e+01 0.0
4.500000000000000e+01 1.888281250000000e+01 0.0
4.650000000000000e+01 1.919140625000000e+01 0.0
4.800000000000000e+01 1.950000000000000e+01 0.0
0.000000000000000e+00 1.100000000000000e+01 0.0
1.500000000000000e+00 1.128125000000000e+01 0.0
3.000000000000000e+00 1.156250000000000e+01 0.0
4.500000000000000e+00 1.184375000000000e+01 0.0
6.000000000000000e+00 1.212500000000000e+01 0.0
7.500000000000000e+00 1.240625000000000e+01 0.0
9.000000000000000e+00 1.268750000000000e+01 0.0
1.050000000000000e+01 1.296875000000000e+01 0.0
1.200000000000000e+01 1.325000000000000e+01 0.0
1.350000000000000e+01 1.353125000000000e+01 0.0
1.500000000000000e+01 1.381250000000000e+01 0.0
1.650000000000000e+01 1.409375000000000e+01 0.0
1.800000000000000e+01 1.437500000000000e+01 0.0
1.950000000000000e+01 1.465625000000000e+01 0.0
2.100000000000000e+01 1.493750000000000e+01 0.0
2.250000000000000e+01 1.521875000000000e+01 0.0
2.400000000000000e+01 1.550000000000000e+01 0.0
2.550000000000000e+01 1.578125000000000e+01 0.0
2.700000000000000e+01 1.606250000000000e+01 0.0
2.850000000000000e+01 1.634375000000000e+01 0.0
3.000000000000000e+01 1.662500000000000e+01 0.0
3.150000000000000e+01 1.690625000000000e+01 0.0
3.300000000000000e+01 1.718750000000000e+01 0.0
3.450000000000000e+01 1.746875000000000e+01 0.0
3.600000000000000e+01 1.775000000000000e+01 0.0
3.750000000000000e+01 1.803125000000000e+01 0.0
3.900000000000000e+01 1.831250000000000e+01 0.0
4.050000000000000e+01 1.859375000000000e+01 0.0
4.200000000000000e+01 1.887500000000000e+01 0.0
4.350000000000000e+01 1.915625000000000e+01 0.0
4.500000000000000e+01 1.943750000000000e+01 0.0
4.650000000000000e+01 1.971875000000000e+01 0.0
4.800000000000000e+01 2.000000000000000e+01 0.0
0.000000000000000e+00 1.237500000000000e+01 0.0
1.500000000000000e+00 1.262890625000000e+01 0.0
3.000000000000000e+00 1.288281250000000e+01 0.0
4.500000000000000e+00 1.313671875000000e+01 0.0
6.000000000000000e+00 1.339062500000000e+01 0.0
7.500000000000000e+00 1.364453125000000e+01 0.0
9.000000000000000e+00 1.389843750000000e+01 0.0
1.050000000000000e+01 1.415234375000000e+01 0.0
1.200000000000000e+01 1.440625000000000e+01 0.0
1.350000000000000e+01 1.466015625000000e+01 0.0
1.500000000000000e+01 1.491406250000000e+01 0.0
1.650000000000000e+01 1.516796875000000e+01 0.0
1.800000000000000e+01 1.542187500000000e+01 0.0
1.950000000000000e+01 1.567578125000000e+01 0.0
2.100000000000000e+01 1.592968750000000e+01 0.0
2.250000000000000e+01 1.618359375000000e+01 0.0
2.400000000000000e+01 1.643750000000000e+01 0.0
2.550000000000000e+01 1.669140625000000e+01 0.0
2.700000000000000e+01 1.694531250000000e+01 0.0
2.850000000000000e+01 1.719921875000000e+01 0.0
3.000000000000000e+01 1.745312500000000e+01 0.0
3.150000000000000e+01 1.770703125000000e+01 0.0
3.300000000000000e+01 1.796093750000000e+01 0.0
3.450000000000000e+01 1.821484375000000e+01 0.0
3.600000000000000e+01 1.846875000000000e+01 0.0
3.750000000000000e+01 1.872265625000000e+01 0.0
3.900000000000000e+01 1.897656250000000e+01 0.0
4.050000000000000e+01 1.923046875000000e+01 0.0
4.200000000000000e+01 1.948437500000000e+01 0.0
4.350000000000000e+01 1.973828125000000e+01 0.0
4.500000000000000e+01 1.999218750000000e+01 0.0
4.650000000000000e+01 2.024609375000000e+01 0.0
4.800000000000000e+01 2.050000000000000e+01 0.0
0.000000000000000e+00 1.375000000000000e+01 0.0
1.500000000000000e+00 1.397656250000000e+01 0.0
3.000000000000000e+00 1.420312500000000e+01 0.0
4.500000000000000e+00 1.442968750000000e+01 0.0
6.000000000000000e+00 1.465625000000000e+01 0.0
7.500000000000000e+00 1.488281250000000e+01 0.0
9.000000000000000e+00 1.510937500000000e+01 0.0
1.050000000000000e+01 1.533593750000000e+01 0.0
1.200000000000000e+01 1.556250000000000e+01 0.0
1.350000000000000e+01 1.578906250000000e+01 0.0
1.500000000000000e+01 1.601562500000000e+01 0.0
1.650000000000000e+01 1.624218750000000e+01 0.0
1.800000000000000e+01 1.646875000000000e+01 0.0
1.950000000000000e+01 1.669531250000000e+01 0.0
2.100000000000000e+01 1.692187500000000e+01 0.0
2.250000000000000e+01 1.714843750000000e+01 0.0
2.400000000000000e+01 1.737500000000000e+01 0.0
2.550000000000000e+01 1.760156250000000e+01 0.0
2.700000000000000e+01 1.782812500000000e+01 0.0
2.850000000000000e+01 1.805468750000000e+01 0.0
3.000000000000000e+01 1.828125000000000e+01 0.0
3.150000000000000e+01 1.850781250000000e+01 0.0
3.300000000000000e+01 1.873437500000000e+01 0.0
3.450000000000000e+01 1.896093750000000e+01 0.0
3.600000000000000e+01 1.918750000000000e+01 0.0
3.750000000000000e+01 1.941406250000000e+01 0.0
3.900000000000000e+01 1.964062500000000e+01 0.0
4.050000000000000e+01 1.986718750000000e+01 0.0
4.200000000000000e+01 2.009375000000000e+01 0.0
4.350000000000000e+01 2.032031250000000e+01 0.0
4.500000000000000e+01 2.054687500000000e+01 0.0
4.650000000000000e+01 2.077343750000000e+01 0.0
4.800000000000000e+01 2.100000000000000e+01 0.0
0.000000000000000e+00 1.512500000000000e+01 0.0
1.500000000000000e+00 1.532421875000000e+01 0.0
3.000000000000000e+00 1.552343750000000e+01 0.0
4.500000000000000e+00 1.572265625000000e+01 0.0
6.000000000000000e+00 1.592187500000000e+01 0.0
7.500000000000000e+00 1.612109375000000e+01 0.0
9.000000000000000e+00 1.632031250000000e+01 0.0
1.050000000000000e+01 1.651953125000000e+01 0.0
1.200000000000000e+01 1.671875000000000e+01 0.0
1.350000000000000e+01 1.691796875000000e+01 0.0
1.500000000000000e+01 1.711718750000000e+01 0.0
1.650000000000000e+01 1.731640625000000e+01 0.0
1.800000000000000e+01 1.751562500000000e+01 0.0
1.950000000000000e+01 1.771484375000000e+01 0.0
2.100000000000000e+01 1.791406250000000e+01 0.0
2.250000000000000e+01 1.811328125000000e+01 0.0
2.400000000000000e+01 1.831250000000000e+01 0.0
2.550000000000000e+01 1.851171875000000e+01 0.0
2.700000000000000e+01 1.871093750000000e+01 0.0
2.850000000000000e+01 1.891015625000000e+01 0.0
3.000000000000000e+01 1.910937500000000e+01 0.0
3.150000000000000e+01 1.930859375000000e+01 0.0
3.300000000000000e+01 1.950781250000000e+01 0.0
3.450000000000000e+01 1.970703125000000e+01 0.0
3.600000000000000e+01 1.990625000000000e+01 0.0
3.750000000000000e+01 2.010546875000000e+01 0.0
3.900000000000000e+01 2.030468750000000e+01 0.0
4.050000000000000e+01 2.050390625000000e+01 0.0
4.200000000000000e+01 2.070312500000000e+01 0.0
4.350000000000000e+01 2.090234375000000e+01 0.0
4.500000000000000e+01 2.110156250000000e+01 0.0
4.650000000000000e+01 2.130078125000000e+01 0.0
4.800000000000000e+01 2.150000000000000e+01 0.0
0.000000000000000e+00 1.650000000000000e+01 0.0
1.500000000000000e+00 1.667187500000000e+01 0.0
3.000000000000000e+00 1.684375000000000e+01 0.0
4.500000000000000e+00 1.701562500000000e+01 0.0
6.000000000000000e+00 1.718750000000000e+01 0.0
7.500000000000000e+00 1.735937500000000e+01 0.0
9.000000000000000e+00 1.753125000000000e+01 0.0
1.050000000000000e+01 1.770312500000000e+01 0.0
1.200000000000000e+01 1.787500000000000e+01 0.0
1.350000000000000e+01 1.804687500000000e+01 0.0
1.500000000000000e+01 1.821875000000000e+01 0.0
1.650000000000000e+01 1.839062500000000e+01 0.0
1.800000000000000e+01 1.856250000000000e+01 0.0
1.950000000000000e+01 1.873437500000000e+01 0.0
2.100000000000000e+01 1.890625000000000e+01 0.0
2.250000000000000e+01 1.907812500000000e+01 0.0
2.400000000000000e+01 1.925000000000000e+01 0.0
2.550000000000000e+01 1.942187500000000e+01 0.0
2.700000000000000e+01 1.959375000000000e+01 0.0
2.850000000000000e+01 1.976562500000000e+01 0.0
3.000000000000000e+01 1.993750000000000e+01 0.0
3.150000000000000e+01 2.010937500000000e+01 0.0
3.300000000000000e+01 2.028125000000000e+01 0.0
3.450000000000000e+01 2.045312500000000e+01 0.0
3.600000000000000e+01 2.062500000000000e+01 0.0
3.750000000000000e+01 2.079687500000000e+01 0.0
3.900000000000000e+01 2.096875000000000e+01 0.0
4.050000000000000e+01 2.114062500000000e+01 0.0
4.200000000000000e+01 2.131250000000000e+01 0.0
4.350000000000000e+01 2.148437500000000e+01 0.0
4.500000000000000e+01 2.165625000000000e+01 0.0
4.650000000000000e+01 2.182812500000000e+01 0.0
4.800000000000000e+01 2.200000000000000e+01 0.0
0.000000000000000e+00 1.787500000000000e+01 0.0
1.500000000000000e+00 1.801953125000000e+01 0.0
3.000000000000000e+00 1.816406250000000e+01 0.0
4.500000000000000e+00 1.830859375000000e+01 0.0
6.000000000000000e+00 1.845312500000000e+01 0.0
7.500000000000000e+00 1.859765625000000e+01 0.0
9.000000000000000e+00 1.874218750000000e+01 0.0
1.050000000000000e+01 1.888671875000000e+01 0.0
1.200000000000000e+01 1.903125000000000e+01 0.0
1.350000000000000e+01 1.917578125000000e+01 0.0
1.500000000000000e+01 1.932031250000000e+01 0.0
1.650000000000000e+01 1.946484375000000e+01 0.0
1.800000000000000e+01 1.960937500000000e+01 0.0
1.950000000000000e+01 1.975390625000000e+01 0.0
2.100000000000000e+01 1.989843750000000e+01 0.0
2.250000000000000e+01 2.004296875000000e+01 0.0
2.400000000000000e+01 2.018750000000000e+01 0.0
2.550000000000000e+01 2.033203125000000e+01 0.0
2.700000000000000e+01 2.047656250000000e+01 0.0
2.850000000000000e+01 2.062109375000000e+01 0.0
3.000000000000000e+01 2.076562500000000e+01 0.0
3.150000000000000e+01 2.091015625000000e+01 0.0
3.300000000000000e+01 2.105468750000000e+01 0.0
3.450000000000000e+01 2.119921875000000e+01 0.0
3.600000000000000e+01 2.134375000000000e+01 0.0
3.750000000000000e+01 2.148828125000000e+01 0.0
3.900000000000000e+01 2.163281250000000e+01 0.0
4.050000000000000e+01 2.177734375000000e+01 0.0
4.200000000000000e+01 2.192187500000000e+01 0.0
4.350000000000000e+01 2.206640625000000e+01 0.0
4.500000000000000e+01 2.221093750000000e+01 0.0
4.650000000000000e+01 2.235546875000000e+01 0.0
4.800000000000000e+01 2.250000000000000e+01 0.0
0.000000000000000e+00 1.925000000000000e+01 0.0
1.500000000000000e+00 1.936718750000000e+01 0.0
3.000000000000000e+00 1.948437500000000e+01 0.0
4.500000000000000e+00 1.960156250000000e+01 0.0
6.000000000000000e+00 1.971875000000000e+01 0.0
7.500000000000000e+00 1.983593750000000e+01 0.0
9.000000000000000e+00 1.995312500000000e+01 0.0
1.050000000000000e+01 2.007031250000000e+01 0.0
1.200000000000000e+01 2.018750000000000e+01 0.0
1.350000000000000e+01 2.030468750000000e+01 0.0
1.500000000000000e+01 2.042187500000000e+01 0.0
1.650000000000000e+01 2.053906250000000e+01 0.0
1.800000000000000e+01 2.065625000000000e+01 0.0
1.950000000000000e+01 2.077343750000000e+01 0.0
2.100000000000000e+01 2.089062500000000e+01 0.0
2.250000000000000e+01 2.100781250000000e+01 0.0
2.400000000000000e+01 2.112500000000000e+01 0.0
2.550000000000000e+01 2.124218750000000e+01 0.0
2.700000000000000e+01 2.135937500000000e+01 0.0
2.850000000000000e+01 2.147656250000000e+01 0.0
3.000000000000000e+01 2.159375000000000e+01 0.0
3.150000000000000e+01 2.171093750000000e+01 0.0
3.300000000000000e+01 2.182812500000000e+01 0.0
3.450000000000000e+01 2.194531250000000e+01 0.0
3.600000000000000e+01 2.206250000000000e+01 0.0
3.750000000000000e+01 2.217968750000000e+01 0.0
3.900000000000000e+01 2.229687500000000e+01 0.0
4.050000000000000e+01 2.241406250000000e+01 0.0
4.200000000000000e+01 2.253125000000000e+01 0.0
4.350000000000000e+01 2.264843750000000e+01 0.0
4.500000000000000e+01 2.276562500000000e+01 0.0
4.650000000000000e+01 2.288281250000000e+01 0.0
4.800000000000000e+01 2.300000000000000e+01 0.0
0.000000000000000e+00 2.062500000000000e+01 0.0
1.500000000000000e+00 2.071484375000000e+01 0.0
3.000000000000000e+00 2.080468750000000e+01 0.0
4.500000000000000e+00 2.089453125000000e+01 0.0
6.000000000000000e+00 2.098437500000000e+01 0.0
7.500000000000000e+00 2.107421875000000e+01 0.0
9.000000000000000e+00 2.116406250000000e+01 0.0
1.050000000000000e+01 2.125390625000000e+01 0.0
1.200000000000000e+01 2.134375000000000e+01 0.0
1.350000000000000e+01 2.143359375000000e+01 0.0
1.500000000000000e+01 2.152343750000000e+01 0.0
1.650000000000000e+01 2.161328125000000e+01 0.0
1.800000000000000e+01 2.170312500000000e+01 0.0
1.950000000000000e+01 2.179296875000000e+01 0.0
2.100000000000000e+01 2.188281250000000e+01 0.0
2.250000000000000e+01 2.197265625000000e+01 0.0
2.400000000000000e+01 2.206250000000000e+01 0.0
2.550000000000000e+01 2.215234375000000e+01 0.0
2.700000000000000e+01 2.224218750000000e+01 0.0
2.850000000000000e+01 2.233203125000000e+01 0.0
3.000000000000000e+01 2.242187500000000e+01 0.0
3.150000000000000e+01 2.251171875000000e+01 0.0
3.300000000000000e+01 2.260156250000000e+01 0.0
3.450000000000000e+01 2.269140625000000e+01 0.0
3.600000000000000e+01 2.278125000000000e+01 0.0
3.750000000000000e+01 2.287109375000000e+01 0.0
3.900000000000000e+01 2.296093750000000e+01 0.0
4.050000000000000e+01 2.305078125000000e+01 0.0
4.200000000000000e+01 2.314062500000000e+01 0.0
4.350000000000000e+01 2.323046875000000e+01 0.0
4.500000000000000e+01 2.332031250000000e+01 0.0
4.650000000000000e+01 2.341015625000000e+01 0.0
4.800000000000000e+01 2.350000000000000e+01 0.0
0.000000000000000e+00 2.200000000000000e+01 0.0
1.500000000000000e+00 2.206250000000000e+01 0.0
3.000000000000000e+00 2.212500000000000e+01 0.0
4.500000000000000e+00 2.218750000000000e+01 0.0
6.000000000000000e+00 2.225000000000000e+01 0.0
7.500000000000000e+00 2.231250000000000e+01 0.0
9.000000000000000e+00 2.237500000000000e+01 0.0
1.050000000000000e+01 2.243750000000000e+01 0.0
1.200000000000000e+01 2.250000000000000e+01 0.0
1.350000000000000e+01 2.256250000000000e+01 0.0
1.500000000000000e+01 2.262500000000000e+01 0.0
1.650000000000000e+01 2.268750000000000e+01 0.0
1.800000000000000e+01 2.275000000000000e+01 0.0
1.950000000000000e+01 2.281250000000000e+01 0.0
2.100000000000000e+01 2.287500000000000e+01 0.0
2.250000000000000e+01 2.293750000000000e+01 0.0
2.400000000000000e+01 2.300000000000000e+01 0.0
2.550000000000000e+01 2.306250000000000e+01 0.0
2.700000000000000e+01 2.312500000000000e+01 0.0
2.850000000000000e+01 2.318750000000000e+01 0.0
3.000000000000000e+01 2.325000000000000e+01 0.0
3.150000000000000e+01 2.331250000000000e+01 0.0
3.300000000000000e+01 2.337500000000000e+01 0.0
3.450000000000000e+01 2.343750000000000e+01 0.0
3.600000000000000e+01 2.350000000000000e+01 0.0
3.750000000000000e+01 2.356250000000000e+01 0.0
3.900000000000000e+01 2.362500000000000e+01 0.0
4.050000000000000e+01 2.368750000000000e+01 0.0
4.200000000000000e+01 2.375000000000000e+01 0.0
4.350000000000000e+01 2.381250000000000e+01 0.0
4.500000000000000e+01 2.387500000000000e+01 0.0
4.650000000000000e+01 2.393750000000000e+01 0.0
4.800000000000000e+01 2.400000000000000e+01 0.0
0.000000000000000e+00 2.337500000000000e+01 0.0
1.500000000000000e+00 2.341015625000000e+01 0.0
3.000000000000000e+00 2.344531250000000e+01 0.0
4.500000000000000e+00 2.348046875000000e+01 0.0
6.000000000000000e+00 2.351562500000000e+01 0.0
7.500000000000000e+00 2.355078125000000e+01 0.0
9.000000000000000e+00 2.358593750000000e+01 0.0
1.050000000000000e+01 2.362109375000000e+01 0.0
1.200000000000000e+01 2.365625000000000e+01 0.0
1.350000000000000e+01 2.369140625000000e+01 0.0
1.500000000000000e+01 2.372656250000000e+01 0.0
1.650000000000000e+01 2.376171875000000e+01 0.0
1.800000000000000e+01 2.379687500000000e+01 0.0
1.950000000000000e+01 2.383203125000000e+01 0.0
2.100000000000000e+01 2.386718750000000e+01 0.0
2.250000000000000e+01 2.390234375000000e+01 0.0
2.400000000000000e+01 2.393750000000000e+01 0.0
2.550000000000000e+01 2.397265625000000e+01 0.0
2.700000000000000e+01 2.400781250000000e+01 0.0
2.850000000000000e+01 2.404296875000000e+01 0.0
3.000000000000000e+01 2.407812500000000e+01 0.0
3.150000000000000e+01 2.411328125000000e+01 0.0
3.300000000000000e+01 2.414843750000000e+01 0.0
3.450000000000000e+01 2.418359375000000e+01 0.0
3.600000000000000e+01 2.421875000000000e+01 0.0
3.750000000000000e+01 2.425390625000000e+01 0.0
3.900000000000000e+01 2.428906250000000e+01 0.0
4.050000000000000e+01 2.432421875000000e+01 0.0
4.200000000000000e+01 2.435937500000000e+01 0.0
4.350000000000000e+01 2.439453125000000e+01 0.0
4.500000000000000e+01 2.442968750000000e+01 0.0
4.650000000000000e+01 2.446484375000000e+01 0.0
4.800000000000000e+01 2.450000000000000e+01 0.0
0.000000000000000e+00 2.475000000000000e+01 0.0
1.500000000000000e+00 2.475781250000000e+01 0.0
3.000000000000000e+00 2.476562500000000e+01 0.0
4.500000000000000e+00 2.477343750000000e+01 0.0
6.000000000000000e+00 2.478125000000000e+01 0.0
7.500000000000000e+00 2.478906250000000e+01 0.0
9.000000000000000e+00 2.479687500000000e+01 0.0
1.050000000000000e+01 2.480468750000000e+01 0.0
1.200000000000000e+01 2.481250000000000e+01 0.0
1.350000000000000e+01 2.482031250000000e+01 0.0
1.500000000000000e+01 2.482812500000000e+01 0.0
1.650000000000000e+01 2.483593750000000e+01 0.0
1.800000000000000e+01 2.484375000000000e+01 0.0
1.950000000000000e+01 2.485156250000000e+01 0.0
2.100000000000000e+01 2.485937500000000e+01 0.0
2.250000000000000e+01 2.486718750000000e+01 0.0
2.400000000000000e+01 2.487500000000000e+01 0.0
2.550000000000000e+01 2.488281250000000e+01 0.0
2.700000000000000e+01 2.489062500000000e+01 0.0
2.850000000000000e+01 2.489843750000000e+01 0.0
3.000000000000000e+01 2.490625000000000e+01 0.0
3.150000000000000e+01 2.491406250000000e+01 0.0
3.300000000000000e+01 2.492187500000000e+01 0.0
3.450000000000000e+01 2.492968750000000e+01 0.0
3.600000000000000e+01 2.493750000000000e+01 0.0
3.750000000000000e+01 2.494531250000000e+01 0.0
3.900000000000000e+01 2.495312500000000e+01 0.0
4.050000000000000e+01 2.496093750000000e+01 0.0
4.200000000000000e+01 2.496875000000000e+01 0.0
4.350000000000000e+01 2.497656250000000e+01 0.0
4.500000000000000e+01 2.498437500000000e+01 0.0
4.650000000000000e+01 2.499218750000000e+01 0.0
4.800000000000000e+01 2.500000000000000e+01 0.0
0.000000000000000e+00 2.612500000000000e+01 0.0
1.500000000000000e+00 2.610546875000000e+01 0.0
3.000000000000000e+00 2.608593750000000e+01 0.0
4.500000000000000e+00 2.606640625000000e+01 0.0
6.000000000000000e+00 2.604687500000000e+01 0.0
7.500000000000000e+00 2.602734375000000e+01 0.0
9.000000000000000e+00 2.600781250000000e+01 0.0
1.050000000000000e+01 2.598828125000000e+01 0.0
1.200000000000000e+01 2.596875000000000e+01 0.0
1.350000000000000e+01 2.594921875000000e+01 0.0
1.500000000000000e+01 2.592968750000000e+01 0.0
1.650000000000000e+01 2.591015625000000e+01 0.0
1.800000000000000e+01 2.589062500000000e+01 0.0
1.950000000000000e+01 2.587109375000000e+01 0.0
2.100000000000000e+01 2.585156250000000e+01 0.0
2.250000000000000e+01 2.583203125000000e+01 0.0
2.400000000000000e+01 2.581250000000000e+01 0.0
2.550000000000000e+01 2.579296875000000e+01 0.0
2.700000000000000e+01 2.577343750000000e+01 0.0
2.850000000000000e+01 2.575390625000000e+01 0.0
3.000000000000000e+01 2.573437500000000e+01 0.0
3.150000000000000e+01 2.571484375000000e+01 0.0
3.300000000000000e+01 2.569531250000000e+01 0.0
3.450000000000000e+01 2.567578125000000e+01 0.0
3.600000000000000e+01 2.565625000000000e+01 0.0
3.750000000000000e+01 2.563671875000000e+01 0.0
3.900000000000000e+01 2.561718750000000e+01 0.0
4.050000000000000e+01 2.559765625000000e+01 0.0
4.200000000000000e+01 2.557812500000000e+01 0.0
4.350000000000000e+01 2.555859375000000e+01 0.0
4.500000000000000e+01 2.553906250000000e+01 0.0
4.650000000000000e+01 2.551953125000000e+01 0.0
4.800000000000000e+01 2.550000000000000e+01 0.0
0.000000000000000e+00 2.750000000000000e+01 0.0
1.500000000000000e+00 2.745312500000000e+01 0.0
3.000000000000000e+00 2.740625000000000e+01 0.0
4.500000000000000e+00 2.735937500000000e+01 0.0
6.000000000000000e+00 2.731250000000000e+01 0.0
7.500000000000000e+00 2.726562500000000e+01 0.0
9.000000000000000e+00 2.721875000000000e+01 0.0
1.050000000000000e+01 2.717187500000000e+01 0.0
1.200000000000000e+01 2.712500000000000e+01 0.0
1.350000000000000e+01 2.707812500000000e+01 0.0
1.500000000000000e+01 2.703125000000000e+01 0.0
1.650000000000000e+01 2.698437500000000e+01 0.0
1.800000000000000e+01 2.693750000000000e+01 0.0
1.950000000000000e+01 2.689062500000000e+01 0.0
2.100000000000000e+01 2.684375000000000e+01 0.0
2.250000000000000e+01 2.679687500000000e+01 0.0
2.400000000000000e+01 2.675000000000000e+01 0.0
2.550000000000000e+01 2.670312500000000e+01 0.0
2.700000000000000e+01 2.665625000000000e+01 0.0
2.850000000000000e+01 2.660937500000000e+01 0.0
3.000000000000000e+01 2.656250000000000e+01 0.0
3.150000000000000e+01 2.651562500000000e+01 0.0
3.300000000000000e+01 2.646875000000000e+01 0.0
3.450000000000000e+01 2.642187500000000e+01 0.0
3.600000000000000e+01 2.637500000000000e+01 0.0
3.750000000000000e+01 2.632812500000000e+01 0.0
3.900000000000000e+01 2.628125000000000e+01 0.0
4.050000000000000e+01 2.623437500000000e+01 0.0
4.200000000000000e+01 2.618750000000000e+01 0.0
4.350000000000000e+01 2.614062500000000e+01 0.0
4.500000000000000e+01 2.609375000000000e+01 0.0
4.650000000000000e+01 2.604687500000000e+01 0.0
4.800000000000000e+01 2.600000000000000e+01 0.0
0.000000000000000e+00 2.887500000000000e+01 0.0
1.500000000000000e+00 2.880078125000000e+01 0.0
3.000000000000000e+00 2.872656250000000e+01 0.0
4.500000000000000e+00 2.865234375000000e+01 0.0
6.000000000000000e+00 2.857812500000000e+01 0.0
7.500000000000000e+00 2.850390625000000e+01 0.0
9.000000000000000e+00 2.842968750000000e+01 0.0
1.050000000000000e+01 2.835546875000000e+01 0.0
1.200000000000000e+01 2.828125000000000e+01 0.0
1.350000000000000e+01 2.820703125000000e+01 0.0
1.500000000000000e+01 2.813281250000000e+01 0.0
1.650000000000000e+01 2.805859375000000e+01 0.0
1.800000000000000e+01 2.798437500000000e+01 0.0
1.950000000000000e+01 2.791015625000000e+01 0.0
2.100000000000000e+01 2.783593750000000e+01 0.0
2.250000000000000e+01 2.776171875000000e+01 0.0
2.400000000000000e+01 2.768750000000000e+01 0.0
2.550000000000000e+01 2.761328125000000e+01 0.0
2.700000000000000e+01 2.753906250000000e+01 0.0
2.850000000000000e+01 2.746484375000000e+01 0.0
3.000000000000000e+01 2.739062500000000e+01 0.0
3.150000000000000e+01 2.731640625000000e+01 0.0
3.300000000000000e+01 2.724218750000000e+01 0.0
3.450000000000000e+01 2.716796875000000e+01 0.0
3.600000000000000e+01 2.709375000000000e+01 0.0
3.750000000000000e+01 2.701953125000000e+01 0.0
3.900000000000000e+01 2.694531250000000e+01 0.0
4.050000000000000e+01 2.687109375000000e+01 0.0
4.200000000000000e+01 2.679687500000000e+01 0.0
4.350000000000000e+01 2.672265625000000e+01 0.0
4.500000000000000e+01 2.664843750000000e+01 0.0
4.650000000000000e+01 2.657421875000000e+01 0.0
4.800000000000000e+01 2.650000000000000e+01 0.0
0.000000000000000e+00 3.025000000000000e+01 0.0
1.500000000000000e+00 3.014843750000000e+01 0.0
3.000000000000000e+00 3.004687500000000e+01 0.0
4.500000000000000e+00 2.994531250000000e+01 0.0
6.000000000000000e+00 2.984375000000000e+01 0.0
7.500000000000000e+00 2.974218750000000e+01 0.0
9.000000000000000e+00 2.964062500000000e+01 0.0
1.050000000000000e+01 2.953906250000000e+01 0.0
1.200000000000000e+01 2.943750000000000e+01 0.0
1.350000000000000e+01 2.933593750000000e+01 0.0
1.500000000000000e+01 2.923437500000000e+01 0.0
1.650000000000000e+01 2.913281250000000e+01 0.0
1.800000000000000e+01 2.903125000000000e+01 0.0
1.950000000000000e+01 2.892968750000000e+01 0.0
2.100000000000000e+01 2.882812500000000e+01 0.0
2.250000000000000e+01 2.872656250000000e+01 0.0
2.400000000000000e+01 2.862500000000000e+01 0.0
2.550000000000000e+01 2.852343750000000e+01 0.0
2.700000000000000e+01 2.842187500000000e+01 0.0
2.850000000000000e+01 2.832031250000000e+01 0.0
3.000000000000000e+01 2.821875000000000e+01 0.0
3.150000000000000e+01 2.811718750000000e+01 0.0
3.300000000000000e+01 2.801562500000000e+01 0.0
3.450000000000000e+01 2.791406250000000e+01 0.0
3.600000000000000e+01 2.781250000000000e+01 0.0
3.750000000000000e+01 2.771093750000000e+01 0.0
3.900000000000000e+01 2.760937500000000e+01 0.0
4.050000000000000e+01 2.750781250000000e+01 0.0
4.200000000000000e+01 2.740625000000000e+01 0.0
4.350000000000000e+01 2.730468750000000e+01 0.0
4.500000000000000e+01 2.720312500000000e+01 0.0
4.650000000000000e+01 2.710156250000000e+01 0.0
4.800000000000000e+01 2.700000000000000e+01 0.0
0.000000000000000e+00 3.162500000000000e+01 0.0
1.500000000000000e+00 3.149609375000000e+01 0.0
3.000000000000000e+00 3.136718750000000e+01 0.0
4.500000000000000e+00 3.123828125000000e+01 0.0
6.000000000000000e+00 3.110937500000000e+01 0.0
7.500000000000000e+00 3.098046875000000e+01 0.0
9.000000000000000e+00 3.085156250000000e+01 0.0
1.050000000000000e+01 3.072265625000000e+01 0.0
1.200000000000000e+01 3.059375000000000e+01 0.0
1.350000000000000e+01 3.046484375000000e+01 0.0
1.500000000000000e+01 3.033593750000000e+01 0.0
1.650000000000000e+01 3.020703125000000e+01 0.0
1.800000000000000e+01 3.007812500000000e+01 0.0
1.950000000000000e+01 2.994921875000000e+01 0.0
2.100000000000000e+01 2.982031250000000e+01 0.0
2.250000000000000e+01 2.969140625000000e+01 0.0
2.400000000000000e+01 2.956250000000000e+01 0.0
2.550000000000000e+01 2.943359375000000e+01 0.0
2.700000000000000e+01 2.930468750000000e+01 0.0
2.850000000000000e+01 2.917578125000000e+01 0.0
3.000000000000000e+01 2.904687500000000e+01 0.0
3.150000000000000e+01 2.891796875000000e+01 0.0
3.300000000000000e+01 2.878906250000000e+01 0.0
3.450000000000000e+01 2.866015625000000e+01 0.0
3.600000000000000e+01 2.853125000000000e+01 0.0
3.750000000000000e+01 2.840234375000000e+01 0.0
3.900000000000000e+01 2.827343750000000e+01 0.0
4.050000000000000e+01 2.814453125000000e+01 0.0
4.200000000000000e+01 2.801562500000000e+01 0.0
4.350000000000000e+01 2.788671875000000e+01 0.0
4.500000000000000e+01 2.775781250000000e+01 0.0
4.650000000000000e+01 2.762890625000000e+01 0.0
4.800000000000000e+01 2.750000000000000e+01 0.0
0.000000000000000e+00 3.300000000000000e+01 0.0
1.500000000000000e+00 3.284375000000000e+01 0.0
3.000000000000000e+00 3.268750000000000e+01 0.0
4.500000000000000e+00 3.253125000000000e+01 0.0
6.000000000000000e+00 3.237500000000000e+01 0.0
7.500000000000000e+00 3.221875000000000e+01 0.0
9.000000000000000e+00 3.206250000000000e+01 0.0
1.050000000000000e+01 3.190625000000000e+01 0.0
1.200000000000000e+01 3.175000000000000e+01 0.0
1.350000000000000e+01 3.159375000000000e+01 0.0
1.500000000000000e+01 3.143750000000000e+01 0.0
1.650000000000000e+01 3.128125000000000e+01 0.0
1.800000000000000e+01 3.112500000000000e+01 0.0
1.950000000000000e+01 3.096875000000000e+01 0.0
2.100000000000000e+01 3.081250000000000e+01 0.0
2.250000000000000e+01 3.065625000000000e+01 0.0
2.400000000000000e+01 3.050000000000000e+01 0.0
2.550000000000000e+01 3.034375000000000e+01 0.0
2.700000000000000e+01 3.018750000000000e+01 0.0
2.850000000000000e+01 3.003125000000000e+01 0.0
3.000000000000000e+01 2.987500000000000e+01 0.0
3.150000000000000e+01 2.971875000000000e+01 0.0
3.300000000000000e+01 2.956250000000000e+01 0.0
3.450000000000000e+01 2.940625000000000e+01 0.0
3.600000000000000e+01 2.925000000000000e+01 0.0
3.750000000000000e+01 2.909375000000000e+01 0.0
3.900000000000000e+01 2.893750000000000e+01 0.0
4.050000000000000e+01 2.878125000000000e+01 0.0
4.200000000000000e+01 2.862500000000000e+01 0.0
4.350000000000000e+01 2.846875000000000e+01 0.0
4.500000000000000e+01 2.831250000000000e+01 0.0
4.650000000000000e+01 2.815625000000000e+01 0.0
4.800000000000000e+01 2.800000000000000e+01 0.0
0.000000000000000e+00 3.437500000000000e+01 0.0
1.500000000000000e+00 3.419140625000000e+01 0.0
3.000000000000000e+00 3.400781250000000e+01 0.0
4.500000000000000e+00 3.382421875000000e+01 0.0
6.000000000000000e+00 3.364062500000000e+01 0.0
7.500000000000000e+00 3.345703125000000e+01 0.0
9.000000000000000e+00 3.327343750000000e+01 0.0
1.050000000000000e+01 3.308984375000000e+01 0.0
1.200000000000000e+01 3.290625000000000e+01 0.0
1.350000000000000e+01 3.272265625000000e+01 0.0
1.500000000000000e+01 3.253906250000000e+01 0.0
1.650000000000000e+01 3.235546875000000e+01 0.0
1.800000000000000e+01 3.217187500000000e+01 0.0
1.950000000000000e+01 3.198828125000000e+01 0.0
2.100000000000000e+01 3.180468750000000e+01 0.0
2.250000000000000e+01 3.162109375000000e+01 0.0
2.400000000000000e+01 3.143750000000000e+01 0.0
2.550000000000000e+01 3.125390625000000e+01 0.0
2.700000000000000e+01 3.107031250000000e+01 0.0
2.850000000000000e+01 3.088671875000000e+01 0.0
3.000000000000000e+01 3.070312500000000e+01 0.0
3.150000000000000e+01 3.051953125000000e+01 0.0
3.300000000000000e+01 3.033593750000000e+01 0.0
3.450000000000000e+01 3.015234375000000e+01 0.0
3.600000000000000e+01 2.996875000000000e+01 0.0
3.750000000000000e+01 2.978515625000000e+01 0.0
3.900000000000000e+01 2.960156250000000e+01 0.0
4.050000000000000e+01 2.941796875000000e+01 0.0
4.200000000000000e+01 2.923437500000000e+01 0.0
4.350000000000000e+01 2.905078125000000e+01 0.0
4.500000000000000e+01 2.886718750000000e+01 0.0
4.650000000000000e+01 2.868359375000000e+01 0.0
4.800000000000000e+01 2.850000000000000e+01 0.0
0.000000000000000e+00 3.575000000000000e+01 0.0
1.500000000000000e+00 3.553906250000000e+01 0.0
3.000000000000000e+00 3.532812500000000e+01 0.0
4.500000000000000e+00 3.511718750000000e+01 0.0
6.000000000000000e+00 3.490625000000000e+01 0.0
7.500000000000000e+00 3.469531250000000e+01 0.0
9.000000000000000e+00 3.448437500000000e+01 0.0
1.050000000000000e+01 3.427343750000000e+01 0.0
1.200000000000000e+01 3.406250000000000e+01 0.0
1.350000000000000e+01 3.385156250000000e+01 0.0
1.500000000000000e+01 3.364062500000000e+01 0.0
1.650000000000000e+01 3.342968750000000e+01 0.0
1.800000000000000e+01 3.321875000000000e+01 0.0
1.950000000000000e+01 3.300781250000000e+01 0.0
2.100000000000000e+01 3.279687500000000e+01 0.0
2.250000000000000e+01 3.258593750000000e+01 0.0
2.400000000000000e+01 3.237500000000000e+01 0.0
2.550000000000000e+01 3.216406250000000e+01 0.0
2.700000000000000e+01 3.195312500000000e+01 0.0
2.850000000000000e+01 3.174218750000000e+01 0.0
3.000000000000000e+01 3.153125000000000e+01 0.0
3.150000000000000e+01 3.132031250000000e+01 0.0
3.300000000000000e+01 3.110937500000000e+01 0.0
3.450000000000000e+01 3.089843750000000e+01 0.0
3.600000000000000e+01 3.068750000000000e+01 0.0
3.750000000000000e+01 3.047656250000000e+01 0.0
3.900000000000000e+01 3.026562500000000e+01 0.0
4.050000000000000e+01 3.005468750000000e+01 0.0
4.200000000000000e+01 2.984375000000000e+01 0.0
4.350000000000000e+01 2.963281250000000e+01 0.0
4.500000000000000e+01 2.942187500000000e+01 0.0
4.650000000000000e+01 2.921093750000000e+01 0.0
4.800000000000000e+01 2.900000000000000e+01 0.0
0.000000000000000e+00 3.712500000000000e+01 0.0
1.500000000000000e+00 3.688671875000000e+01 0.0
3.000000000000000e+00 3.664843750000000e+01 0.0
4.500000000000000e+00 3.641015625000000e+01 0.0
6.000000000000000e+00 3.617187500000000e+01 0.0
7.500000000000000e+00 3.593359375000000e+01 0.0
9.000000000000000e+00 3.569531250000000e+01 0.0
1.050000000000000e+01 3.545703125000000e+01 0.0
1.200000000000000e+01 3.521875000000000e+01 0.0
1.350000000000000e+01 3.498046875000000e+01 0.0
1.500000000000000e+01 3.474218750000000e+01 0.0
1.650000000000000e+01 3.450390625000000e+01 0.0
1.800000000000000e+01 3.426562500000000e+01 0.0
1.950000000000000e+01 3.402734375000000e+01 0.0
2.100000000000000e+01 3.378906250000000e+01 0.0
2.250000000000000e+01 3.355078125000000e+01 0.0
2.400000000000000e+01 3.331250000000000e+01 0.0
2.550000000000000e+01 3.307421875000000e+01 0.0
2.700000000000000e+01 3.283593750000000e+01 0.0
2.850000000000000e+01 3.259765625000000e+01 0.0
3.000000000000000e+01 3.235937500000000e+01 0.0
3.150000000000000e+01 3.212109375000000e+01 0.0
3.300000000000000e+01 3.188281250000000e+01 0.0
3.450000000000000e+01 3.164453125000000e+01 0.0
3.600000000000000e+01 3.140625000000000e+01 0.0
3.750000000000000e+01 3.116796875000000e+01 0.0
3.900000000000000e+01 3.092968750000000e+01 0.0
4.050000000000000e+01 3.069140625000000e+01 0.0
4.200000000000000e+01 3.045312500000000e+01 0.0
4.350000000000000e+01 3.021484375000000e+01 0.0
4.500000000000000e+01 2.997656250000000e+01 0.0
4.650000000000000e+01 2.973828125000000e+01 0.0
4.800000000000000e+01 2.950000000000000e+01 0.0
0.000000000000000e+00 3.850000000000000e+01 0.0
1.500000000000000e+00 3.823437500000000e+01 0.0
3.000000000000000e+00 3.796875000000000e+01 0.0
4.500000000000000e+00 3.770312500000000e+01 0.0
6.000000000000000e+00 3.743750000000000e+01 0.0
7.500000000000000e+00 3.717187500000000e+01 0.0
9.000000000000000e+00 3.690625000000000e+01 0.0
1.050000000000000e+01 3.664062500000000e+01 0.0
1.200000000000000e+01 3.637500000000000e+01 0.0
1.350000000000000e+01 3.610937500000000e+01 0.0
1.500000000000000e+01 3.584375000000000e+01 0.0
1.650000000000000e+01 3.557812500000000e+01 0.0
1.800000000000000e+01 3.531250000000000e+01 0.0
1.950000000000000e+01 3.504687500000000e+01 0.0
2.100000000000000e+01 3.478125000000000e+01 0.0
2.250000000000000e+01 3.451562500000000e+01 0.0
2.400000000000000e+01 3.425000000000000e+01 0.0
2.550000000000000e+01 3.398437500000000e+01 0.0
2.700000000000000e+01 3.371875000000000e+01 0.0
2.850000000000000e+01 3.345312500000000e+01 0.0
3.000000000000000e+01 3.318750000000000e+01 0.0
3.150000000000000e+01 3.292187500000000e+01 0.0
3.300000000000000e+01 3.265625000000000e+01 0.0
3.450000000000000e+01 3.239062500000000e+01 0.0
3.600000000000000e+01 3.212500000000000e+01 0.0
3.750000000000000e+01 3.185937500000000e+01 0.0
3.900000000000000e+01 3.159375000000000e+01 0.0
4.050000000000000e+01 3.132812500000000e+01 0.0
4.200000000000000e+01 3.106250000000000e+01 0.0
4.350000000000000e+01 3.079687500000000e+01 0.0
4.500000000000000e+01 3.053125000000000e+01 0.0
4.650000000000000e+01 3.026562500000000e+01 0.0
4.800000000000000e+01 3.000000000000000e+01 0.0
0.000000000000000e+00 3.987500000000000e+01 0.0
1.500000000000000e+00 3.958203125000000e+01 0.0
3.000000000000000e+00 3.928906250000000e+01 0.0
4.500000000000000e+00 3.899609375000000e+01 0.0
6.000000000000000e+00 3.870312500000000e+01 0.0
7.500000000000000e+00 3.841015625000000e+01 0.0
9.000000000000000e+00 3.811718750000000e+01 0.0
1.050000000000000e+01 3.782421875000000e+01 0.0
1.200000000000000e+01 3.753125000000000e+01 0.0
1.350000000000000e+01 3.723828125000000e+01 0.0
1.500000000000000e+01 3.694531250000000e+01 0.0
1.650000000000000e+01 3.665234375000000e+01 0.0
1.800000000000000e+01 3.635937500000000e+01 0.0
1.950000000000000e+01 3.606640625000000e+01 0.0
2.100000000000000e+01 3.577343750000000e+01 0.0
2.250000000000000e+01 3.548046875000000e+01 0.0
2.400000000000000e+01 3.518750000000000e+01 0.0
2.550000000000000e+01 3.489453125000000e+01 0.0
2.700000000000000e+01 3.460156250000000e+01 0.0
2.850000000000000e+01 3.430859375000000e+01 0.0
3.000000000000000e+01 3.401562500000000e+01 0.0
3.150000000000000e+01 3.372265625000000e+01 0.0
3.300000000000000e+01 3.342968750000000e+01 0.0
3.450000000000000e+01 3.313671875000000e+01 0.0
3.600000000000000e+01 3.284375000000000e+01 0.0
3.750000000000000e+01 3.255078125000000e+01 0.0
3.900000000000000e+01 3.225781250000000e+01 0.0
4.050000000000000e+01 3.196484375000000e+01 0.0
4.200000000000000e+01 3.167187500000000e+01 0.0
4.350000000000000e+01 3.137890625000000e+01 0.0
4.500000000000000e+01 3.108593750000000e+01 0.0
4.650000000000000e+01 3.079296875000000e+01 0.0
4.800000000000000e+01 3.050000000000000e+01 0.0
0.000000000000000e+00 4.125000000000000e+01 0.0
1.500000000000000e+00 4.092968750000000e+01 0.0
3.000000000000000e+00 4.060937500000000e+01 0.0
4.500000000000000e+00 4.028906250000000e+01 0.0
6.000000000000000e+00 3.996875000000000e+01 0.0
7.500000000000000e+00 3.964843750000000e+01 0.0
9.000000000000000e+00 3.932812500000000e+01 0.0
1.050000000000000e+01 3.900781250000000e+01 0.0
1.200000000000000e+01 3.868750000000000e+01 0.0
1.350000000000000e+01 3.836718750000000e+01 0.0
1.500000000000000e+01 3.804687500000000e+01 0.0
1.650000000000000e+01 3.772656250000000e+01 0.0
1.800000000000000e+01 3.740625000000000e+01 0.0
1.950000000000000e+01 3.708593750000000e+01 0.0
2.100000000000000e+01 3.676562500000000e+01 0.0
2.250000000000000e+01 3.644531250000000e+01 0.0
2.400000000000000e+01 3.612500000000000e+01 0.0
2.550000000000000e+01 3.580468750000000e+01 0.0
2.700000000000000e+01 3.548437500000000e+01 0.0
2.850000000000000e+01 3.516406250000000e+01 0.0
3.000000000000000e+01 3.484375000000000e+01 0.0
3.150000000000000e+01 3.452343750000000e+01 0.0
3.300000000000000e+01 3.420312500000000e+01 0.0
3.450000000000000e+01 3.388281250000000e+01 0.0
3.600000000000000e+01 3.356250000000000e+01 0.0
3.750000000000000e+01 3.324218750000000e+01 0.0
3.900000000000000e+01 3.292187500000000e+01 0.0
4.050000000000000e+01 3.260156250000000e+01 0.0
4.200000000000000e+01 3.228125000000000e+01 0.0
4.350000000000000e+01 3.196093750000000e+01 0.0
4.500000000000000e+01 3.164062500000000e+01 0.0
4.650000000000000e+01 3.132031250000000e+01 0.0
4.800000000000000e+01 3.100000000000000e+01 0.0
0.000000000000000e+00 4.262500000000000e+01 0.0
1.500000000000000e+00 4.227734375000000e+01 0.0
3.000000000000000e+00 4.192968750000000e+01 0.0
4.500000000000000e+00 4.158203125000000e+01 0.0
6.000000000000000e+00 4.123437500000000e+01 0.0
7.500000000000000e+00 4.088671875000000e+01 0.0
9.000000000000000e+00 4.053906250000000e+01 0.0
1.050000000000000e+01 4.019140625000000e+01 0.0
1.200000000000000e+01 3.984375000000000e+01 0.0
1.350000000000000e+01 3.949609375000000e+01 0.0
1.500000000000000e+01 3.914843750000000e+01 0.0
1.650000000000000e+01 3.880078125000000e+01 0.0
1.800000000000000e+01 3.845312500000000e+01 0.0
1.950000000000000e+01 3.810546875000000e+01 0.0
2.100000000000000e+01 3.775781250000000e+01 0.0
2.250000000000000e+01 3.741015625000000e+01 0.0
2.400000000000000e+01 3.706250000000000e+01 0.0
2.550000000000000e+01 3.671484375000000e+01 0.0
2.700000000000000e+01 3.636718750000000e+01 0.0
2.850000000000000e+01 3.601953125000000e+01 0.0
3.000000000000000e+01 3.567187500000000e+01 0.0
3.150000000000000e+01 3.532421875000000e+01 0.0
3.300000000000000e+01 3.497656250000000e+01 0.0
3.450000000000000e+01 3.462890625000000e+01 0.0
3.600000000000000e+01 3.428125000000000e+01 0.0
3.750000000000000e+01 3.393359375000000e+01 0.0
3.900000000000000e+01 3.358593750000000e+01 0.0
4.050000000000000e+01 3.323828125000000e+01 0.0
4.200000000000000e+01 3.289062500000000e+01 0.0
4.350000000000000e+01 3.254296875000000e+01 0.0
4.500000000000000e+01 3.219531250000000e+01 0.0
4.650000000000000e+01 3.184765625000000e+01 0.0
4.800000000000000e+01 3.150000000000000e+01 0.0
0.000000000000000e+00 4.400000000000000e+01 0.0
1.500000000000000e+00 4.362500000000000e+01 0.0
3.000000000000000e+00 4.325000000000000e+01 0.0
4.500000000000000e+00 4.287500000000000e+01 0.0
6.000000000000000e+00 4.250000000000000e+01 0.0
7.500000000000000e+00 4.212500000000000e+01 0.0
9.000000000000000e+00 4.175000000000000e+01 0.0
1.050000000000000e+01 4.137500000000000e+01 0.0
1.200000000000000e+01 4.100000000000000e+01 0.0
1.350000000000000e+01 4.062500000000000e+01 0.0
1.500000000000000e+01 4.025000000000000e+01 0.0
1.650000000000000e+01 3.987500000000000e+01 0.0
1.800000000000000e+01 3.950000000000000e+01 0.0
1.950000000000000e+01 3.912500000000000e+01 0.0
2.100000000000000e+01 3.875000000000000e+01 0.0
2.250000000000000e+01 3.837500000000000e+01 0.0
2.400000000000000e+01 3.800000000000000e+01 0.0
2.550000000000000e+01 3.762500000000000e+01 0.0
2.700000000000000e+01 3.725000000000000e+01 0.0
2.850000000000000e+01 3.687500000000000e+01 0.0
3.000000000000000e+01 3.650000000000000e+01 0.0
3.150000000000000e+01 3.612500000000000e+01 0.0
3.300000000000000e+01 3.575000000000000e+01 0.0
3.450000000000000e+01 3.537500000000000e+01 0.0
3.600000000000000e+01 3.500000000000000e+01 0.0
3.750000000000000e+01 3.462500000000000e+01 0.0
3.900000000000000e+01 3.425000000000000e+01 0.0
4.050000000000000e+01 3.387500000000000e+01 0.0
4.200000000000000e+01 3.350000000000000e+01 0.0
4.350000000000000e+01 3.312500000000000e+01 0.0
4.500000000000000e+01 3.275000000000000e+01 0.0
4.650000000000000e+01 3.237500000000000e+01 0.0
4.800000000000000e+01 3.200000000000000e+01 0.0

CELLS 1024 5120
4 0 1 34 33
4 1 2 35 34
4 2 3 36 35
4 3 4 37 36
4 4 5 38 37
4 5 6 39 38
4 6 7 40 39
4 7 8 41 40
4 8 9 42 41
4 9 10 43 42
4 10 11 44 43
4 11 12 45 44
4 12 13 46 45
4 13 14 47 46
4 14 15 48 47
4 15 16 49 48
4 16 17 50 49
4 17 18 51 50
4 18 19 52 51
4 19 20 53 52
4 20 21 54 53
4 21 22 55 54
4 22 23 56 55
4 23 24 57 56
4 24 25 58 57
4 25 26 59 58
4 26 27 60 59
4 27 28 61 60
4 28 29 62 61
4 29 30 63 62
4 30 31 64 63
4 31 32 65 64
4 33 34 67 66
4 34 35 68 67
4 35 36 69 68
4 36 37 70 69
4 37 38 71 70
4 38 39 72 71
4 39 40 73 72
4 40 41 74 73
4 41 42 75 74
4 42 43 76 75
4 43 44 77 76
4 44 45 78 77
4 45 46 79 78
4 46 47 80 79
4 47 48 81 80
4 48 49 82 81
4 49 50 83 82
4 50 51 84 83
4 51 52 85 84
4 52 53 86 85
4 53 54 87 86
4 54 55 88 87
4 55 56 89 88
4 56 57 90 89
4 57 58 91 90
4 58 59 92 91
4 59 60 93 92
4 60 61 94 93
4 61 62 95 94
4 62 63 96 95
4 63 64 97 96
4 64 65 98 97
4 66 67 100 99
4 67 68 101 100
4 68 69 102 101
4 69 70 103 102
4 70 71 104 103
4 71 72 105 104
4 72 73 106 105
4 73 74 107 106
4 74 75 108 107
4 75 76 109 108
4 76 77 110 109
4 77 78 111 110
4 78 79 112 111
4 79 80 113 112
4 80 81 114 113
4 81 82 115 114
4 82 83 116 115
4 83 84 117 116
4 84 85 118 117
4 85 86 119 118
4 86 87 120 119
4 87 88 121 120
4 88 89 122 121
4 89 90 123 122
4 90 91 124 123
4 91 92 125 124
4 92 93 126 125
4 93 94 127 126
4 94 95 128 127
4 95 96 129 128
4 96 97 130 129
4 97 98 131 130
4 99 100 133 132
4 100 101 134 133
4 101 102 135 134
4 102 103 136 135
4 103 104 137 136
4 104 105 138 137
4 105 106 139 138
4 106 107 140 139
4 107 108 141 140
4 108 109 142 141
4 109 110 143 142
4 110 111 144 143
4 111 112 145 144
4 112 113 146 145
4 113 114 147 146
4 114 115 148 147
4 115 116 149 148
4 116 117 150 149
4 117 118 151 150
4 118 119 152 151
4 119 120 153 152
4 120 121 154 153
4 121 122 155 154
4 122 123 156 155
4 123 124 157 156
4 124 125 158 157
4 125 126 159 158
4 126 127 160 159
4 127 128 161 160
4 128 129 162 161
4 129 130 163 162
4 130 131 164 163
4 132 133 166 165
4 133 134 167 166
4 134 135 168 167
4 135 136 169 168
4 136 137 170 169
4 137 138 171 170
4 138 139 172 171
4 139 140 173 172
4 140 141 174 173
4 141 142 175 174
4 142 143 176 175
4 143 144 177 176
4 144 145 178 177
4 145 146 179 178
4 146 147 180 179
4 147 148 181 180
4 148 149 182 181
4 149 150 183 182
4 150 151 184 183
4 151 152 185 184
4 152 153 186 185
4 153 154 187 186
4 154 155 188 187
4 155 156 189 188
4 156 157 190 189
4 157 158 191 190
4 158 159 192 191
4 159 160 193 192
4 160 161 194 193
4 161 162 195 194
4 162 163 196 195
4 163 164 197 196
4 165 166 199 198
4 166 167 200 199
4 167 168 201 200
4 168 169 202 201
4 169 170 203 202
4 170 171 204 203
4 171 172 205 204
4 172 173 206 205
4 173 174 207 206
4 174 175 208 207
4 175 176 209 208
4 176 177 210 209
4 177 178 211 210
4 178 179 212 211
4 179 180 213 212
4 180 181 214 213
4 181 182 215 214
4 182 183 216 215
4 183 184 217 216
4 184 185 218 217
4 185 186 219 218
4 186 187 220 219
4 187 188 221 220
4 188 189 222 221
4 189 190 223 222
4 190 191 224 223
4 191 192 225 224
4 192 193 226 225
4 193 194 227 226
4 194 195 228 227
4 195 196 229 228
4 196 197 230 229
4 198 199 232 231
4 199 200 233 232
4 200 201 234 233
4 201 202 235 234
4 202 203 236 235
4 203 204 237 236
4 204 205 238 237
4 205 206 239 238
4 206 207 240 239
4 207 208 241 240
4 208 209 242 241
4 209 210 243 242
4 210 211 244 243
4 211 212 245 244
4 212 213 246 245
4 213 214 247 246
4 214 215 248 247
4 215 216 249 248
4 216 217 250 249
4 217 218 251 250
4 218 219 252 251
4 219 220 253 252
4 220 221 254 253
4 221 222 255 254
4 222 223 256 255
4 223 224 257 256
4 224 225 258 257
4 225 226 259 258
4 226 227 260 259
4 227 228 261 260
4 228 229 262 261
4 229 230 263 262
4 231 232 265 264
4 232 233 266 265
4 233 234 267 266
4 234 235 268 267
4 235 236 269 268
4 236 237 270 269
4 237 238 271 270
4 238 239 272 271
4 239 240 273 272
4 240 241 274 273
4 241 242 275 274
4 242 243 276 275
4 243 244 277 276
4 244 245 278 277
4 245 246 279 278
4 246 247 280 279
4 247 248 281 280
4 248 249 282 281
4 249 250 283 282
4 250 251 284 283
4 251 252 285 284
4 252 253 286 285
4 253 254 287 286
4 254 255 288 287
4 255 256 289 288
4 256 257 290 289
4 257 258 291 290
4 258 259 292 291
4 259 260 293 292
4 260 261 294 293
4 261 262 295 294
4 262 263 296 295
4 264 265 298 297
4 265 266 299 298
4 266 267 300 299
4 267 268 301 300
4 268 269 302 301
4 269 270 303 302
4 270 271 304 303
4 271 272 305 304
4 272 273 306 305
4 273 274 307 306
4 274 275 308 307
4 275 276 309 308
4 276 277 310 309
4 277 278 311 310
4 278 279 312 311
4 279 280 313 312
4 280 281 314 313
4 281 282 315 314
4 282 283 316 315
4 283 284 317 316
4 284 285 318 317
4 285 286 319 318
4 286 287 320 319
4 287 288 321 320
4 288 289 322 321
4 289 290 323 322
4 290 291 324 323
4 291 292 325 324
4 292 293 326 325
4 293 294 327 326
4 294 295 328 327
4 295 296 329 328
4 297 298 331 330
4 298 299 332 331
4 299 300 333 332
4 300 301 334 333
4 301 302 335 334
4 302 303 336 335
4 303 304 337 336
4 304 305 338 337
4 305 306 339 338
4 306 307 340 339
4 307 308 341 340
4 308 309 342 341
4 309 310 343 342
4 310 311 344 343
4 311 312 345 344
4 312 313 346 345
4 313 314 347 346
4 314 315 348 347
4 315 316 349 348
4 316 317 350 349
4 317 318 351 350
4 318 319 352 351
4 319 320 353 352
4 320 321 354 353
4 321 322 355 354
4 322 323 356 355
4 323 324 357 356
4 324 325 358 357
4 325 326 359 358
4 326 327 360 359
4 327 328 361 360
4 328 329 362 361
4 330 331 364 363
4 331 332 365 364
4 332 333 366 365
4 333 334 367 366
4 334 335 368 367
4 335 336 369 368
4 336 337 370 369
4 337 338 371 370
4 338 339 372 371
4 339 340 373 372
4 340 341 374 373
4 341 342 375 374
4 342 343 376 375
4 343 344 377 376
4 344 345 378 377
4 345 346 379 378
4 346 347 380 379
4 347 348 381 380
4 348 349 382 381
4 349 350 383 382
4 350 351 384 383
4 351 352 385 384
4 352 353 386 385
4 353 354 387 386
4 354 355 388 387
4 355 356 389 388
4 356 357 390 389
4 357 358 391 390
4 358 359 392 391
4 359 360 393 392
4 360 361 394 393
4 361 362 395 394
4 363 364 397 396
4 364 365 398 397
4 365 366 399 398
4 366 367 400 399
4 367 368 401 400
4 368 369 402 401
4 369 370 403 402
4 370 371 404 403
4 371 372 405 404
4 372 373 406 405
4 373 374 407 406
4 374 375 408 407
4 375 376 409 408
4 376 377 410 409
4 377 378 411 410
4 378 379 412 411
4 379 380 413 412
4 380 381 414 413
4 381 382 415 414
4 382 383 416 415
4 383 384 417 416
4 384 385 418 417
4 385 386 419 418
4 386 387 420 419
4 387 388 421 420
4 388 389 422 421
4 389 390 423 422
4 390 391 424 423
4 391 392 425 424
4 392 393 426 425
4 393 394 427 426
4 394 395 428 427
4 396 397 430 429
4 397 398 431 430
4 398 399 432 431
4 399 400 433 432
4 400 401 434 433
4 401 402 435 434
4 402 403 436 435
4 403 404 437 436
4 404 405 438 437
4 405 406 439 438
4 406 407 440 439
4 407 408 441 440
4 408 409 442 441
4 409 410 443 442
4 410 411 444 443
4 411 412 445 444
4 412 413 446 445
4 413 414 447 446
4 414 415 448 447
4 415 416 449 448
4 416 417 450 449
4 417 418 451 450
4 418 419 452 451
4 419 420 453 452
4 420 421 454 453
4 421 422 455 454
4 422 423 456 455
4 423 424 457 456
4 424 425 458 457
4 425 426 459 458
4 426 427 460 459
4 427 428 461 460
4 429 430 463 462
4 430 431 464 463
4 431 432 465 464
4 432 433 466 465
4 433 434 467 466
4 434 435 468 467
4 435 436 469 468
4 436 437 470 469
4 437 438 471 470
4 438 439 472 471
4 439 440 473 472
4 440 441 474 473
4 441 442 475 474
4 442 443 476 475
4 443 444 477 476
4 444 445 478 477
4 445 446 479 478
4 446 447 480 479
4 447 448 481 480
4 448 449 482 481
4 449 450 483 482
4 450 451 484 483
4 451 452 485 484
4 452 453 486 485
4 453 454 487 486
4 454 455 488 487
4 455 456 489 488
4 456 457 490 489
4 457 458 491 490
4 458 459 492 491
4 459 460 493 492
4 460 461 494 493
4 462 463 496 495
4 463 464 497 496
4 464 465 498 497
4 465 466 499 498
4 466 467 500 499
4 467 468 501 500
4 468 469 502 501
4 469 470 503 502
4 470 471 504 503
4 471 472 505 504
4 472 473 506 505
4 473 474 507 506
4 474 475 508 507
4 475 476 509 508
4 476 477 510 509
4 477 478 511 510
4 478 479 512 511
4 479 480 513 512
4 480 481 514 513
4 481 482 515 514
4 482 483 516 515
4 483 484 517 516
4 484 485 518 517
4 485 486 519 518
4 486 487 520 519
4 487 488 521 520
4 488 489 522 521
4 489 490 523 522
4 490 491 524 523
4 491 492 525 524
4 492 493 526 525
4 493 494 527 526
4 495 496 529 528
4 496 497 530 529
4 497 498 531 530
4 498 499 532 531
4 499 500 533 532
4 500 501 534 533
4 501 502 535 534
4 502 503 536 535
4 503 504 537 536
4 504 505 538 537
4 505 506 539 538
4 506 507 540 539
4 507 508 541 540
4 508 509 542 541
4 509 510 543 542
4 510 511 544 543
4 511 512 545 544
4 512 513 546 545
4 513 514 547 546
4 514 515 548 547
4 515 516 549 548
4 516 517 550 549
4 517 518 551 550
4 518 519 552 551
4 519 520 553 552
4 520 521 554 553
4 521 522 555 554
4 522 523 556 555
4 523 524 557 556
4 524 525 558 557
4 525 526 559 558
4 526 527 560 559
4 528 529 562 561
4 529 530 563 562
4 530 531 564 563
4 531 532 565 564
4 532 533 566 565
4 533 534 567 566
4 534 535 568 567
4 535 536 569 568
4 536 537 570 569
4 537 538 571 570
4 538 539 572 571
4 539 540 573 572
4 540 541 574 573
4 541 542 575 574
4 542 543 576 575
4 543 544 577 576
4 544 545 578 577
4 545 546 579 578
4 546 547 580 579
4 547 548 581 580
4 548 549 582 581
4 549 550 583 582
4 550 551 584 583
4 551 552 585 584
4 552 553 586 585
4 553 554 587 586
4 554 555 588 587
4 555 556 589 588
4 556 557 590 589
4 557 558 591 590
4 558 559 592 591
4 559 560 593 592
4 561 562 595 594
4 562 563 596 595
4 563 564 597 596
4 564 565 598 597
4 565 566 599 598
4 566 567 600 599
4 567 568 601 600
4 568 569 602 601
4 569 570 603 602
4 570 571 604 603
4 571 572 605 604
4 572 573 606 605
4 573 574 607 606
4 574 575 608 607
4 575 576 609 608
4 576 577 610 609
4 577 578 611 610
4 578 579 612 611
4 579 580 613 612
4 580 581 614 613
4 581 582 615 614
4 582 583 616 615
4 583 584 617 616
4 584 585 618 617
4 585 586 619 618
4 586 587 620 619
4 587 588 621 620
4 588 589 622 621
4 589 590 623 622
4 590 591 624 623
4 591 592 625 624
4 592 593 626 625
4 594 595 628 627
4 595 596 629 628
4 596 597 630 629
4 597 598 631 630
4 598 599 632 631
4 599 600 633 632
4 600 601 634 633
4 601 602 635 634
4 602 603 636 635
4 603 604 637 636
4 604 605 638 637
4 605 606 639 638
4 606 607 640 639
4 607 608 641 640
4 608 609 642 641
4 609 610 643 642
4 610 611 644 643
4 611 612 645 644
4 612 613 646 645
4 613 614 647 646
4 614 615 648 647
4 615 616 649 648
4 616 617 650 649
4 617 618 651 650
4 618 619 652 651
4 619 620 653 652
4 620 621 654 653
4 621 622 655 654
4 622 623 656 655
4 623 624 657 656
4 624 625 658 657
4 625 626 659 658
4 627 628 661 660
4 628 629 662 661
4 629 630 663 662
4 630 631 664 663
4 631 632 665 664
4 632 633 666 665
4 633 634 667 666
4 634 635 668 667
4 635 636 669 668
4 636 637 670 669
4 637 638 671 670
4 638 639 672 671
4 639 640 673 672
4 640 641 674 673
4 641 642 675 674
4 642 643 676 675
4 643 644 677 676
4 644 645 678 677
4 645 646 679 678
4 646 647 680 679
4 647 648 681 680
4 648 649 682 681
4 649 650 683 682
4 650 651 684 683
4 651 652 685 684
4 652 653 686 685
4 653 654 687 686
4 654 655 688 687
4 655 656 689 688
4 656 657 690 689
4 657 658 691 690
4 658 659 692 691
4 660 661 694 693
4 661 662 695 694
4 662 663 696 695
4 663 664 697 696
4 664 665 698 697
4 665 666 699 698
4 666 667 700 699
4 667 668 701 700
4 668 669 702 701
4 669 670 703 702
4 670 671 704 703
4 671 672 705 704
4 672 673 706 705
4 673 674 707 706
4 674 675 708 707
4 675 676 709 708
4 676 677 710 709
4 677 678 711 710
4 678 679 712 711
4 679 680 713 712
4 680 681 714 713
4 681 682 715 714
4 682 683 716 715
4 683 684 717 716
4 684 685 718 717
4 685 686 719 718
4 686 687 720 719
4 687 688 721 720
4 688 689 722 721
4 689 690 723 722
4 690 691 724 723
4 691 692 725 724
4 693 694 727 726
4 694 695 728 727
4 695 696 729 728
4 696 697 730 729
4 697 698 731 730
4 698 699 732 731
4 699 700 733 732
4 700 701 734 733
4 701 702 735 734
4 702 703 736 735
4 703 704 737 736
4 704 705 738 737
4 705 706 739 738
4 706 707 740 739
4 707 708 741 740
4 708 709 742 741
4 709 710 743 742
4 710 711 744 743
4 711 712 745 744
4 712 713 746 745
4 713 714 747 746
4 714 715 748 747
4 715 716 749 748
4 716 717 750 749
4 717 718 751 750
4 718 719 752 751
4 719 720 753 752
4 720 721 754 753
4 721 722 755 754
4 722 723 756 755
4 723 724 757 756
4 724 725 758 757
4 726 727 760 759
4 727 728 761 760
4 728 729 762 761
4 729 730 763 762
4 730 731 764 763
4 731 732 765 764
4 732 733 766 765
4 733 734 767 766
4 734 735 768 767
4 735 736 769 768
4 736 737 770 769
4 737 738 771 770
4 738 739 772 771
4 739 740 773 772
4 740 741 774 773
4 741 742 775 774
4 742 743 776 775
4 743 744 777 776
4 744 745 778 777
4 745 746 779 778
4 746 747 780 779
4 747 748 781 780
4 748 749 782 781
4 749 750 783 782
4 750 751 784 783
4 751 752 785 784
4 752 753 786 785
4 753 754 787 786
4 754 755 788 787
4 755 756 789 788
4 756 757 790 789
4 757 758 791 790
4 759 760 793 792
4 760 761 794 793
4 761 762 795 794
4 762 763 796 795
4 763 764 797 796
4 764 765 798 797
4 765 766 799 798
4 766 767 800 799
4 767 768 801 800
4 768 769 802 801
4 769 770 803 802
4 770 771 804 803
4 771 772 805 804
4 772 773 806 805
4 773 774 807 806
4 774 775 808 807
4 775 776 809 808
4 776 777 810 809
4 777 778 811 810
4 778 779 812 811
4 779 780 813 812
4 780 781 814 813
4 781 782 815 814
4 782 783 816 815
4 783 784 817 816
4 784 785 818 817
4 785 786 819 818
4 786 787 820 819
4 787 788 821 820
4 788 789 822 821
4 789 790 823 822
4 790 791 824 823
4 792 793 826 825
4 793 794 827 826
4 794 795 828 827
4 795 796 829 828
4 796 797 830 829
4 797 798 831 830
4 798 799 832 831
4 799 800 833 832
4 800 801 834 833
4 801 802 835 834
4 802 803 836 835
4 803 804 837 836
4 804 805 838 837
4 805 806 839 838
4 806 807 840 839
4 807 808 841 840
4 808 809 842 841
4 809 810 843 842
4 810 811 844 843
4 811 812 845 844
4 812 813 846 845
4 813 814 847 846
4 814 815 848 847
4 815 816 849 848
4 816 817 850 849
4 817 818 851 850
4 818 819 852 851
4 819 820 853 852
4 820 821 854 853
4 821 822 855 854
4 822 823 856 855
4 823 824 857 856
4 825 826 859 858
4 826 827 860 859
4 827 828 861 860
4 828 829 862 861
4 829 830 863 862
4 830 831 864 863
4 831 832 865 864
4 832 833 866 865
4 833 834 867 866
4 834 835 868 867
4 835 836 869 868
4 836 837 870 869
4 837 838 871 870
4 838 839 872 871
4 839 840 873 872
4 840 841 874 873
4 841 842 875 874
4 842 843 876 875
4 843 844 877 876
4 844 845 878 877
4 845 846 879 878
4 846 847 880 879
4 847 848 881 880
4 848 849 882 881
4 849 850 883 882
4 850 851 884 883
4 851 852 885 884
4 852 853 886 885
4 853 854 887 886
4 854 855 888 887
4 855 856 889 888
4 856 857 890 889
4 858 859 892 891
4 859 860 893 892
4 860 861 894 893
4 861 862 895 894
4 862 863 896 895
4 863 864 897 896
4 864 865 898 897
4 865 866 899 898
4 866 867 900 899
4 867 868 901 900
4 868 869 902 901
4 869 870 903 902
4 870 871 904 903
4 871 872 905 904
4 872 873 906 905
4 873 874 907 906
4 874 875 908 907
4 875 876 909 908
4 876 877 910 909
4 877 878 911 910
4 878 879 912 911
4 879 880 913 912
4 880 881 914 913
4 881 882 915 914
4 882 883 916 915
4 883 884 917 916
4 884 885 918 917
4 885 886 919 918
4 886 887 920 919
4 887 888 921 920
4 888 889 922 921
4 889 890 923 922
4 891 892 925 924
4 892 893 926 925
4 893 894 927 926
4 894 895 928 927
4 895 896 929 928
4 896 897 930 929
4 897 898 931 930
4 898 899 932 931
4 899 900 933 932
4 900 901 934 933
4 901 902 935 934
4 902 903 936 935
4 903 904 937 936
4 904 905 938 937
4 905 906 939 938
4 906 907 940 939
4 907 908 941 940
4 908 909 942 941
4 909 910 943 942
4 910 911 944 943
4 911 912 945 944
4 912 913 946 945
4 913 914 947 946
4 914 915 948 947
4 915 916 949 948
4 916 917 950 949
4 917 918 951 950
4 918 919 952 951
4 919 920 953 952
4 920 921 954 953
4 921 922 955 954
4 922 923 956 955
4 924 925 958 957
4 925 926 959 958
4 926 927 960 959
4 927 928 961 960
4 928 929 962 961
4 929 930 963 962
4 930 931 964 963
4 931 932 965 964
4 932 933 966 965
4 933 934 967 966
4 934 935 968 967
4 935 936 969 968
4 936 937 970 969
4 937 938 971 970
4 938 939 972 971
4 939 940 973 972
4 940 941 974 973
4 941 942 975 974
4 942 943 976 975
4 943 944 977 976
4 944 945 978 977
4 945 946 979 978
4 946 947 980 979
4 947 948 981 980
4 948 949 982 981
4 949 950 983 982
4 950 951 984 983
4 951 952 985 984
4 952 953 986 985
4 953 954 987 986
4 954 955 988 987
4 955 956 989 988
4 957 958 991 990
4 958 959 992 991
4 959 960 993 992
4 960 961 994 993
4 961 962 995 994
4 962 963 996 995
4 963 964 997 996
4 964 965 998 997
4 965 966 999 998
4 966 967 1000 999
4 967 968 1001 1000
4 968 969 1002 1001
4 969 970 1003 1002
4 970 971 1004 1003
4 971 972 1005 1004
4 972 973 1006 1005
4 973 974 1007 1006
4 974 975 1008 1007
4 975 976 1009 1008
4 976 977 1010 1009
4 977 978 1011 1010
4 978 979 1012 1011
4 979 980 1013 1012
4 980 981 1014 1013
4 981 982 1015 1014
4 982 983 1016 1015
4 983 984 1017 1016
4 984 985 1018 1017
4 985 986 1019 1018
4 986 987 1020 1019
4 987 988 1021 1020
4 988 989 1022 1021
4 990 991 1024 1023
4 991 992 1025 1024
4 992 993 1026 1025
4 993 994 1027 1026
4 994 995 1028 1027
4 995 996 1029 1028
4 996 997 1030 1029
4 997 998 1031 1030
4 998 999 1032 1031
4 999 1000 1033 1032
4 1000 1001 1034 1033
4 1001 1002 1035 1034
4 1002 1003 1036 1035
4 1003 1004 1037 1036
4 1004 1005 1038 1037
4 1005 1006 1039 1038
4 1006 1007 1040 1039
4 1007 1008 1041 1040
4 1008 1009 1042 1041
4 1009 1010 1043 1042
4 1010 1011 1044 1043
4 1011 1012 1045 1044
4 1012 1013 1046 1045
4 1013 1014 1047 1046
4 1014 1015 1048 1047
4 1015 1016 1049 1048
4 1016 1017 1050 1049
4 1017 1018 1051 1050
4 1018 1019 1052 1051
4 1019 1020 1053 1052
4 1020 1021 1054 1053
4 1021 1022 1055 1054
4 1023 1024 1057 1056
4 1024 1025 1058 1057
4 1025 1026 1059 1058
4 1026 1027 1060 1059
4 1027 1028 1061 1060
4 1028 1029 1062 1061
4 1029 1030 1063 1062
4 1030 1031 1064 1063
4 1031 1032 1065 1064
4 1032 1033 1066 1065
4 1033 1034 1067 1066
4 1034 1035 1068 1067
4 1035 1036 1069 1068
4 1036 1037 1070 1069
4 1037 1038 1071 1070
4 1038 1039 1072 1071
4 1039 1040 1073 1072
4 1040 1041 1074 1073
4 1041 1042 1075 1074
4 1042 1043 1076 1075
4 1043 1044 1077 1076
4 1044 1045 1078 1077
4 1045 1046 1079 1078
4 1046 1047 1080 1079
4 1047 1048 1081 1080
4 1048 1049 1082 1081
4 1049 1050 1083 1082
4 1050 1051 1084 1083
4 1051 1052 1085 1084
4 1052 1053 1086 1085
4 1053 1054 1087 1086
4 1054 1055 1088 1087

CELL_TYPES 1024
9
9
9
9
9
9
9
9
9
9
9
9
9
9
9
9
9
9
9
9
9
9
9
9
9
9
9
9
9
9
9
9
9
9
9
9
9
9
9
9
9
9
9
9
9
9
9
9
9
9
9
9
9
9
9
9
9
9
9
9
9
9
9
9
9
9
9
9
9
9
9
9
9
9
9
9
9
9
9
9
9
9
9
9
9
9
9
9
9
9
9
9
9
9
9
9
9
9
9
9
9
9
9
9
9
9
9
9
9
9
9
9
9
9
9
9
9
9
9
9
9
9
9
9
9
9
9
9
9
9
9
9
9
9
9
9
9
9
9
9
9
9
9
9
9
9
9
9
9
9
9
9
9
9
9
9
9
9
9
9
9
9
9
9
9
9
9
9
9
9
9
9
9
9
9
9
9
9
9
9
9
9
9
9
9
9
9
9
9
9
9
9
9
9
9
9
9
9
9
9
9
9
9
9
9
9
9
9
9
9
9
9
9
9
9
9
9
9
9
9
9
9
9
9
9
9
9
9
9
9
9
9
9
9
9
9
9
9
9
9
9
9
9
9
9
9
9
9
9
9
9
9
9
9
9
9
9
9
9
9
9
9
9
9
9
9
9
9
9
9
9
9
9
9
9
9
9
9
9
9
9
9
9
9
9
9
9
9
9
9
9
9
9
9
9
9
9
9
9
9
9
9
9
9
9
9
9
9
9
9
9
9
9
9
9
9
9
9
9
9
9
9
9
9
9
9
9
9
9
9
9
9
9
9
9
9
9
9
9
9
9
9
9
9
9
9
9
9
9
9
9
9
9
9
9
9
9
9
9
9
9
9
9
9
9
9
9
9
9
9
9
9
9
9
9
9
9
9
9
9
9
9
9
9
9
9
9
9
9
9
9
9
9
9
9
9
9
9
9
9
9
9
9
9
9
9
9
9
9
9
9
9
9
9
9
9
9
9
9
9
9
9
9
9
9
9
9
9
9
9
9
9
9
9
9
9
9
9
9
9
9
9
9
9
9
9
9
9
9
9
9
9
9
9
9
9
9
9
9
9
9
9
9
9
9
9
9
9
9
9
9
9
9
9
9
9
9
9
9
9
9
9
9
9
9
9
9
9
9
9
9
9
9
9
9
9
9
9
9
9
9
9
9
9
9
9
9
9
9
9
9
9
9
9
9
9
9
9
9
9
9
9
9
9
9
9
9
9
9
9
9
9
9
9
9
9
9
9
9
9
9
9
9
9
9
9
9
9
9
9
9
9
9
9
9
9
9
9
9
9
9
9
9
9
9
9
9
9
9
9
9
9
9
9
9
9
9
9
9
9
9
9
9
9
9
9
9
9
9
9
9
9
9
9
9
9
9
9
9
9
9
9
9
9
9
9
9
9
9
9
9
9
9
9
9
9
9
9
9
9
9
9
9
9
9
9
9
9
9
9
9
9
9
9
9
9
9
9
9
9
9
9
9
9
9
9
9
9
9
9
9
9
9
9
9
9
9
9
9
9
9
9
9
9
9
9
9
9
9
9
9
9
9
9
9
9
9
9
9
9
9
9
9
9
9
9
9
9
9
9
9
9
9
9
9
9
9
9
9
9
9
9
9
9
9
9
9
9
9
9
9
9
9
9
9
9
9
9
9
9
9
9
9
9
9
9
9
9
9
9
9
9
9
9
9
9
9
9
9
9
9
9
9
9
9
9
9
9
9
9
9
9
9
9
9
9
9
9
9
9
9
9
9
9
9
9
9
9
9
9
9
9
9
9
9
9
9
9
9
9
9
9
9
9
9
9
9
9
9
9
9
9
9
9
9
9
9
9
9
9
9
9
9
9
9
9
9
9
9
9
9
9
9
9
9
9
9
9
9
9
9
9
9
9
9
9
9
9
9
9
9
9
9
9
9
9
9
9
9
9
9
9
9
9
9
9
9
9
9
9
9
9
9
9
9
9
9
9
9
9
9
9
9
9
9
9
9
9
9
9
9
9
9
9
9
9
9
9
9
9
9
9
9
9
9
9
9
9
9
9
9
9
9
9
9
9
9
9
9
9
9
9
9
9
9
9
9
9
9
9
9
9
9
9
9
9
9
9
9
9
9
9
9
9
9
9
9
9
9
9
9
9
9
9
9
9
9
9
9
9
9
9
9
9
9
9
9
9
9
9
9
9
9
9
9
9
9
9
9
9
9
9
9
9
9
9
9
9
9
9
9
9
9
9
9
9
9
9
9
9
9
9
9
9
9
9
9
9
9
9
9
9
9
9
9
9
9
9
9
9
9
9
9
9
9
9
9
9
9
9
9
9
9
9
9
9
9
9
9
9
9
9
9
9

POINT_DATA 1089
VECTORS displacement double
0.000000000000000e+00 0.000000000000000e+00 0.0
6.672716103814035e-02 1.434998734188581e+00 0.0
2.262271778830973e-01 2.831475193820629e+00 0.0
4.528112285983922e-01 4.202798471958730e+00 0.0
7.319318995784548e-01 5.562379590106166e+00 0.0
1.052673536850605e+00 6.922429462174231e+00 0.0
1.406388198031594e+00 8.294073122971303e+00 0.0
1.785896718712115e+00 9.687469620520988e+00 0.0
2.185070260389085e+00 1.111195289297278e+01 0.0
2.598559423830009e+00 1.257615911197200e+01 0.0
3.021610995589545e+00 1.408814066623149e+01 0.0
3.449935877315556e+00 1.565546686948950e+01 0.0
3.879610483794112e+00 1.728531322565595e+01 0.0
4.307001032697020e+00 1.898454103852862e+01 0.0
4.728704405681480e+00 2.075976908828566e+01 0.0
5.141501607124709e+00 2.261743894711468e+01 0.0
5.542321328150131e+00 2.456387539539067e+01 0.0
5.928212110338749e+00 2.660534334020429e+01 0.0
6.296322330506669e+00 2.874810264829623e+01 0.0
6.643887826126704e+00 3.099846240038552e+01 0.0
6.968227542852278e+00 3.336283627860485e+01 0.0
7.266748188666695e+00 3.584780115108926e+01 0.0
7.536959606967319e+00 3.846016148071394e+01 0.0
7.776503543782886e+00 4.120702305838118e+01 0.0
7.983199852517381e+00 4.409588091192636e+01 0.0
8.155116235738763e+00 4.713472834441340e+01 0.0
8.290670905524003e+00 5.033219740873086e+01 0.0
8.388783005437938e+00 5.369774659668492e+01 0.0
8.449095850771725e+00 5.724192103865952e+01 0.0
8.472316572904697e+00 6.097672727373161e+01 0.0
8.460767741168810e+00 6.491620248816015e+01 0.0
8.419329404621905e+00 6.907732596864766e+01 0.0
8.357902781761322e+00 7.348189344039533e+01 0.0
0.000000000000000e+00 0.000000000000000e+00 0.0
4.465790347614608e-02 1.333402454765128e+00 0.0
1.736969605019983e-01 2.655636916756195e+00 0.0
3.690171331182481e-01 3.969423275362236e+00 0.0
6.168559676259856e-01 5.283843455526109e+00 0.0
9.066972032047400e-01 6.608392154212523e+00 0.0
1.229986934697269e+00 7.952339053150138e+00 0.0
1.579560924317236e+00 9.324475614591982e+00 0.0
1.949269151633583e+00 1.073308568307212e+01 0.0
2.333732614317375e+00 1.218597495737033e+01 0.0
2.728171446628115e+00 1.369052531680049e+01 0.0
3.128279256443412e+00 1.525375618334012e+01 0.0
3.530128056348903e+00 1.688238652704330e+01 0.0
3.930094813880327e+00 1.858289476107365e+01 0.0
4.324803967257783e+00 2.036157566337302e+01 0.0
4.711082341390084e+00 2.222459431968879e+01 0.0
5.085924216098569e+00 2.417803754550848e+01 0.0
5.446465217081044e+00 2.622796352242216e+01 0.0
5.789964397323415e+00 2.838045060204735e+01 0.0
6.113794471315765e+00 3.064164645568261e+01 0.0
6.415440740210929e+00 3.301781903392937e+01 0.0
6.692509877602102e+00 3.551541119989625e+01 0.0
6.942750514962788e+00 3.814110148044546e+01 0.0
7.164088581952348e+00 4.090187423896737e+01 0.0
7.354681782249466e+00 4.380510386090010e+01 0.0
7.512999689556596e+00 4.685865950087457e+01 0.0
7.637939179973733e+00 5.007103995995797e+01 0.0
7.728990196645598e+00 5.345155308605107e+01 0.0
7.786475574670218e+00 5.701056169733258e+01 0.0
7.811905973634805e+00 6.075983198457290e+01 0.0
7.808518277457503e+00 6.471303846815060e+01 0.0
7.782169358707076e+00 6.888654549706131e+01 0.0
7.742728110653239e+00 7.330040825000931e+01 0.0
0.000000000000000e+00 0.000000000000000e+00 0.0
3.829964425467520e-02 1.257599264438215e+00 0.0
1.470290913708501e-01 2.512746052049368e+00 0.0
3.166116410793636e-01 3.772447644908208e+00 0.0
5.362889859340289e-01 5.043270149984029e+00 0.0
7.967757885594956e-01 6.332955741569116e+00 0.0
1.090153795356152e+00 7.649309542486522e+00 0.0
1.409603091450178e+00 8.999970909283912e+00 0.0
1.749177740581831e+00 1.039229439168632e+01 0.0
2.103628350680213e+00 1.183332862101514e+01 0.0
2.468265965284689e+00 1.332983084964398e+01 0.0
2.838856194022904e+00 1.488829995300006e+01 0.0
3.211536106427232e+00 1.651501716445313e+01 0.0
3.582748395964720e+00 1.821608979086338e+01 0.0
3.949189092661917e+00 1.999749550971921e+01 0.0
4.307766304655015e+00 2.186512624793863e+01 0.0
4.655568364615146e+00 2.382483140152815e+01 0.0
4.989840440692584e+00 2.588246063730854e+01 0.0
5.307969239750290e+00 2.804390686535150e+01 0.0
5.607475949667246e+00 3.031515027930397e+01 0.0
5.886018095348660e+00 3.270230469695018e+01 0.0
6.141401576217099e+00 3.521166785339857e+01 0.0
6.371604876298802e+00 3.784977787165904e+01 0.0
6.574818375502462e+00 4.062347894785812e+01 0.0
6.749502960572962e+00 4.354000047204703e+01 0.0
6.894473906444192e+00 4.660705554937439e+01 0.0
7.009018535390220e+00 4.983296751896816e+01 0.0
7.093059785318088e+00 5.322683698067205e+01 0.0
7.147383094853572e+00 5.679876816207870e+01 0.0
7.173950319520138e+00 6.056018147071592e+01 0.0
7.176330301547097e+00 6.452425809246073e+01 0.0
7.160250359067791e+00 6.870654500205501e+01 0.0
7.133830750494284e+00 7.312589287939171e+01 0.0
0.000000000000000e+00 0.000000000000000e+00 0.0
3.296216221645077e-02 1.193001836152180e+00 0.0
1.277665099701874e-01 2.390939724178151e+00 0.0
2.766935239106914e-01 3.601622141232178e+00 0.0
4.718334812573388e-01 4.831918333592139e+00 0.0
7.054380382523633e-01 6.088561718819917e+00 0.0
9.705008055878191e-01 7.378391908329991e+00 0.0
1.260770828988127e+00 8.708155746912171e+00 0.0
1.570676727022953e+00 1.008443927574449e+01 0.0
1.895230143710414e+00 1.151363435201025e+01 0.0
2.229935300336092e+00 1.300193927488726e+01 0.0
2.570710637600129e+00 1.455537623242062e+01 0.0
2.913822954937396e+00 1.617981847435040e+01 0.0
3.255832914378806e+00 1.788102241872831e+01 0.0
3.593550544315519e+00 1.966466218161022e+01 0.0
3.923999603550965e+00 2.153636519954510e+01 0.0
4.244390007870380e+00 2.350174840052953e+01 0.0
4.552097892790472e+00 2.556645489282364e+01 0.0
4.844653264054633e+00 2.773619152796110e+01 0.0
5.119735581843181e+00 3.001676803136635e+01 0.0
5.375178057584538e+00 3.241413874453929e+01 0.0
5.608981944142392e+00 3.493444844156082e+01 0.0
5.819342709137713e+00 3.758408423243107e+01 0.0
6.004690743934554e+00 4.036973632587702e+01 0.0
6.163750231116788e+00 4.329847150752165e+01 0.0
6.295621023206175e+00 4.637782476449823e+01 0.0
6.399889884683861e+00 4.961591679452211e+01 0.0
6.476779070516475e+00 5.302160864565327e+01 0.0
6.527341269299190e+00 5.660470975607178e+01 0.0
6.553707550657884e+00 6.037626461315633e+01 0.0
6.559382912204855e+00 6.434895300708345e+01 0.0
6.549500465705287e+00 6.853767787673867e+01 0.0
6.530983155215586e+00 7.296059481007624e+01 0.0
0.000000000000000e+00 0.000000000000000e+00 0.0
2.899796660535814e-02 1.136935790050944e+00 0.0
1.124117869114607e-01 2.284736833890713e+00 0.0
2.441397375933750e-01 3.451878847450438e+00 0.0
4.177174035777666e-01 4.645253528707628e+00 0.0
6.267734529114530e-01 5.871289333370822e+00 0.0
8.652479590529708e-01 7.136207199430723e+00 0.0
1.127555579858056e+00 8.446115562985497e+00 0.0
1.408600720941609e+00 9.806993055609363e+00 0.0
1.703747326136224e+00 1.122468420398126e+01 0.0
2.008771095903291e+00 1.270490303420759e+01 0.0
2.319809225460356e+00 1.425324719494032e+01 0.0
2.633313350147798e+00 1.587521876877279e+01 0.0
2.946007965331997e+00 1.757624946001387e+01 0.0
3.254855053038405e+00 1.936172838491051e+01 0.0
3.557025084756264e+00 2.123703144550550e+01 0.0
3.849874431400272e+00 2.320755179114154e+01 0.0
4.130929280298976e+00 2.527873128940501e+01 0.0
4.397876338059323e+00 2.745609326963778e+01 0.0
4.648560849344064e+00 2.974527711916115e+01 0.0
4.880992775238227e+00 3.215207564915567e+01 0.0
5.093362355170310e+00 3.468247654975779e+01 0.0
5.284066733611654e+00 3.734270977864464e+01 0.0
5.451749876117402e+00 4.013930344719892e+01 0.0
5.595358623941507e+00 4.307915179217424e+01 0.0
5.714218396624688e+00 4.616960030374825e+01 0.0
5.808132589595114e+00 4.941855530461332e+01 0.0
5.877509731486843e+00 5.283462860782763e+01 0.0
5.923520761019530e+00 5.642733344619957e+01 0.0
5.948283630359479e+00 6.020735646719668e+01 0.0
5.955053328764196e+00 6.418695123649593e+01 0.0
5.948391276984103e+00 6.838054377353245e+01 0.0
5.934269866521796e+00 7.280580191256480e+01 0.0
0.000000000000000e+00 0.000000000000000e+00 0.0
2.558707604567670e-02 1.087642294348990e+00 0.0
9.930448571708002e-02 2.191319389430669e+00 0.0
2.159817906366763e-01 3.319769014130587e+00 0.0
3.702616089433247e-01 4.479949371166076e+00 0.0
5.567671588469957e-01 5.678081766724981e+00 0.0
7.702956560681489e-01 6.920025919412315e+00 0.0
1.005926243240423e+00 8.211434894403149e+00 0.0
1.259078624822180e+00 9.557822096632822e+00 0.0
1.525520413316046e+00 1.096458700798311e+01 0.0
1.801351138704107e+00 1.243703414022126e+01 0.0
2.082975453261382e+00 1.398039122068116e+01 0.0
2.367073248511564e+00 1.559982940143198e+01 0.0
2.650570585474778e+00 1.730048544299077e+01 0.0
2.930613522549900e+00 1.908748551937835e+01 0.0
3.204545968081385e+00 2.096597026354832e+01 0.0
3.469892251567267e+00 2.294112087277103e+01 0.0
3.724344955133798e+00 2.501818632129893e+01 0.0
3.965758560539452e+00 2.720251197215458e+01 0.0
4.192149585361739e+00 2.949957014152750e+01 0.0
4.401704075200028e+00 3.191499347261194e+01 0.0
4.592793571192421e+00 3.445461235441838e+01 0.0
4.764000972229980e+00 3.712449812522114e+01 0.0
4.914158040072617e+00 3.993101450112290e+01 0.0
5.042396611094286e+00 4.288088067741403e+01 0.0
5.148215783886155e+00 4.598125103971167e+01 0.0
5.231567250524492e+00 4.923981868214020e+01 0.0
5.292960083738438e+00 5.266495354120503e+01 0.0
5.333584100499485e+00 5.626589186860042e+01 0.0
5.355445428050087e+00 6.005300478219481e+01 0.0
5.361503553263970e+00 6.403819575867503e+01 0.0
5.355792656537080e+00 6.823552046255871e+01 0.0
5.343519618863787e+00 7.266228165691449e+01 0.0
0.000000000000000e+00 0.000000000000000e+00 0.0
2.258081140365532e-02 1.044191017024049e+00 0.0
8.765384937655335e-02 2.108948002080840e+00 0.0
1.907898479319989e-01 3.203122611763972e+00 0.0
3.274314837621852e-01 4.333668905470837e+00 0.0
4.930050466099261e-01 5.506672581610528e+00 0.0
6.830271687195414e-01 6.727737272350526e+00 0.0
8.931956776375356e-01 8.002191148564593e+00 0.0
1.119442611383216e+00 9.335190599989549e+00 0.0
1.357959127499895e+00 1.073177799204556e+01 0.0
1.605197966459804e+00 1.219691660784870e+01 0.0
1.857863467801580e+00 1.373551701938777e+01 0.0
2.112895324311416e+00 1.535246005353103e+01 0.0
2.367450244381646e+00 1.705261881149007e+01 0.0
2.618884084345910e+00 1.884088065100807e+01 0.0
2.864736087600016e+00 2.072216954183522e+01 0.0
3.102716335401687e+00 2.270146904414103e+01 0.0
3.330697250565612e+00 2.478384619243444e+01 0.0
3.546709899910432e+00 2.697447669165362e+01 0.0
3.748945856793099e+00 2.927867202293150e+01 0.0
3.935765474630224e+00 3.170190931674495e+01 0.0
4.105713560367480e+00 3.424986520403535e+01 0.0
4.257543599072073e+00 3.692845534656271e+01 0.0
4.390251834141800e+00 3.974388204728218e+01 0.0
4.503122596179105e+00 4.270269336777681e+01 0.0
4.595786201486498e+00 4.581185871977335e+01 0.0
4.668290335202772e+00 4.907886829768507e+01 0.0
4.721184876386447e+00 5.251186755474038e+01 0.0
4.755618186333375e+00 5.611984448187631e+01 0.0
4.773440674093388e+00 5.991289894473073e+01 0.0
4.777308877796283e+00 6.390264548824445e+01 0.0
4.770784523526997e+00 6.810284366873272e+01 0.0
4.758427644624226e+00 7.253050564646267e+01 0.0
0.000000000000000e+00 0.000000000000000e+00 0.0
1.983661303118565e-02 1.005958825078259e+00 0.0
7.700769133825737e-02 2.036477730407422e+00 0.0
1.676767361272032e-01 3.100424912813966e+00 0.0
2.879365014732125e-01 4.204718325524722e+00 0.0
4.338655485335945e-01 5.355326080678574e+00 0.0
6.015999444134981e-01 6.557660749291464e+00 0.0
7.873951303856377e-01 7.816803939960929e+00 0.0
9.876722680531357e-01 9.137635505320816e+00 0.0
1.199045197852399e+00 1.052491110239353e+01 0.0
1.418332007478171e+00 1.198331195117684e+01 0.0
1.642555258727463e+00 1.351747969735975e+01 0.0
1.868935408109443e+00 1.513204374295201e+01 0.0
2.094880772903378e+00 1.683164474214308e+01 0.0
2.317976500620229e+00 1.862095626250106e+01 0.0
2.535974277277399e+00 2.050470570404429e+01 0.0
2.746784042484406e+00 2.248769517381429e+01 0.0
2.948468696451001e+00 2.457482287156524e+01 0.0
3.139242638719263e+00 2.677110555621915e+01 0.0
3.317474927965310e+00 2.908170278235447e+01 0.0
3.481697864936521e+00 3.151194381272396e+01 0.0
3.630621849466560e+00 3.406735844174544e+01 0.0
3.763157419869337e+00 3.675371344788380e+01 0.0
3.878445413599998e+00 3.957705710203624e+01 0.0
3.975896141956490e+00 4.254377521680431e+01 0.0
4.055238274604452e+00 4.566066383030344e+01 0.0
4.116577693059429e+00 4.893502612876759e+01 0.0
4.160465782318198e+00 5.237480525436352e+01 0.0
4.187975605547967e+00 5.598877137961694e+01 0.0
4.200783280857983e+00 5.978679299891616e+01 0.0
4.201251745047194e+00 6.378024422085247e+01 0.0
4.192515460029075e+00 6.798264149146974e+01 0.0
4.178569584869066e+00 7.241075754390828e+01 0.0
0.000000000000000e+00 0.000000000000000e+00 0.0
1.728366202491366e-02 9.725193270199103e-01 0.0
6.708746752385847e-02 1.973104625355806e+00 0.0
1.460882931028727e-01 3.010591170616939e+00 0.0
2.509259971447762e-01 4.091838024234857e+00 0.0
3.782360113619483e-01 5.222707715522103e+00 0.0
5.246938799987636e-01 6.408458535357893e+00 0.0
6.870594499522682e-01 7.653978779473278e+00 0.0
8.622126098547422e-01 8.963929174396545e+00 0.0
1.047178324856472e+00 1.034283418314570e+01 0.0
1.239140873883002e+00 1.179514251965114e+01 0.0
1.435449483245145e+00 1.332526962564897e+01 0.0
1.633617833546090e+00 1.493762952466403e+01 0.0
1.831319887805522e+00 1.663666054317442e+01 0.0
2.026384036938812e+00 1.842684753273506e+01 0.0
2.216787142393773e+00 2.031274222102052e+01 0.0
2.400649711854511e+00 2.229898276819952e+01 0.0
2.576233204920824e+00 2.439031334810339e+01 0.0
2.741940315000406e+00 2.659160449995103e+01 0.0
2.896318991619614e+00 2.890787505656792e+01 0.0
3.038070931780843e+00 3.134431663380925e+01 0.0
3.166065257635680e+00 3.390632197472189e+01 0.0
3.279358086120140e+00 3.659951892068918e+01 0.0
3.377218655067642e+00 3.942981250272371e+01 0.0
3.459162563167841e+00 4.240343873457873e+01 0.0
3.524992467615028e+00 4.552703534873856e+01 0.0
3.574846224641352e+00 4.880773730349285e+01 0.0
3.609251975858897e+00 5.225330900144352e+01 0.0
3.629189156479792e+00 5.587233192418274e+01 0.0
3.636154163748331e+00 5.967447784051741e+01 0.0
3.632229833809663e+00 6.367091923224988e+01 0.0
3.620159655346445e+00 6.787496969085825e+01 0.0
3.603431365049113e+00 7.230320050982743e+01 0.0
0.000000000000000e+00 0.000000000000000e+00 0.0
1.487142469130696e-02 9.435629294706698e-01 0.0
5.770756117309103e-02 1.918242717129953e+00 0.0
1.256443614198126e-01 2.932815934127192e+00 0.0
2.158036258610690e-01 3.994072493892515e+00 0.0
3.253103073121301e-01 5.107777716294626e+00 0.0
4.513214293256557e-01 6.279061362188815e+00 0.0
5.910566428403178e-01 7.512655513934933e+00 0.0
7.418254394566962e-01 8.813044722613512e+00 0.0
9.010480778358662e-01 1.018456585230558e+01 0.0
1.066269633611479e+00 1.163147637560583e+01 0.0
1.235167772720825e+00 1.315800281127471e+01 0.0
1.405555646969214e+00 1.476837664004901e+01 0.0
1.575381468909984e+00 1.646686236218276e+01 0.0
1.742726261239292e+00 1.825778069960084e+01 0.0
1.905801074851345e+00 2.014552891224188e+01 0.0
2.062944765161299e+00 2.213459959614780e+01 0.0
2.212623242360838e+00 2.422959900567795e+01 0.0
2.353430982571046e+00 2.643526581155932e+01 0.0
2.484095498498171e+00 2.875649122281814e+01 0.0
2.603485409034313e+00 3.119834155014213e+01 0.0
2.710622702050814e+00 3.376608458122407e+01 0.0
2.804699735514186e+00 3.646522161410091e+01 0.0
2.885101448609779e+00 3.930152772437618e+01 0.0
2.951433135813613e+00 4.228110395068591e+01 0.0
3.003553955560745e+00 4.541044677146672e+01 0.0
3.041616104592247e+00 4.869654286021306e+01 0.0
3.066109325441630e+00 5.214700122664568e+01 0.0
3.077910247121216e+00 5.577024156635270e+01 0.0
3.078336166882589e+00 5.957576895489426e+01 0.0
3.069203573295960e+00 6.357458626049422e+01 0.0
3.052893274646585e+00 6.777983641441476e+01 0.0
3.032427005675360e+00 7.220791964594983e+01 0.0
0.000000000000000e+00 0.000000000000000e+00 0.0
1.256545773681256e-02 9.188596267190154e-01 0.0
4.873635546116272e-02 1.871453919385366e+00 0.0
1.060717115735037e-01 2.866490492244422e+00 0.0
1.821303978814951e-01 3.910687549259024e+00 0.0
2.744802972264000e-01 5.009722097087852e+00 0.0
3.807169319394473e-01 6.168615153377600e+00 0.0
4.984847824603355e-01 7.391970891597761e+00 0.0
6.254974359269568e-01 8.684130979279574e+00 0.0
7.595543463666150e-01 1.004927986206713e+01 0.0
8.985532210945715e-01 1.149151838172800e+01 0.0
1.040498087015539e+00 1.301491669960744e+01 0.0
1.183503682604559e+00 1.462355351513070e+01 0.0
1.325797142166345e+00 1.632154624549857e+01 0.0
1.465718011032645e+00 1.811307530931208e+01 0.0
1.601717586104266e+00 2.000240468883779e+01 0.0
1.732358474444134e+00 2.199390033766105e+01 0.0
1.856315153689274e+00 2.409204765005313e+01 0.0
1.972376220862428e+00 2.630146904567342e+01 0.0
2.079448936864048e+00 2.862694271177959e+01 0.0
2.176566609128727e+00 3.107342367417643e+01 0.0
2.262899296441077e+00 3.364606864931783e+01 0.0
2.337768256737224e+00 3.635026660202576e+01 0.0
2.400664479215374e+00 3.919167766705660e+01 0.0
2.451271536778420e+00 4.217628421016694e+01 0.0
2.489492862783549e+00 4.531045950155362e+01 0.0
2.515483412555667e+00 4.860106208821866e+01 0.0
2.529685562696902e+00 5.205556804718222e+01 0.0
2.532869114434833e+00 5.568225995173069e+01 0.0
2.526175540342401e+00 5.949050257855512e+01 0.0
2.511167315190842e+00 6.349115644975487e+01 0.0
2.489884515082393e+00 6.769722086649277e+01 0.0
2.464913239968013e+00 7.212495071503882e+01 0.0
0.000000000000000e+00 0.000000000000000e+00 0.0
1.033981999416441e-02 8.982361027342144e-01 0.0
4.007503026789398e-02 1.832407113244763e+00 0.0
8.716244002731459e-02 2.811150993793015e+00 0.0
1.495670118541808e-01 3.841117297019093e+00 0.0
2.252664831460886e-01 4.927904573195874e+00 0.0
3.122635285894962e-01 6.076442158539472e+00 0.0
4.086005276282230e-01 7.291229392074209e+00 0.0
5.123742749323601e-01 8.576492264342415e+00 0.0
6.217488840658766e-01 9.936292086094548e+00 0.0
7.349660034015371e-01 1.137460271498214e+01 0.0
8.503521240610087e-01 1.289536670915834e+01 0.0
9.663232544472201e-01 1.450253709152842e+01 0.0
1.081387522282903e+00 1.620010928419716e+01 0.0
1.194146402903118e+00 1.799214639309551e+01 0.0
1.303295299178533e+00 1.988280012079733e+01 0.0
1.407624166140392e+00 2.187632900297514e+01 0.0
1.506018813474898e+00 2.397711531103267e+01 0.0
1.597463452822431e+00 2.618968178797432e+01 0.0
1.681044993183723e+00 2.851870935784053e+01 0.0
1.755959528443807e+00 3.096905706526980e+01 0.0
1.821521403029948e+00 3.354578577443309e+01 0.0
1.877175179759180e+00 3.625418762470172e+01 0.0
1.922510762892589e+00 3.909982397367302e+01 0.0
1.957281847567552e+00 4.208857567572457e+01 0.0
1.981427780003571e+00 4.522671123771218e+01 0.0
1.995098841179942e+00 4.852098099234076e+01 0.0
1.998684949328176e+00 5.197874949147553e+01 0.0
1.992847879255901e+00 5.560818491184222e+01 0.0
1.978557407987643e+00 5.941853537271101e+01 0.0
1.957132432903745e+00 6.342054301778496e+01 0.0
1.930289204929055e+00 6.762708714982932e+01 0.0
1.900200692278430e+00 7.205430008889131e+01 0.0
0.000000000000000e+00 0.000000000000000e+00 0.0
8.174172575855733e-03 8.815621557909059e-01 0.0
3.164540087934704e-02 1.800852891252309e+00 0.0
6.875054939731259e-02 2.766446042440371e+00 0.0
1.178389600327276e-01 3.784929374674478e+00 0.0
1.772748722283146e-01 4.861833951822867e+00 0.0
2.454454025054431e-01 6.002013148399863e+00 0.0
3.207706934359185e-01 7.209881518446250e+00 0.0
4.017143857588352e-01 8.489572684583099e+00 0.0
4.867931699151247e-01 9.845050113472402e+00 0.0
5.745847001603429e-01 1.128018673425842e+01 0.0
6.637336082753075e-01 1.279882335088158e+01 0.0
7.529556996430903e-01 1.440481227094363e+01 0.0
8.410406525862590e-01 1.610205059374234e+01 0.0
9.268536751637035e-01 1.789450632037872e+01 0.0
1.009336629395090e+00 1.978623961077598e+01 0.0
1.087509135265676e+00 2.178142096025165e+01 0.0
1.160470139454278e+00 2.388434772547934e+01 0.0
1.227400391967298e+00 2.609946025229670e+01 0.0
1.287566227029325e+00 2.843135882450951e+01 0.0
1.340324996320661e+00 3.088482276177811e+01 0.0
1.385132453134735e+00 3.346483326145633e+01 0.0
1.421552333765643e+00 3.617660204322864e+01 0.0
1.449268326506129e+00 3.902560858530143e+01 0.0
1.468098561138387e+00 4.201764985367222e+01 0.0
1.478012701115393e+00 4.515890810973821e+01 0.0
1.479151694752704e+00 4.845604496156297e+01 0.0
1.471850271790783e+00 5.191633385364042e+01 0.0
1.456662403262407e+00 5.554784973210572e+01 0.0
1.434390236736911e+00 5.935974566658714e+01 0.0
1.406117551747183e+00 6.336266708756207e+01 0.0
1.373249649242519e+00 6.756939465375569e+01 0.0
1.337563038069006e+00 7.199595896849033e+01 0.0
0.000000000000000e+00 0.000000000000000e+00 0.0
6.051670484528240e-03 8.687421162014821e-01 0.0
2.338251448514785e-02 1.776607604922158e+00 0.0
5.069712428427046e-02 2.732115741081723e+00 0.0
8.671425880076979e-02 3.741801979086378e+00 0.0
1.301684468568150e-01 4.811141801661372e+00 0.0
1.798152582862511e-01 5.944927735307449e+00 0.0
2.344380908546143e-01 7.147507817493214e+00 0.0
2.928552976874738e-01 8.422944159030237e+00 0.0
3.539268301295039e-01 9.775125011682283e+00 0.0
4.165598953154266e-01 1.120784593096995e+01 0.0
4.797134085925424e-01 1.272486969989758e+01 0.0
5.424012537934605e-01 1.432997124749996e+01 0.0
6.036945331618381e-01 1.602697190275724e+01 0.0
6.627230961475856e-01 1.781976611546104e+01 0.0
7.186766903921088e-01 1.971234298521206e+01 0.0
7.708060935726215e-01 2.170880441573303e+01 0.0
8.184245746348756e-01 2.381338138167351e+01 0.0
8.609100083587093e-01 2.603044962102514e+01 0.0
8.977079352907750e-01 2.836454603117982e+01 0.0
9.283358237447883e-01 3.082038715188955e+01 0.0
9.523887533101461e-01 3.340289138119847e+01 0.0
9.695467006617928e-01 3.611720703053626e+01 0.0
9.795835695125107e-01 3.896874905067685e+01 0.0
9.823780707848505e-01 4.196324836652565e+01 0.0
9.779265343921241e-01 4.510681943157716e+01 0.0
9.663577347551655e-01 4.840605417530882e+01 0.0
9.479498606571769e-01 5.186815452002433e+01 0.0
9.231498876202476e-01 5.550112215027167e+01 0.0
8.925958579168555e-01 5.931403521907153e+01 0.0
8.571429913495268e-01 6.331746250368005e+01 0.0
8.178952077233262e-01 6.752410582622362e+01 0.0
7.762447203783625e-01 7.194991362919509e+01 0.0
0.000000000000000e+00 0.000000000000000e+00 0.0
3.957718052943844e-03 8.597094048161911e-01 0.0
1.522989901754745e-02 1.759543147676321e+00 0.0
3.288074644592798e-02 2.707978116731687e+00 0.0
5.598863561906692e-02 3.711508674689902e+00 0.0
8.364774312604735e-02 4.775567352689196e+00 0.0
1.149715065969760e-01 5.904900692041237e+00 0.0
1.490968563243245e-01 7.103807461266379e+00 0.0
1.851885938280819e-01 8.376297605628762e+00 0.0
2.224434652469454e-01 9.726205084395527e+00 0.0
2.600936451525998e-01 1.115726997115686e+01 0.0
2.974095026870782e-01 1.267319931048677e+01 0.0
3.337016559122318e-01 1.427771284300990e+01 0.0
3.683224232987807e-01 1.597457786862526e+01 0.0
4.006668500310197e-01 1.776763635172167e+01 0.0
4.301735248189574e-01 1.966082661384653e+01 0.0
4.563254164939604e-01 2.165820145558359e+01 0.0
4.786509563272567e-01 2.376394423025364e+01 0.0
4.967255781597155e-01 2.598238422214311e+01 0.0
5.101739088131032e-01 2.831801264709555e+01 0.0
5.186727787922532e-01 3.077550069676658e+01 0.0
5.219551996107022e-01 3.335972130809461e+01 0.0
5.198154302928268e-01 3.607577679656821e+01 0.0
5.121152333423648e-01 3.892903521337155e+01 0.0
4.987914029451638e-01 4.192517938681168e+01 0.0
4.798646414432476e-01 4.507027427214164e+01 0.0
4.554498741549163e-01 4.837086078263082e+01 0.0
4.257681421530468e-01 5.183408825900614e+01 0.0
3.911603176243817e-01 5.546790421678693e+01 0.0
3.521030725296860e-01 5.928133098391100e+01 0.0
3.092278317576293e-01 6.328487963786070e+01 0.0
2.633439030436075e-01 6.749119191921260e+01 0.0
2.154677158613004e-01 7.191615278376867e+01 0.0
0.000000000000000e+00 0.000000000000000e+00 0.0
1.879103220599796e-03 8.544231058213337e-01 0.0
7.136330420474631e-03 1.749580497270395e+00 0.0
1.519086756265076e-02 2.693920453171184e+00 0.0
2.547513758594909e-02 3.693908568363109e+00 0.0
3.743692230327383e-02 4.754947561799384e+00 0.0
5.054151643298098e-02 5.881752783777530e+00 0.0
6.427386307654415e-02 7.078590438508670e+00 0.0
7.814053480311774e-02 8.349436792400928e+00 0.0
9.167144563579177e-02 9.698091426883934e+00 0.0
1.044212240157149e-01 1.112825981848028e+01 0.0
1.159702300663041e-01 1.264361465982036e+01 0.0
1.259252503174695e-01 1.424784197521650e+01 0.0
1.339199425115724e-01 1.594467626526031e+01 0.0
1.396151296860877e-01 1.773792777011658e+01 0.0
1.426990567825491e-01 1.963150419907689e+01 0.0
1.428877269955343e-01 2.162942878111492e+01 0.0
1.399254319210322e-01 2.373585617810209e+01 0.0
1.335855821357552e-01 2.595508763495465e+01 0.0
1.236719352929307e-01 2.829158670641246e+01 0.0
1.100203086202942e-01 3.074999700270518e+01 0.0
9.250085281317380e-02 3.333516365511254e+01 0.0
7.102095554072900e-02 3.605216065749881e+01 0.0
4.552883630820766e-02 3.890632695873060e+01 0.0
1.601789233992476e-02 4.190331527728355e+01 0.0
-1.746813900128791e-02 4.504915926715869e+01 0.0
-5.482911638495798e-02 4.835036720443133e+01 0.0
-9.590140357311117e-02 5.181405433654656e+01 0.0
-1.404495526431183e-01 5.544813250447176e+01 0.0
-1.881564435487884e-01 5.926158660400262e+01 0.0
-2.386113786551401e-01 6.326488823036600e+01 0.0
-2.912953569301835e-01 6.747063709617247e+01 0.0
-3.455623318655788e-01 7.189467274529164e+01 0.0
0.000000000000000e+00 0.000000000000000e+00 0.0
-1.966246291394880e-04 8.528659391439415e-01 0.0
-9.465310232386593e-04 1.746685877889012e+00 0.0
-2.477081663378860e-03 2.689894106366420e+00 0.0
-5.003656464244194e-03 3.688940378711365e+00 0.0
-8.726848945761182e-03 4.749211054889859e+00 0.0
-1.383141648601264e-02 5.875405114933797e+00 0.0
-2.048605980135988e-02 7.071772689598270e+00 0.0
-2.884370468198856e-02 8.342274473135703e+00 0.0
-3.904207679186875e-02 9.690695120728407e+00 0.0
-5.120442682390924e-02 1.112072592610675e+01 0.0
-6.544030253203509e-02 1.263602619672554e+01 0.0
-8.184629298465912e-02 1.424026938114847e+01 0.0
-1.005066925510324e-01 1.593717818490723e+01 0.0
-1.214940493493946e-01 1.773055176793516e+01 0.0
-1.448695758449846e-01 1.962428737599964e+01 0.0
-1.706834084808892e-01 2.162239826647887e+01 0.0
-1.989747091238157e-01 2.372902947583517e+01 0.0
-2.297716041432998e-01 2.594847280834705e+01 0.0
-2.630909574811592e-01 2.828518239048443e+01 0.0
-2.989379723518157e-01 3.074379223720257e+01 0.0
-3.373056123174855e-01 3.332913753457836e+01 0.0
-3.781738263149536e-01 3.604628179768218e+01 0.0
-4.215085534405387e-01 3.890055278065521e+01 0.0
-4.672604713890446e-01 4.189759111121511e+01 0.0
-5.153634365604207e-01 4.504341727780177e+01 0.0
-5.657325427878976e-01 4.834452513491122e+01 0.0
-6.182616977226767e-01 5.180801406087364e+01 0.0
-6.728205786621347e-01 5.544177836476865e+01 0.0
-7.292507795771228e-01 5.925478348835308e+01 0.0
-7.873608934966488e-01 6.325747931798436e+01 0.0
-8.469201825081738e-01 6.746244115625503e+01 0.0
-9.076503772297768e-01 7.188548081787411e+01 0.0
0.000000000000000e+00 0.000000000000000e+00 0.0
-2.281653797864977e-03 8.550432860347160e-01 0.0
-9.066038712758503e-03 1.750868904793945e+00 0.0
-2.022565142711195e-02 2.695911984514084e+00 0.0
-3.562200659859013e-02 3.696619541519620e+00 0.0
-5.510220093814324e-02 4.758375162981054e+00 0.0
-7.849903269605339e-02 5.885876366029867e+00 0.0
-1.056327666508173e-01 7.083373744477943e+00 0.0
-1.363137471905615e-01 8.354830543759071e+00 0.0
-1.703453205066676e-01 9.704035946564188e+00 0.0
-2.075267068807244e-01 1.113468747971723e+01 0.0
-2.476555978776762e-01 1.265045204419468e+01 0.0
-2.905303625487237e-01 1.425501168261573e+01 0.0
-3.359518317653796e-01 1.595209835944610e+01 0.0
-3.837246914807059e-01 1.774552086885675e+01 0.0
-4.336585558594705e-01 1.963918623120352e+01 0.0
-4.855688134223187e-01 2.163711743751987e+01 0.0
-5.392773476626960e-01 2.374346908222513e+01 0.0
-5.946132318465545e-01 2.596254225284956e+01 0.0
-6.514134888621752e-01 2.829880000864616e+01 0.0
-7.095239930359405e-01 3.075688488131645e+01 0.0
-7.688005728891332e-01 3.334164008951292e+01 0.0
-8.291103524896680e-01 3.605813661411611e+01 0.0
-8.903333448661456e-01 3.891170900074304e+01 0.0
-9.523642848669925e-01 4.190800385314216e+01 0.0
-1.015114662734045e+00 4.505304663965148e+01 0.0
-1.078514896635768e+00 4.835333497528436e+01 0.0
-1.142516567043784e+00 5.181597051405765e+01 0.0
-1.207094633978089e+00 5.544884805168753e+01 0.0
-1.272249576694440e+00 5.926093139010590e+01 0.0
-1.338009443183324e+00 6.326266628508200e+01 0.0
-1.404431886408998e+00 6.746662103159370e+01 0.0
-1.471606463356767e+00 7.188859717305543e+01 0.0
0.000000000000000e+00 0.000000000000000e+00 0.0
-4.388359475815650e-03 8.609831000637365e-01 0.0
-1.727027420916514e-02 1.762182397853031e+00 0.0
-3.815896463039894e-02 2.712048286107303e+00 0.0
-6.655682416113368e-02 3.717037915403036e+00 0.0
-1.019516481936081e-01 4.782545647393801e+00 0.0
-1.438182624345390e-01 5.913282587252933e+00 0.0
-1.916226033051472e-01 7.113516621855077e+00 0.0
-2.448269397415062e-01 8.387232068279586e+00 0.0
-3.028953419327121e-01 9.738242541466114e+00 0.0
-3.652988124272730e-01 1.117027267691575e+01 0.0
-4.315197388756126e-01 1.268701838105001e+01 0.0
-5.010555266202119e-01 1.429219184377400e+01 0.0
-5.734214216682022e-01 1.598955566413518e+01 0.0
-6.481526402505898e-01 1.778294924214556e+01 0.0
-7.248059856421932e-01 1.967630980735226e+01 0.0
-8.029611641068319e-01 2.167368993354821e+01 0.0
-8.822220188428679e-01 2.377927305787251e+01 0.0
-9.622178913848491e-01 2.599738834490800e+01 0.0
-1.042605299847019e+00 2.833252619705783e+01 0.0
-1.123070096210416e+00 3.078935581376511e+01 0.0
-1.203330232379874e+00 3.337274646191550e+01 0.0
-1.283139227815062e+00 3.608779457742498e+01 0.0
-1.362290391051639e+00 3.893985954089187e+01 0.0
-1.440621805390068e+00 4.193461207227634e+01 0.0
-1.518022049716385e+00 4.507810085491217e+01 0.0
-1.594436596296722e+00 4.837684554858497e+01 0.0
-1.669874819711674e+00 5.183796833455907e+01 0.0
-1.744417579959009e+00 5.546938261325094e+01 0.0
-1.818225426826223e+00 5.928006843864548e+01 0.0
-1.891547635691994e+00 6.328048505437688e+01 0.0
-1.964732559777164e+00 6.748321113872184e+01 0.0
-2.038240300288850e+00 7.190405534823883e+01 0.0
0.000000000000000e+00 0.000000000000000e+00 0.0
-6.529766331436077e-03 8.707366668821035e-01 0.0
-2.560981295812641e-02 1.780723792945508e+00 0.0
-5.638641572700097e-02 2.738440400443727e+00 0.0
-9.799365632920723e-02 3.750365981993919e+00 0.0
-1.495499141289753e-01 4.821919012168003e+00 0.0
-2.101616741317818e-01 5.957839461853771e+00 0.0
-2.789305544199943e-01 7.162429923489566e+00 0.0
-3.549616483823995e-01 8.439715130264544e+00 0.0
-4.373718821952690e-01 9.793553976858673e+00 0.0
-5.252975688624880e-01 1.122772003514738e+01 0.0
-6.179007211156635e-01 1.274596050690232e+01 0.0
-7.143739933204297e-01 1.435204003327608e+01 0.0
-8.139443465444631e-01 1.604977382173571e+01 0.0
-9.158756778578876e-01 1.784305329210114e+01 0.0
-1.019470735373301e+00 1.973586661602230e+01 0.0
-1.124072671866895e+00 2.173231597419083e+01 0.0
-1.229066587736244e+00 2.383663300825559e+01 0.0
-1.333881391575302e+00 2.605319375955081e+01 0.0
-1.437992272261213e+00 2.838653434567270e+01 0.0
-1.540924034780047e+00 3.084136872841661e+01 0.0
-1.642255504749214e+00 3.342261018904527e+01 0.0
-1.741625153884397e+00 3.613539858816568e+01 0.0
-1.838738040716577e+00 3.898513621533182e+01 0.0
-1.933374099799422e+00 4.197753614273575e+01 0.0
-2.025397754402462e+00 4.511868867323634e+01 0.0
-2.114768783949084e+00 4.841515403723869e+01 0.0
-2.201554366974046e+00 5.187409349549566e+01 0.0
-2.285942269602036e+00 5.550345750568278e+01 0.0
-2.368255291812259e+00 5.931226059825796e+01 0.0
-2.448967361437008e+00 6.331099341181390e+01 0.0
-2.528722134257385e+00 6.751226260195502e+01 0.0
-2.608355810079746e+00 7.193190140657157e+01 0.0
0.000000000000000e+00 0.000000000000000e+00 0.0
-8.720090180285278e-03 8.843802967206678e-01 0.0
-3.413978437113891e-02 1.806638302242713e+00 0.0
-7.502696853448879e-02 2.775293161083122e+00 0.0
-1.301335984810625e-01 3.796857739554010e+00 0.0
-1.981934780006860e-01 4.876787584395895e+00 0.0
-2.779293586374642e-01 6.019867183742807e+00 0.0
-3.680639376215556e-01 7.230452224374295e+00 0.0
-4.673321069132055e-01 8.512628568375105e+00 0.0
-5.744926881227698e-01 9.870322780537458e+00 0.0
-6.883385945302333e-01 1.130738072631122e+01 0.0
-8.077049375529227e-01 1.282762457269192e+01 0.0
-9.314750299048674e-01 1.443489486518069e+01 0.0
-1.058584539171408e+00 1.613308227879161e+01 0.0
-1.188024220138422e+00 1.792615229091200e+01 0.0
-1.318841734655332e+00 1.981816513565110e+01 0.0
-1.450143082529642e+00 2.181329281328498e+01 0.0
-1.581094143552559e+00 2.391583456413201e+01 0.0
-1.710922787406230e+00 2.613023202609937e+01 0.0
-1.838921955912249e+00 2.846108525521737e+01 0.0
-1.964454065281785e+00 3.091317089469750e+01 0.0
-2.086957014933067e+00 3.349146404494434e+01 0.0
-2.205952022013228e+00 3.620116585286679e+01 0.0
-2.321053424956011e+00 3.904773957218553e+01 0.0
-2.431980515669058e+00 4.203695896374180e+01 0.0
-2.538571374454009e+00 4.517497459354243e+01 0.0
-2.640798609584502e+00 4.846840617035954e+01 0.0
-2.738786871996818e+00 5.192447309536568e+01 0.0
-2.832832065398948e+00 5.555118193290690e+01 0.0
-2.923422357532084e+00 5.935760053966276e+01 0.0
-3.011261486218843e+00 6.335426943607330e+01 0.0
-3.097295528791411e+00 6.755384130659989e+01 0.0
-3.182745520866974e+00 7.197219170857704e+01 0.0
0.000000000000000e+00 0.000000000000000e+00 0.0
-1.097543875875138e-02 9.020181728372294e-01 0.0
-4.292253576646910e-02 1.840124229127187e+00 0.0
-9.421466999251217e-02 2.822885966100968e+00 0.0
-1.632020751634573e-01 3.856858828023364e+00 0.0
-2.482125493554690e-01 4.947547850116181e+00 0.0
-3.475636235424698e-01 6.099798338779999e+00 0.0
-4.595790718771677e-01 7.318039030053504e+00 0.0
-5.826061980220366e-01 8.606439754382547e+00 0.0
-7.150315574545867e-01 9.969019468062648e+00 0.0
-8.552938707429933e-01 1.140972193613581e+01 0.0
-1.001893695199411e+00 1.293246993208091e+01 0.0
-1.153400028095764e+00 1.454120495095947e+01 0.0
-1.308454370821104e+00 1.623991717764319e+01 0.0
-1.465772962130793e+00 1.803266897914655e+01 0.0
-1.624147934100449e+00 1.992361422550991e+01 0.0
-1.782448117538850e+00 2.191701512149663e+01 0.0
-1.939620161110704e+00 2.401725785501018e+01 0.0
-2.094690555285024e+00 2.622886817984283e+01 0.0
-2.246769079212140e+00 2.855652801763854e+01 0.0
-2.395054118127984e+00 3.100509427822578e+01 0.0
-2.538840227602515e+00 3.357962137103024e+01 0.0
-2.677528242749206e+00 3.628538935114674e+01 0.0
-2.810638138806059e+00 3.912794038148094e+01 0.0
-2.937824740534295e+00 4.211312731621006e+01 0.0
-3.058896254908597e+00 4.524717991194548e+01 0.0
-3.173835481302558e+00 4.853679677949479e+01 0.0
-3.282823471011274e+00 5.198927525609231e+01 0.0
-3.386265424098399e+00 5.561269796570800e+01 0.0
-3.484818808348947e+00 5.941620592617728e+01 0.0
-3.579424170341526e+00 6.341040897759738e+01 0.0
-3.671340004240781e+00 6.760802467492263e+01 0.0
-3.762184678729876e+00 7.202498914970069e+01 0.0
0.000000000000000e+00 0.000000000000000e+00 0.0
-1.331480869810176e-02 9.237867747972455e-01 0.0
-5.203135827242849e-02 1.881441194221064e+00 0.0
-1.141062945249479e-01 2.881583716444439e+00 0.0
-1.974608359677639e-01 3.930818863886952e+00 0.0
-2.999871612526118e-01 5.034712916665207e+00 0.0
-4.195683636335263e-01 6.198189465449523e+00 0.0
-5.541028046977987e-01 7.425772757679590e+00 0.0
-7.015279299032211e-01 8.721742667590314e+00 0.0
-8.598406653342757e-01 1.009023867911018e+01 0.0
-1.027113026499809e+00 1.153533123382572e+01 0.0
-1.201502819819997e+00 1.306107203295185e+01 0.0
-1.381260036582581e+00 1.467153064806882e+01 0.0
-1.564729935971149e+00 1.637082229799636e+01 0.0
-1.750353916452804e+00 1.816313000978196e+01 0.0
-1.936669237474102e+00 2.005272334213927e+01 0.0
-2.122308544816039e+00 2.204397520037568e+01 0.0
-2.306000031831792e+00 2.414137789964352e+01 0.0
-2.486568957723784e+00 2.634955946025007e+01 0.0
-2.662941150732915e+00 2.867330110347421e+01 0.0
-2.834149045297533e+00 3.111755704490480e+01 0.0
-2.999340728931955e+00 3.368747796523760e+01 0.0
-3.157792394432615e+00 3.638844001382135e+01 0.0
-3.308924492471537e+00 3.922608193930892e+01 0.0
-3.452321746684786e+00 4.220635406708185e+01 0.0
-3.587757023882808e+00 4.533558455119564e+01 0.0
-3.715218857298372e+00 4.862057095521656e+01 0.0
-3.834942243855290e+00 5.206870932416456e+01 0.0
-3.947442256341660e+00 5.568817956551475e+01 0.0
-4.053550161116970e+00 5.948821714176825e+01 0.0
-4.154452272060194e+00 6.347952210440282e+01 0.0
-4.251732904599248e+00 6.767489697862598e+01 0.0
-4.347424918135630e+00 7.209035759792232e+01 0.0
0.000000000000000e+00 0.000000000000000e+00 0.0
-1.576153445110308e-02 9.498616017359327e-01 0.0
-6.155602417980812e-02 1.930922582486517e+00 0.0
-1.348925291743142e-01 2.951853180431413e+00 0.0
-2.332252666163341e-01 4.019309607373382e+00 0.0
-3.539699061380333e-01 5.138930487250568e+00 0.0
-4.945358251087561e-01 6.315737330875425e+00 0.0
-6.523615266922137e-01 7.554376397398790e+00 0.0
-8.249469867386755e-01 8.859268605033167e+00 0.0
-1.009879199597758e+00 1.023470702201100e+01 0.0
-1.204850000668661e+00 1.168492190677869e+01 0.0
-1.407666670721030e+00 1.321412572104671e+01 0.0
-1.616256789485468e+00 1.482654584071508e+01 0.0
-1.828669017405696e+00 1.652644979474452e+01 0.0
-2.043071433058927e+00 1.831816606910046e+01 0.0
-2.257748834325937e+00 2.020610240670268e+01 0.0
-2.471100182001983e+00 2.219476289705798e+01 0.0
-2.681637165651175e+00 2.428876480899183e+01 0.0
-2.887984720972675e+00 2.649285598444462e+01 0.0
-3.088884220945979e+00 2.881193362752642e+01 0.0
-3.283199987449090e+00 3.125106547400014e+01 0.0
-3.469929709141411e+00 3.381551462169547e+01 0.0
-3.648219285325901e+00 3.651076978086417e+01 0.0
-3.817382521432800e+00 3.934258343831031e+01 0.0
-3.976925955649476e+00 4.231702154608596e+01 0.0
-4.126578876816812e+00 4.544053004811094e+01 0.0
-4.266328299436940e+00 4.872002619188067e+01 0.0
-4.396458322854012e+00 5.216302671706364e+01 0.0
-4.517593031782458e+00 5.577783174829391e+01 0.0
-4.630742066675634e+00 5.957379453727951e+01 0.0
-4.737348508832278e+00 6.356172840383564e+01 0.0
-4.839340063877978e+00 6.775454289589111e+01 0.0
-4.939187279560635e+00 7.216835409857273e+01 0.0
0.000000000000000e+00 0.000000000000000e+00 0.0
-1.834575187777071e-02 9.804674800570911e-01 0.0
-7.161145316560885e-02 1.988994444563398e+00 0.0
-1.568153524794859e-01 3.034287506995809e+00 0.0
-2.708905482496874e-01 4.123051561357077e+00 0.0
-4.107195277284554e-01 5.261008498279315e+00 0.0
-5.731850098210879e-01 6.453301402998109e+00 0.0
-7.552216574867306e-01 7.704731736296305e+00 0.0
-9.538587938973228e-01 9.019899921672833e+00 0.0
-1.166251166194256e+00 1.040329271335996e+01 0.0
-1.389697389250983e+00 1.185933916827821e+01 0.0
-1.621648409260200e+00 1.339244878280667e+01 0.0
-1.859708700433763e+00 1.500703955258827e+01 0.0
-2.101632907264632e+00 1.670756053336663e+01 0.0
-2.345320143448549e+00 1.849851148969350e+01 0.0
-2.588807688832592e+00 2.038446115748782e+01 0.0
-2.830265432470677e+00 2.237006507574909e+01 0.0
-3.067992132154632e+00 2.446008368401180e+01 0.0
-3.300414380709033e+00 2.665940131233839e+01 0.0
-3.526089065097370e+00 2.897304675569677e+01 0.0
-3.743710051209974e+00 3.140621630675973e+01 0.0
-3.952119800417714e+00 3.396430043205687e+01 0.0
-4.150326596587021e+00 3.665291575636932e+01 0.0
-4.337528002168552e+00 3.947794474369120e+01 0.0
-4.513141029065728e+00 4.244558655832812e+01 0.0
-4.676839259089306e+00 4.556242426389127e+01 0.0
-4.828596734620920e+00 4.883551613213549e+01 0.0
-4.968737876759131e+00 5.227252298566965e+01 0.0
-5.097992045816921e+00 5.588189031174122e+01 0.0
-5.217550966305311e+00 5.967311537106900e+01 0.0
-5.329127447134818e+00 6.365715100770033e+01 0.0
-5.435015361752197e+00 6.784703887271807e+01 0.0
-5.538154295528311e+00 7.225901816314126e+01 0.0
0.000000000000000e+00 0.000000000000000e+00 0.0
-2.110779422024323e-02 1.015894637988168e+00 0.0
-8.235195714120605e-02 2.056204845225777e+00 0.0
-1.801955212108439e-01 3.129643369415145e+00 0.0
-3.109726975679477e-01 4.242953262145587e+00 0.0
-4.709518007130355e-01 5.401951545670491e+00 0.0
-6.564182041252083e-01 6.611934576162804e+00 0.0
-8.637472227440000e-01 7.877903157170959e+00 0.0
-1.089459796313619e+00 9.204687187037530e+00 0.0
-1.330256103846169e+00 1.059701701262704e+01 0.0
-1.583031449139588e+00 1.205956708054666e+01 0.0
-1.844878896095514e+00 1.359698551604117e+01 0.0
-2.113083754192902e+00 1.521391718301030e+01 0.0
-2.385113682750526e+00 1.691502383511612e+01 0.0
-2.658607169743949e+00 1.870500319137754e+01 0.0
-2.931362314136662e+00 2.058860784352618e+01 0.0
-3.201327300350636e+00 2.257066451916501e+01 0.0
-3.466593620166215e+00 2.465609409956950e+01 0.0
-3.725392918078100e+00 2.684993281993688e+01 0.0
-3.976098262447132e+00 2.915735520956703e+01 0.0
-4.217230640805412e+00 3.158369955076138e+01 0.0
-4.447471513091344e+00 3.413449696442063e+01 0.0
-4.665682300902804e+00 3.681550571044025e+01 0.0
-4.870931705788108e+00 3.963275299705697e+01 0.0
-5.062531681337850e+00 4.259258765171622e+01 0.0
-5.240082652592658e+00 4.570174862583347e+01 0.0
-5.403528085147748e+00 4.896745684581921e+01 0.0
-5.553217629463748e+00 5.239754202550295e+01 0.0
-5.689976912042707e+00 5.600062287517938e+01 0.0
-5.815180731769003e+00 5.978637081856039e+01 0.0
-5.930826049299914e+00 6.376590920847838e+01 0.0
-6.039602234232696e+00 6.795244162458184e+01 0.0
-6.144960711614623e+00 7.236235705752105e+01 0.0
0.000000000000000e+00 0.000000000000000e+00 0.0
-2.410704372829502e-02 1.056525226202622e+00 0.0
-9.399605521981626e-02 2.133270692450874e+00 0.0
-2.054813317049983e-01 3.238899235190260e+00 0.0
-3.541763422578067e-01 4.380169939907412e+00 0.0
-5.356212759558124e-01 5.563013159087945e+00 0.0
-7.454074769798483e-01 6.792924735980176e+00 0.0
-9.792848667433961e-01 8.075168320785449e+00 0.0
-1.233226284491093e+00 9.414870127252915e+00 0.0
-1.503459542227366e+00 1.081706752341533e+01 0.0
-1.786473432500641e+00 1.228673615675069e+01 0.0
-2.079009058722865e+00 1.382881030825157e+01 0.0
-2.378043519106542e+00 1.544820138525570e+01 0.0
-2.680770682522255e+00 1.714981668685578e+01 0.0
-2.984581951161343e+00 1.893857902442845e+01 0.0
-3.287048838179829e+00 2.081944733697426e+01 0.0
-3.585908567407675e+00 2.279743832899909e+01 0.0
-3.879053584811943e+00 2.487764923058596e+01 0.0
-4.164525743349817e+00 2.706528192884854e+01 0.0
-4.440515918204566e+00 2.936566892477818e+01 0.0
-4.705369885943528e+00 3.178430183362298e+01 0.0
-4.957601429711166e+00 3.432686349604705e+01 0.0
-5.195913786102817e+00 3.699926524814120e+01 0.0
-5.419230692094927e+00 3.980769158489817e+01 0.0
-5.626738362852123e+00 4.275865546644867e+01 0.0
-5.817939631812273e+00 4.585906905410699e+01 0.0
-5.992721029947155e+00 4.911633708491630e+01 0.0
-6.151432538396403e+00 5.253848399414843e+01 0.0
-6.294977662784214e+00 5.613433260300681e+01 0.0
-6.424909050823595e+00 5.991376387218449e+01 0.0
-6.543521973901941e+00 6.388810962923397e+01 0.0
-6.653938872254015e+00 6.807077280759918e+01 0.0
-6.760182406920252e+00 7.247832534834086e+01 0.0
0.000000000000000e+00 0.000000000000000e+00 0.0
-2.742687222022464e-02 1.102876894669533e+00 0.0
-1.068719433484708e-01 2.221156991301093e+00 0.0
-2.333271872722854e-01 3.363347210797176e+00 0.0
-4.015085194498428e-01 4.536193460258192e+00 0.0
-6.060491242744794e-01 5.745769189810341e+00 0.0
-8.417255781451374e-01 6.997850154144939e+00 0.0
-1.103586450065455e+00 8.298056016445420e+00 0.0
-1.387024404832373e+00 9.651902237682418e+00 0.0
-1.687788949908175e+00 1.106481306449631e+01 0.0
-2.001971855455313e+00 1.254213148711831e+01 0.0
-2.325979595715657e+00 1.408913120763500e+01 0.0
-2.656501661506708e+00 1.571103269103642e+01 0.0
-2.990479209810134e+00 1.741302258811413e+01 0.0
-3.325076421401850e+00 1.920027571257208e+01 0.0
-3.657655823959489e+00 2.107797885116024e+01 0.0
-3.985758323038647e+00 2.305135597756701e+01 0.0
-4.307088487225815e+00 2.512569472478932e+01 0.0
-4.619505624437271e+00 2.730637424766556e+01 0.0
-4.921021292727812e+00 2.959889488341091e+01 0.0
-5.209804075856201e+00 3.200891032190497e+01 0.0
-5.484192702692884e+00 3.454226336585845e+01 0.0
-5.742718886718725e+00 3.720502684531132e+01 0.0
-5.984141586651483e+00 4.000355192460311e+01 0.0
-6.207494697081451e+00 4.294452701599589e+01 0.0
-6.412150367427743e+00 4.603505197585577e+01 0.0
-6.597900012362691e+00 4.928273451012835e+01 0.0
-6.765054149520848e+00 5.269581937431694e+01 0.0
-6.914559866838123e+00 5.628336701529097e+01 0.0
-7.048128925473260e+00 6.005550975954536e+01 0.0
-7.168364775698159e+00 6.402383615967774e+01 0.0
-7.278869660088968e+00 6.820199828554283e+01 0.0
-7.384322217572080e+00 7.260679572425494e+01 0.0
0.000000000000000e+00 0.000000000000000e+00 0.0
-3.123442390032025e-02 1.155691576018358e+00 0.0
-1.215116795381323e-01 2.321213922112510e+00 0.0
-2.647792777949411e-01 3.504755761691456e+00 0.0
-4.544960802063457e-01 4.712989528575556e+00 0.0
-6.841610079451977e-01 5.952226475522661e+00 0.0
-9.475701503889744e-01 7.228652334482073e+00 0.0
-1.239011344894118e+00 8.548394815322814e+00 0.0
-1.553287626997744e+00 9.917481941802835e+00 0.0
-1.885687691569522e+00 1.134182332937601e+01 0.0
-2.231935343319819e+00 1.282720474924752e+01 0.0
-2.588135348814402e+00 1.437929693511126e+01 0.0
-2.950722270847738e+00 1.600367328557057e+01 0.0
-3.316414915099692e+00 1.770583330652826e+01 0.0
-3.682177231977603e+00 1.949122946559058e+01 0.0
-4.045185846351980e+00 2.136529608863647e+01 0.0
-4.402804203864010e+00 2.333347956246329e+01 0.0
-4.752563374271018e+00 2.540126958879597e+01 0.0
-5.092149726785758e+00 2.757423160747466e+01 0.0
-5.419399944418918e+00 2.985804083373700e+01 0.0
-5.732304160874421e+00 3.225851868520205e+01 0.0
-6.029018387333455e+00 3.478167275758345e+01 0.0
-6.307887857237515e+00 3.743374200092556e+01 0.0
-6.567483463715190e+00 4.022124942348287e+01 0.0
-6.806654091163155e+00 4.315106561743140e+01 0.0
-7.024598301775637e+00 4.623048781723787e+01 0.0
-7.220959365329390e+00 4.946734136023288e+01 0.0
-7.395947603482444e+00 5.287011371543323e+01 0.0
-7.550492210237526e+00 5.644813690410437e+01 0.0
-7.686419305981568e+00 6.021184306547011e+01 0.0
-7.806633082943711e+00 6.417314014445441e+01 0.0
-7.915272162590994e+00 6.834600019822435e+01 0.0
-8.017793773827220e+00 7.274751612501716e+01 0.0
0.000000000000000e+00 0.000000000000000e+00 0.0
-3.570469688531026e-02 1.216071225179025e+00 0.0
-1.388430188991951e-01 2.435457745844760e+00 0.0
-3.015205590998393e-01 3.665615281454770e+00 0.0
-5.155416602899191e-01 4.913216236036898e+00 0.0
-7.728205678490058e-01 6.184952026986110e+00 0.0
-1.066061264633618e+00 7.487719787908741e+00 0.0
-1.388781856468606e+00 8.828364128930259e+00 0.0
-1.735234585176783e+00 1.021358465881773e+01 0.0
-2.100300725450337e+00 1.164988897650225e+01 0.0
-2.479391422224324e+00 1.314358688445504e+01 0.0
-2.868361520000008e+00 1.470080481651266e+01 0.0
-3.263436957114969e+00 1.632751187346026e+01 0.0
-3.661154484214959e+00 1.802955176147599e+01 0.0
-4.058312162943006e+00 1.981267764218273e+01 0.0
-4.451929327116789e+00 2.168258827667013e+01 0.0
-4.839215050270727e+00 2.364496473842054e+01 0.0
-5.217544557770618e+00 2.570550753422117e+01 0.0
-5.584443419829102e+00 2.786997437892245e+01 0.0
-5.937579772667177e+00 3.014421920660024e+01 0.0
-6.274765261126894e+00 3.253423333535249e+01 0.0
-6.593965908662140e+00 3.504619009224599e+01 0.0
-6.893324739149799e+00 3.768649471006449e+01 0.0
-7.171198747514977e+00 4.046184200529087e+01 0.0
-7.426213798165203e+00 4.337928534549117e+01 0.0
-7.657342275544625e+00 4.644632187763913e+01 0.0
-7.864009830202046e+00 4.967100115209310e+01 0.0
-8.046239205145604e+00 5.306206761846328e+01 0.0
-8.204840181639307e+00 5.662915233444534e+01 0.0
-8.341652179242891e+00 6.038303828131645e+01 0.0
-8.459833545848294e+00 6.433603405849097e+01 0.0
-8.564105146951812e+00 6.850253673201793e+01 0.0
-8.660893805411712e+00 7.290004234963793e+01 0.0
0.000000000000000e+00 0.000000000000000e+00 0.0
-4.179196362887348e-02 1.286020102700980e+00 0.0
-1.608079753497581e-01 2.567085848031675e+00 0.0
-3.470305944104652e-01 3.849771933952791e+00 0.0
-5.889762679582458e-01 5.140547584254002e+00 0.0
-8.767776603786048e-01 6.447305463061963e+00 0.0
-1.202076113878241e+00 7.778047544068595e+00 0.0
-1.557722799809860e+00 9.140617803435466e+00 0.0
-1.937528677060086e+00 1.054256324789451e+01 0.0
-2.336066764951656e+00 1.199110728799141e+01 0.0
-2.748520695673319e+00 1.349316309770619e+01 0.0
-3.170567028869383e+00 1.505536755317775e+01 0.0
-3.598282883524126e+00 1.668412365657581e+01 0.0
-4.028072659285946e+00 1.838564616816998e+01 0.0
-4.456609610349550e+00 2.016600778082043e+01 0.0
-4.880789378086466e+00 2.203118470981441e+01 0.0
-5.297693582711234e+00 2.398710138392299e+01 0.0
-5.704562324329399e+00 2.603967442422734e+01 0.0
-6.098775057464199e+00 2.819485644204955e+01 0.0
-6.477839853736803e+00 3.045868047985447e+01 0.0
-6.839391617575258e+00 3.283730622642990e+01 0.0
-7.181200429584948e+00 3.533706951794185e+01 0.0
-7.501191929427524e+00 3.796453715332195e+01 0.0
-7.797482601744067e+00 4.072656978804430e+01 0.0
-8.068434117001242e+00 4.363039674638818e+01 0.0
-8.312732679759813e+00 4.668370818320436e+01 0.0
-8.529501921030789e+00 4.989477243740137e+01 0.0
-8.718461574745517e+00 5.327259000941154e+01 0.0
-8.880149589835476e+00 5.682710144313323e+01 0.0
-9.016231821269820e+00 6.056947374576876e+01 0.0
-9.129929563031173e+00 6.451250837992731e+01 0.0
-9.226569129079454e+00 6.867119662834583e+01 0.0
-9.313801425741229e+00 7.306362971567185e+01 0.0
0.000000000000000e+00 0.000000000000000e+00 0.0
-4.909308664408162e-02 1.368725805667343e+00 0.0
-1.914815155595389e-01 2.722225875859150e+00 0.0
-4.073029456425099e-01 4.062774167548899e+00 0.0
-6.815856446483648e-01 5.399895257846281e+00 0.0
-1.003018500499919e+00 6.743507074020719e+00 0.0
-1.362487087582367e+00 8.103264331445237e+00 0.0
-1.752425552025077e+00 9.488288399803125e+00 0.0
-2.166392799757023e+00 1.090714371709763e+01 0.0
-2.598799127703185e+00 1.236787389060349e+01 0.0
-3.044713574254145e+00 1.387806289373726e+01 0.0
-3.499723398855034e+00 1.544490242648948e+01 0.0
-3.959827887976796e+00 1.707525904690063e+01 0.0
-4.421356267883197e+00 1.877573837687993e+01 0.0
-4.880903272893415e+00 2.055274563280426e+01 0.0
-5.335278278407968e+00 2.241254257154664e+01 0.0
-5.781465385498016e+00 2.436130138072263e+01 0.0
-6.216592863283683e+00 2.640515628947236e+01 0.0
-6.637911116937175e+00 2.855025386165861e+01 0.0
-7.042778986021975e+00 3.080280312373364e+01 0.0
-7.428658781922538e+00 3.316912692577939e+01 0.0
-7.793121124430044e+00 3.565571628548813e+01 0.0
-8.133861422370956e+00 3.826928998345609e+01 0.0
-8.448730874557919e+00 4.101686245298983e+01 0.0
-8.735786313073350e+00 4.390582417641311e+01 0.0
-8.993365348667682e+00 4.694404058253464e+01 0.0
-9.220196571535316e+00 5.013997819143861e+01 0.0
-9.415559961549244e+00 5.350287114359489e+01 0.0
-9.579521625541314e+00 5.704294813329033e+01 0.0
-9.713284818574802e+00 6.077175231624182e+01 0.0
-9.819727426628909e+00 6.470260244224112e+01 0.0
-9.904303107781191e+00 6.885130123299662e+01 0.0
-9.976454446381315e+00 7.323701232319225e+01 0.0
0.000000000000000e+00 0.000000000000000e+00 0.0
-7.463509958469036e-02 1.479748602532389e+00 0.0
-2.523247911360190e-01 2.913018517197457e+00 0.0
-5.043942479699649e-01 4.314922169951717e+00 0.0
-8.149205817220349e-01 5.699913455462889e+00 0.0
-1.172091685657854e+00 7.080967636001670e+00 0.0
-1.566650436674465e+00 8.469792494487150e+00 0.0
-1.990985057880009e+00 9.877005940571438e+00 0.0
-2.438655343792343e+00 1.131230998041760e+01 0.0
-2.904086989322714e+00 1.278464024699707e+01 0.0
-3.382365516352672e+00 1.430229551189842e+01 0.0
-3.869088108131103e+00 1.587304980975239e+01 0.0
-4.360253140668103e+00 1.750425036025401e+01 0.0
-4.852175342176393e+00 1.920290391199595e+01 0.0
-5.341419359993314e+00 2.097575375671193e+01 0.0
-5.824747173728746e+00 2.282934933020299e+01 0.0
-6.299076461766817e+00 2.477011008593937e+01 0.0
-6.761448128020335e+00 2.680438518486840e+01 0.0
-7.209001993904052e+00 2.893851049227525e+01 0.0
-7.638960304001103e+00 3.117886441475576e+01 0.0
-8.048619285037244e+00 3.353192426506872e+01 0.0
-8.435349620097298e+00 3.600432514200034e+01 0.0
-8.796607441498862e+00 3.860292381222938e+01 0.0
-9.129958420932930e+00 4.133487087293256e+01 0.0
-9.433118919945095e+00 4.420769571108035e+01 0.0
-9.704020248748762e+00 4.722941071135739e+01 0.0
-9.940905421328143e+00 5.040864425657730e+01 0.0
-1.014247337437729e+01 5.375481710919855e+01 0.0
-1.030809609365039e+01 5.727838549448801e+01 0.0
-1.043815315360232e+01 6.099118956050653e+01 0.0
-1.053458178611324e+01 6.490697980951209e+01 0.0
-1.060182625127062e+01 6.904225574168032e+01 0.0
-1.064935354423514e+01 7.341795235431506e+01 0.0

CELL_DATA 1024
SCALARS sigma_xx double 1
LOOKUP_TABLE default
4.094744382386776e+00
2.166616517817940e+00
1.701513920124932e+00
1.430778663185756e+00
1.275460457322905e+00
1.172357933834439e+00
1.100885487991209e+00
1.048980236884739e+00
1.010141427385817e+00
9.803046606103166e-01
9.568320129232650e-01
9.378972606376212e-01
9.221717173156736e-01
9.086337697045488e-01
8.964508052433949e-01
8.848994474570051e-01
8.733072780927966e-01
8.610054201348688e-01
8.472848256458156e-01
8.313503024991996e-01
8.122660700325146e-01
7.888848258422240e-01
7.597483671134186e-01
7.229397119388359e-01
6.758520742770957e-01
6.148031600166002e-01
5.343718656021472e-01
4.260557467034017e-01
2.758476365948805e-01
5.593899740804248e-02
-2.858279452119300e-01
-1.019698909345158e+00
8.945742283744977e-01
1.844613814102467e+00
1.486095379757112e+00
1.330663610348628e+00
1.203361697100449e+00
1.115690149819597e+00
1.050320548323008e+00
1.001034756922805e+00
9.628392958708404e-01
9.326271661086090e-01
9.081899412265810e-01
8.879411779094725e-01
8.706774260372888e-01
8.554431906768494e-01
8.414366583554170e-01
8.279437331651700e-01
8.142870419053176e-01
7.997826538073387e-01
7.836987670092459e-01
7.652114223664779e-01
7.433519217641288e-01
7.169392261603240e-01
6.844875214592699e-01
6.440744152867919e-01
5.931428832532225e-01
5.282051930551978e-01
4.443285388992155e-01
3.344947751665445e-01
1.875314228661677e-01
-9.763628303416400e-03
-2.971052270715223e-01
-5.046973869757774e-01
1.003039685078835e+00
1.097871177017275e+00
1.254664654565599e+00
1.168337748860119e+00
1.101041978695156e+00
1.037170481044872e+00
9.856106171934456e-01
9.434066737999049e-01
9.089796581745717e-01
8.805360362035398e-01
8.566818583384427e-01
8.362675250392888e-01
8.183513301490588e-01
8.021330735849251e-01
7.869053110326729e-01
7.720109918263920e-01
7.568070747177948e-01
7.406305474424437e-01
7.227640617198522e-01
7.023981186399497e-01
6.785864114804191e-01
6.501901374362897e-01
6.158062107188758e-01
5.736721369310158e-01
5.215437075434256e-01
4.565278721827953e-01
3.749504905694144e-01
2.720645667128590e-01
1.433953668391974e-01
-1.717013260909378e-02
-1.786106378148070e-01
-3.160943728841780e-01
7.696097154805545e-01
9.351125414547525e-01
9.861243602398695e-01
1.011812813378773e+00
9.808026787069442e-01
9.455359882995459e-01
9.093786894999590e-01
8.767882293279226e-01
8.480330480499093e-01
8.229310411511415e-01
8.009085170518144e-01
7.813456767407376e-01
7.636233515617965e-01
7.471493190901601e-01
7.313518747927034e-01
7.156658175253798e-01
6.995133955437332e-01
6.822825678559283e-01
6.633024262756204e-01
6.418150528133211e-01
6.169426651901393e-01
5.876490042752326e-01
5.526944000828390e-01
5.105874017615540e-01
4.595382401518102e-01
3.974557318322030e-01
3.219964304082089e-01
2.311502416860636e-01
1.236812687900322e-01
6.315183174453010e-03
-1.110049723141433e-01
-2.088907648509171e-01
6.871047922801773e-01
7.733240190482772e-01
8.403068153845530e-01
8.632553162822878e-01
8.654386012601273e-01
8.490631663914153e-01
8.275529759862424e-01
8.044271659111303e-01
7.820146746306271e-01
7.610165674694350e-01
7.415998718622542e-01
7.236072051366625e-01
7.067394514975363e-01
6.906210062587774e-01
6.748322138417600e-01
6.589180946928727e-01
6.423859598682724e-01
6.246960197784287e-01
6.052474791536782e-01
5.833612549481338e-01
5.582602627751682e-01
5.290487351976746e-01
4.946941577036871e-01
4.540187626205989e-01
4.057209280184200e-01
3.484502166272716e-01
2.810686128195017e-01
2.030377525110680e-01
1.160513268696893e-01
2.400648371539826e-02
-6.529080318849761e-02
-1.441969229843647e-01
6.010717002795984e-01
6.706681049018374e-01
7.188307558822304e-01
7.486499160507909e-01
7.582578866230911e-01
7.555498073648607e-01
7.443752956851107e-01
7.294347376179966e-01
7.129103473413383e-01
6.961129311813784e-01
6.796135678744071e-01
6.636063661398146e-01
6.480485916574570e-01
6.327577405686549e-01
6.174591171945720e-01
6.018106896603465e-01
5.854128655630935e-01
5.678096175193790e-01
5.484842879980399e-01
5.268525469820370e-01
5.022547868242752e-01
4.739511366682378e-01
4.411242138357894e-01
4.028998156111241e-01
3.584002793854127e-01
3.068708449884635e-01
2.478896629665117e-01
1.818540573272732e-01
1.102767235091576e-01
3.634673151867521e-02
-3.583843568770687e-02
-1.020104893584629e-01
5.319102896114477e-01
5.830814082101222e-01
6.235285754729889e-01
6.498961083887849e-01
6.638918076341177e-01
6.670970099929859e-01
6.629989329149814e-01
6.540819751972449e-01
6.424889928598543e-01
6.294949575680631e-01
6.158705447968023e-01
6.019980803498470e-01
5.880121471350762e-01
5.738776586964829e-01
5.594425148588618e-01
5.444678516840883e-01
5.286451089605759e-01
5.116044218325015e-01
4.929180291212582e-01
4.721015223080767e-01
4.486158405007734e-01
4.218736530472053e-01
3.912556703115409e-01
3.561447418976681e-01
3.159920668312645e-01
2.704257846574090e-01
2.194388720978896e-01
1.635778062649456e-01
1.041737388552714e-01
4.326001037754135e-02
-1.666573739226943e-02
-7.345831573985326e-02
4.680535051785935e-01
5.084735629707138e-01
5.408758225358482e-01
5.643229779339640e-01
5.785134217071134e-01
5.847553371007057e-01
5.845848424225949e-01
5.798436825969704e-01
5.719968004166638e-01
5.621875664361583e-01
5.511646649954316e-01
5.393843412532607e-01
5.270748970799838e-01
5.142993864930421e-01
5.009980296083101e-01
4.870178790808654e-01
4.721319987614009e-01
4.560518574869227e-01
4.384356936378401e-01
4.188955193753865e-01
3.970055350303153e-01
3.723153548108242e-01
3.443723652199893e-01
3.127592795223476e-01
2.771524714999936e-01
2.374097500597813e-01
1.936732996446177e-01
1.464828556309664e-01
9.681018447174651e-02
4.600250661833212e-02
-4.496410923867322e-03
-5.355839029326251e-02
4.089662530570528e-01
4.408927692165472e-01
4.672798144993424e-01
4.871564102835084e-01
5.004354991330259e-01
5.075588849264585e-01
5.095090014702709e-01
5.073697660330316e-01
5.022123427291816e-01
4.949065974813888e-01
4.861094235205208e-01
4.762607909450834e-01
4.656216560868895e-01
4.543079430206337e-01
4.423219545682361e-01
4.295763726775259e-01
4.159123576303143e-01
4.011130473945488e-01
3.849144023730851e-01
3.670154094059532e-01
3.470899138213968e-01
3.248026745208861e-01
2.998327078853606e-01
2.719068720992350e-01
2.408465131436124e-01
2.066243624414227e-01
1.694263680231836e-01
1.296924841592081e-01
8.811660371729704e-02
4.555801464721995e-02
2.864259923414506e-03
-3.941468453854347e-02
3.528693161337903e-01
3.782702038627854e-01
3.995190317462100e-01
4.160614815918667e-01
4.276932787401815e-01
4.346568409860500e-01
4.374749206482813e-01
4.368520584906899e-01
4.335059006482497e-01
4.280882251486952e-01
4.211222379591519e-01
4.129926696859505e-01
4.039505077656239e-01
3.941308809709459e-01
3.835718621105727e-01
3.722321686032247e-01
3.600061560612594e-01
3.467365260800608e-01
3.322256467592785e-01
3.162468318322584e-01
2.985571505084533e-01
2.789135228158278e-01
2.570937890793204e-01
2.329240853099841e-01
2.063120545361583e-01
1.772832688088267e-01
1.460119726689197e-01
1.128348625679808e-01
7.822831814595219e-02
4.273760351174851e-02
6.845587429377173e-03
-2.921321622991921e-02
2.990124098620568e-01
3.189920317483767e-01
3.358586533346591e-01
3.492278207463433e-01
3.589502216720398e-01
3.651203592394206e-01
3.680493091032095e-01
3.681739183173071e-01
3.659824535307012e-01
3.619401807379345e-01
3.564477312102088e-01
3.498170936505653e-01
3.422674872253652e-01
3.339302543716323e-01
3.248591860144278e-01
3.150421124414753e-01
3.044123802104096e-01
2.928596650663045e-01
2.802404304882373e-01
2.663887368266307e-01
2.511283539112327e-01
2.342871625155519e-01
2.157146409336189e-01
1.953025271266298e-01
1.730075889228300e-01
1.488731101904208e-01
1.230435917563704e-01
9.576389743358758e-02
6.735440636696183e-02
3.815354720586375e-02
8.425681725392112e-03
-2.176890925577071e-02
2.467733379723951e-01
2.620902388655317e-01
2.750632823310087e-01
2.854528140696423e-01
2.931423913673499e-01
2.981752324680688e-01
3.007311972181149e-01
3.010886960105712e-01
2.995722215321930e-01
2.965084284841851e-01
2.921908695613778e-01
2.868597872489519e-01
2.806926784872774e-01
2.738037722803357e-01
2.662484254015173e-01
2.580302383176338e-01
2.491092199569439e-01
2.394103432668098e-01
2.288323735628709e-01
2.172572534008042e-01
2.045605082215459e-01
1.906231304576815e-01
1.753451405163517e-01
1.586604732505446e-01
1.405518430917556e-01
1.210630481989975e-01
1.003046181919313e-01
7.844792274079282e-02
5.570240604633264e-02
3.227225435573591e-02
8.290383302370891e-03
-1.627319970081527e-02
1.957180557973280e-01
2.068598824379837e-01
2.162833936466612e-01
2.238419521937328e-01
2.294596705288166e-01
2.331557782154503e-01
2.350392011617209e-01
2.352854535934489e-01
2.341079558752780e-01
2.317284026944423e-01
2.283531926934498e-01
2.241568251476607e-01
2.192730439309607e-01
2.137918942449673e-01
2.077611359663281e-01
2.011902664663563e-01
1.940560382654412e-01
1.863087794252913e-01
1.778792719789033e-01
1.686862130691404e-01
1.586444205000701e-01
1.476739161725087e-01
1.357098083226952e-01
1.227124656385622e-01
1.086768636452333e-01
9.363920271750685e-02
7.767821886999557e-02
6.090812033418574e-02
4.346030375423125e-02
2.545156064158876e-02
6.937566001400816e-03
-1.215214599895249e-02
1.454959677243106e-01
1.527786854152133e-01
1.588777015360719e-01
1.637155278601269e-01
1.672506058377208e-01
1.694967858689291e-01
1.705211993737231e-01
1.704330821322697e-01
1.693669486586051e-01
1.674652432972977e-01
1.648630175197100e-01
1.616767501300064e-01
1.579974813900925e-01
1.538879328381320e-01
1.493826238891813e-01
1.444900795626773e-01
1.391963390973676e-01
1.334692720783832e-01
1.272634431031239e-01
1.205254544623949e-01
1.131997754083255e-01
1.052350414907108e-01
9.659065321694496e-02
8.724322969785836e-02
7.719208892768803e-02
6.646251325890443e-02
5.510518429957620e-02
4.319002297875879e-02
3.079276064793033e-02
1.797293284431786e-02
4.742218053441938e-03
-8.980358350408460e-03
9.581465119522221e-02
9.942613322750324e-02
1.023370609419533e-01
1.045226076111816e-01
1.059725746027801e-01
1.067030866252638e-01
1.067564920760001e-01
1.061959767015731e-01
1.050973816557051e-01
1.035401968512893e-01
1.015995422821579e-01
9.934002024932787e-02
9.681186284937679e-02
9.404918706793033e-02
9.106997623920293e-02
8.787729252514828e-02
8.446130863803163e-02
8.080186042580582e-02
7.687135223456347e-02
7.263794178291898e-02
6.806897460766956e-02
6.313461638513959e-02
5.781154027526063e-02
5.208637324624882e-02
4.595840367003237e-02
3.944083519469326e-02
3.255970578347586e-02
2.534951106419221e-02
1.784462043023547e-02
1.006566733438332e-02
2.000042114124426e-03
-6.426399995275285e-03
4.641379499024485e-02
4.644211599407899e-02
4.622744750450068e-02
4.578992572381817e-02
4.514857386176847e-02
4.432572189401843e-02
4.334696445168226e-02
4.223985768337532e-02
4.103188905002997e-02
3.974840014786246e-02
3.841081315145347e-02
3.703543696518272e-02
3.563288426633013e-02
3.420805400800009e-02
3.276053830174570e-02
3.128531946026121e-02
2.977363492446727e-02
2.821393300866968e-02
2.659287797242246e-02
2.489638697403849e-02
2.311069315739087e-02
2.122341407795389e-02
1.922457086604449e-02
1.710744904781184e-02
1.486912454373732e-02
1.251040427760315e-02
1.003486245275544e-02
7.446617565149575e-03
4.746446420417727e-03
1.925773937767027e-03
-1.042146401896300e-03
-4.215913981763410e-03
-2.950467412346844e-03
-6.504079615981623e-03
-9.847633685899710e-03
-1.291741332811338e-02
-1.566509395766198e-02
-1.806088053350604e-02
-2.009368175377949e-02
-2.176901254731359e-02
-2.310528058983443e-02
-2.412940724932060e-02
-2.487248646815417e-02
-2.536607321728315e-02
-2.563935478536093e-02
-2.571728448155706e-02
-2.561957332302835e-02
-2.536038350451951e-02
-2.494854859007287e-02
-2.438817982704277e-02
-2.367955791628587e-02
-2.282025107861183e-02
-2.180642242129823e-02
-2.063429736661152e-02
-1.930173919258993e-02
-1.780984639873847e-02
-1.616443301560569e-02
-1.437720392754416e-02
-1.246642598070988e-02
-1.045692240747051e-02
-8.379334551429562e-03
-6.268809634201370e-03
-4.163600123212595e-03
-2.104728460152562e-03
-5.251891298011082e-02
-5.973743263085270e-02
-6.627772681309606e-02
-7.202749552341335e-02
-7.690701015122473e-02
-8.087967255729456e-02
-8.395201899796557e-02
-8.616718435481086e-02
-8.759460203775092e-02
-8.831824766654588e-02
-8.842570078748951e-02
-8.799923996156644e-02
-8.710963103219155e-02
-8.581251318756906e-02
-8.414701016958684e-02
-8.213601518592967e-02
-7.978766259088106e-02
-7.709760937538046e-02
-7.405189446165658e-02
-7.063025686826628e-02
-6.680985745714917e-02
-6.256934427570846e-02
-5.789313083736623e-02
-5.277561325893250e-02
-4.722487200270968e-02
-4.126521086540634e-02
-3.493776093753594e-02
-2.829837563902699e-02
-2.141224492239489e-02
-1.434502240056299e-02
-7.150764815577214e-03
1.429892255929745e-04
-1.025415174022869e-01
-1.135996481688782e-01
-1.234739480840694e-01
-1.319918114776871e-01
-1.390376536447274e-01
-1.445716455475202e-01
-1.486272701515979e-01
-1.512982334623996e-01
-1.527184671966603e-01
-1.530410956382536e-01
-1.524194284723007e-01
-1.509925740176595e-01
-1.488760106017404e-01
-1.461568441201306e-01
-1.428926759784042e-01
-1.391130609039732e-01
-1.348226383286635e-01
-1.300053400609508e-01
-1.246293425116931e-01
-1.186526457553562e-01
-1.120292701947594e-01
-1.047160556018860e-01
-9.667991246988542e-02
-8.790511570445739e-02
-7.839986101567070e-02
-6.820091322880434e-02
-5.737483768378844e-02
-4.601422753453391e-02
-3.422757764823864e-02
-2.212209926139027e-02
-9.779556996900179e-03
2.775117608068936e-03
-1.532915176370514e-01
-1.684742097609083e-01
-1.819014352111428e-01
-1.933186854312676e-01
-2.025691870008921e-01
-2.096176292942771e-01
-2.145438533401645e-01
-2.175160263484360e-01
-2.187570697426825e-01
-2.185095859740791e-01
-2.170074877696838e-01
-2.144555047725380e-01
-2.110175999242969e-01
-2.068122700737385e-01
-2.019129930118670e-01
-1.963518224866977e-01
-1.901248339641099e-01
-1.831985921311161e-01
-1.755173135195017e-01
-1.670107108584291e-01
-1.576026757948697e-01
-1.472209493475626e-01
-1.358077420535982e-01
-1.233308447125596e-01
-1.097941750372478e-01
-9.524593352481589e-02
-7.978189376491010e-02
-6.354092216678991e-02
-4.669017284720276e-02
-2.939825080360932e-02
-1.179627383195780e-02
6.073714914246922e-03
-2.050824881936766e-01
-2.248206973802137e-01
-2.421209768116815e-01
-2.566168152534875e-01
-2.681010826397144e-01
-2.765632841486305e-01
-2.821628824478609e-01
-2.851851582695664e-01
-2.859801109438774e-01
-2.849108378194544e-01
-2.823116200677866e-01
-2.784632679036926e-01
-2.735808996915217e-01
-2.678120981973928e-01
-2.612408690784772e-01
-2.538948693015562e-01
-2.457539501604258e-01
-2.367592090661825e-01
-2.268223541024339e-01
-2.158356484487115e-01
-2.036829147903191e-01
-1.902521027350025e-01
-1.754496795855401e-01
-1.592165711300479e-01
-1.415443914725509e-01
-1.224895087247046e-01
-1.021809502659490e-01
-8.081740124632122e-02
-5.864820263332868e-02
-3.593518321534980e-02
-1.289430841243193e-02
1.038253692490711e-02
-2.582976211574486e-01
-2.832215893782051e-01
-3.048538972080947e-01
-3.226533588935626e-01
-3.363692066592752e-01
-3.460459375597906e-01
-3.519918673230359e-01
-3.546739203245076e-01
-3.546310393381714e-01
-3.523870258656889e-01
-3.484010370156112e-01
-3.430383789855042e-01
-3.365643607937705e-01
-3.291487220074933e-01
-3.208765123294064e-01
-3.117605846997329e-01
-3.017540610186884e-01
-2.907620675393837e-01
-2.786530150402178e-01
-2.652701475042695e-01
-2.504443658623104e-01
-2.340093914983130e-01
-2.158201645462201e-01
-1.957746812766614e-01
-1.738383303932496e-01
-1.500674427859930e-01
-1.246266662930329e-01
-9.779147281705761e-02
-6.992754286931153e-02
-4.143877784995737e-02
-1.268295847204033e-02
1.614499424876623e-02
-3.134180829078690e-01
-3.444752020390537e-01
-3.710696205657235e-01
-3.924532049584367e-01
-4.083033007950383e-01
-4.188296573386084e-01
-4.245820574846328e-01
-4.263359955221740e-01
-4.248964181787481e-01
-4.210047587182364e-01
-4.152645649250732e-01
-4.081282953781079e-01
-3.999012729332703e-01
-3.907611354713224e-01
-3.807786108940965e-01
-3.699372225583633e-01
-3.581499920483692e-01
-3.452735334414461e-01
-3.311204700147590e-01
-3.154716008068936e-01
-2.980894930805743e-01
-2.787353726155599e-01
-2.571911445066932e-01
-2.332880439120569e-01
-2.069416267662241e-01
-1.781906622808583e-01
-1.472311334786296e-01
-1.144341585640641e-01
-8.032818034890206e-02
-4.553424204402023e-02
-1.064255408682697e-02
2.396051966174977e-02
-3.711432196237034e-01
-4.096881947418319e-01
-4.421913812723187e-01
-4.674073741118346e-01
-4.851376703392828e-01
-4.958149529336939e-01
-5.005173625158769e-01
-5.004592436010887e-01
-4.968569767108126e-01
-4.907081347691740e-01
-4.827753732054607e-01
-4.735796391867433e-01
-4.634423338211278e-01
-4.525234165561985e-01
-4.408569242749898e-01
-4.283781953482256e-01
-4.149444340425192e-01
-4.003500038403458e-01
-3.843385720189720e-01
-3.666142719663548e-01
-3.468543101938564e-01
-3.247257706565188e-01
-2.999098687726346e-01
-2.721368348373355e-01
-2.412345435398469e-01
-2.071883303449352e-01
-1.702069931804071e-01
-1.307688362799635e-01
-8.962802845257253e-02
-4.773296493220337e-02
-6.057393073829936e-03
3.467350302158625e-02
-4.323192073513787e-01
-4.807184845879404e-01
-5.202282632120273e-01
-5.496213206984278e-01
-5.684342560782782e-01
-5.780930706129970e-01
-5.803135749436457e-01
-5.771892728890837e-01
-5.703974226966866e-01
-5.612585848108210e-01
-5.506482600474121e-01
-5.391124453417039e-01
-5.269404677844507e-01
-5.142364583938627e-01
-5.009678790192607e-01
-4.869996471395512e-01
-4.721163352123872e-01
-4.560366019039098e-01
-4.384229070878958e-01
-4.188894220444926e-01
-3.970110999437690e-01
-3.723374929381533e-01
-3.444158516666727e-01
-3.128298713686627e-01
-2.772600429012536e-01
-2.375749065311910e-01
-1.939391294228487e-01
-1.469342042363235e-01
-9.760124043597854e-02
-4.739406127058905e-02
2.091753259589324e-03
4.951988613659380e-02
-4.989802551033580e-01
-5.599532014792092e-01
-6.089201088718362e-01
-6.418209809198570e-01
-6.604966661539688e-01
-6.666778234199416e-01
-6.643382098492464e-01
-6.563217439978895e-01
-6.450999901357730e-01
-6.321559705719227e-01
-6.183997471567484e-01
-6.042995692994819e-01
-5.900429289915173e-01
-5.756261997663794e-01
-5.609154575353801e-01
-5.456817593880466e-01
-5.296214068109643e-01
-5.123662959941898e-01
-4.934885083697355e-01
-4.725022506272358e-01
-4.488662574178310e-01
-4.219904765436334e-01
-3.912527954920020e-01
-3.560339724496846e-01
-3.157856798906222e-01
-2.701425816000675e-01
-2.191171959633689e-01
-1.632979578730491e-01
-1.040951459941714e-01
-4.366969251153995e-02
1.529142022821250e-02
7.038772778674529e-02
-5.717088538544575e-01
-6.542793678192769e-01
-7.124486607235123e-01
-7.495747194269544e-01
-7.633255184733079e-01
-7.627303707542452e-01
-7.521895050099289e-01
-7.371266830962406e-01
-7.200760496097652e-01
-7.025765290911127e-01
-6.853187838026349e-01
-6.685622238496209e-01
-6.522961795875253e-01
-6.363521905068894e-01
-6.204595879721018e-01
-6.042751358307824e-01
-5.873954641479264e-01
-5.693596680354769e-01
-5.496458588092007e-01
-5.276644279660277e-01
-5.027504775405963e-01
-4.741587327842087e-01
-4.410662057572201e-01
-4.025931105712454e-01
-3.578572318264505e-01
-3.061034874011567e-01
-2.469202595658017e-01
-1.807424175859458e-01
-1.091639048058001e-01
-3.553148694721989e-02
3.581892693962194e-02
1.002846326351630e-01
-6.638496459481186e-01
-7.661095308113031e-01
-8.465140809706849e-01
-8.760423251150006e-01
-8.814195167439759e-01
-8.650906697646121e-01
-8.425600445194490e-01
-8.179171473812756e-01
-7.938907632987215e-01
-7.713329241818939e-01
-7.504798952040551e-01
-7.311936579213260e-01
-7.131735329586990e-01
-6.960326422861248e-01
-6.793367670678805e-01
-6.626160121551892e-01
-6.453638247144737e-01
-6.270281314237819e-01
-6.069974985405380e-01
-5.845836318367198e-01
-5.590012466826580e-01
-5.293468076467326e-01
-4.945797703877342e-01
-4.535133720039614e-01
-4.048357986957169e-01
-3.471860916645929e-01
-2.794215349707248e-01
-2.010155511918362e-01
-1.137426889594824e-01
-2.166666644778634e-02
6.706801619920089e-02
1.443721778196705e-01
-7.516674763827229e-01
-9.464671805281422e-01
-1.009079386817381e+00
-1.042287249257116e+00
-1.009521126676130e+00
-9.713882117120141e-01
-9.318321070575725e-01
-8.960746261790093e-01
-8.644930185826114e-01
-8.369377755456721e-01
-8.128011418426383e-01
-7.914182984933010e-01
-7.721235347104851e-01
-7.542828538474815e-01
-7.372887212422206e-01
-7.205460961267922e-01
-7.034527898248106e-01
-6.853769900042141e-01
-6.656319020219194e-01
-6.434468034028300e-01
-6.179333155716900e-01
-5.880457586906869e-01
-5.525349049387867e-01
-5.098979256848918e-01
-4.583296819769687e-01
-3.957178172513156e-01
-3.196902144821682e-01
-2.282134819253302e-01
-1.200419519807646e-01
-2.126871324589691e-03
1.152192367053697e-01
2.118248691050232e-01
-1.013835835909818e+00
-1.128005826541727e+00
-1.314150679875870e+00
-1.218429759582133e+00
-1.143879220670220e+00
-1.072619983365141e+00
-1.015077554051455e+00
-9.679581543216403e-01
-9.295334751583014e-01
-8.978080353680322e-01
-8.712352465802986e-01
-8.485428942096546e-01
-8.286949320419307e-01
-8.108180076129879e-01
-7.941480011033873e-01
-7.779838235026645e-01
-7.616482234811137e-01
-7.444516886080241e-01
-7.256564529260515e-01
-7.044373428242811e-01
-6.798358792378545e-01
-6.507032297511464e-01
-6.156266716881330e-01
-5.728319147982643e-01
-5.200569889910196e-01
-4.543789120760214e-01
-3.720741835258735e-01
-2.683109323980754e-01
-1.385212648176656e-01
2.358960033536384e-02
1.860945796898392e-01
3.232774898275556e-01
-8.792351405237747e-01
-1.985587717194868e+00
-1.577426233812500e+00
-1.402161496333059e+00
-1.258196689631383e+00
-1.159201710769535e+00
-1.085392938696854e+00
-1.029748567459335e+00
-9.866138553369194e-01
-9.524845958097692e-01
-9.248766474565728e-01
-9.020137413248228e-01
-8.825565056243061e-01
-8.654503804035739e-01
-8.498199819953346e-01
-8.348959301242947e-01
-8.199590354267934e-01
-8.042937543725646e-01
-7.871445814927951e-01
-7.676700557638079e-01
-7.448887501220609e-01
-7.176102139159777e-01
-6.843406648417548e-01
-6.431483151767421e-01
-5.914603708906448e-01
-5.257584195273303e-01
-4.410471051214546e-01
-3.301887744036369e-01
-1.817558158313110e-01
1.781727306388434e-02
3.095599315479451e-01
5.188042019873468e-01
-4.570331843539916e+00
-2.353870844147567e+00
-1.822882636115406e+00
-1.514161684741949e+00
-1.337458145735597e+00
-1.220227064343705e+00
-1.138960747978315e+00
-1.079895298070667e+00
-1.035636799534169e+00
-1.001573093116425e+00
-9.747203867121750e-01
-9.530212038776862e-01
-9.349869696651152e-01
-9.194820472958913e-01
-9.055906629056569e-01
-8.925277975663091e-01
-8.795749585443369e-01
-8.660288676775254e-01
-8.511551410424175e-01
-8.341405003917948e-01
-8.140369479125927e-01
-7.896895563565630e-01
-7.596355118726348e-01
-7.219537080961727e-01
-6.740291045736961e-01
-6.121578780558549e-01
-5.308660114112838e-01
-4.215256039291881e-01
-2.698502381959869e-01
-4.731625090693389e-02
2.998001218796316e-01
1.050530747544318e+00

SCALARS sigma_yy double 1
LOOKUP_TABLE default
4.043359934057507e+00
2.027118948548627e+00
1.492074736757735e+00
1.163475002307662e+00
9.594463096286449e-01
8.149404522750234e-01
7.080877704399453e-01
6.258759096295976e-01
5.610744199292846e-01
5.090432906340828e-01
4.666823002483079e-01
4.317893051717974e-01
4.027273697160620e-01
3.782207604456497e-01
3.572267026586194e-01
3.388477039372650e-01
3.222668965291265e-01
3.066952692485387e-01
2.913232590499671e-01
2.752704316159462e-01
2.575267589617278e-01
2.368771708967430e-01
2.117970341675807e-01
1.802979302631134e-01
1.396881395544222e-01
8.617458750208989e-02
1.418005321588284e-02
-8.503306757407761e-02
-2.258490784248997e-01
-4.367333094214311e-01
-7.710871451836250e-01
-1.502369974516286e+00
8.570992441960539e-01
1.734597023733790e+00
1.312119446734850e+00
1.102146522897629e+00
9.281412311305381e-01
8.003741363033642e-01
7.005207445667041e-01
6.215736068790927e-01
5.579041086496046e-01
5.058889763409818e-01
4.628960415470171e-01
4.269885430663075e-01
3.966718202311186e-01
3.707472954569747e-01
3.482095206483251e-01
3.281731175672142e-01
3.098157467114374e-01
2.923294420733125e-01
2.748742153110753e-01
2.565286547700829e-01
2.362318280703758e-01
2.127093029418493e-01
1.843728334530540e-01
1.491782060084762e-01
1.044127970836877e-01
4.637840629351175e-02
-3.015576374335691e-02
-1.326466112404844e-01
-2.729397971812871e-01
-4.653155191703109e-01
-7.513561710279144e-01
-9.645409913011919e-01
9.710082534394745e-01
1.004288142753851e+00
1.104877861241327e+00
9.687369662526114e-01
8.579487486183115e-01
7.562619181025358e-01
6.719148912660751e-01
6.013596541940448e-01
5.425050798900040e-01
4.931205486190590e-01
4.514411929805001e-01
4.160029751324077e-01
3.855974921098606e-01
3.591979494875717e-01
3.359037635939632e-01
3.148923046887707e-01
2.953771123396874e-01
2.765687415437512e-01
2.576351680938678e-01
2.376583660305775e-01
2.155832669627131e-01
1.901543848043017e-01
1.598342925373748e-01
1.226956034921485e-01
7.628090833706427e-02
1.741028558083577e-02
-5.798836371555902e-02
-1.552282703504838e-01
-2.796074177711151e-01
-4.384625044630689e-01
-6.025889836983613e-01
-7.496048999090044e-01
7.418490502673736e-01
8.536545102699099e-01
8.551600065829530e-01
8.361226868258516e-01
7.653420300118854e-01
6.950667554125731e-01
6.282877335392303e-01
5.690583760039460e-01
5.172593915163954e-01
4.723567074530205e-01
4.334646642113801e-01
3.996904056804043e-01
3.701771769323933e-01
3.441263995939827e-01
3.207867634347573e-01
2.994356834738315e-01
2.793556581560125e-01
2.598077646667544e-01
2.400019389712904e-01
2.190630394895516e-01
1.959911730077664e-01
1.696147233745647e-01
1.385348009393167e-01
1.010629726293018e-01
5.515605356876785e-02
-1.612585040653036e-03
-7.203951078984054e-02
-1.587553293489264e-01
-2.638523626015042e-01
-3.817819413059801e-01
-5.041634338911962e-01
-6.135862749830958e-01
6.626933190635536e-01
7.017036129481323e-01
7.249188676726667e-01
7.079424856493796e-01
6.742099842835293e-01
6.258855990416126e-01
5.762045701748941e-01
5.284248694271102e-01
4.845959057616425e-01
4.451458422658474e-01
4.099876387235271e-01
3.787331709622131e-01
3.508765776291119e-01
3.258581004850573e-01
3.030939983926330e-01
2.819820666277793e-01
2.618955299003429e-01
2.421694179401121e-01
2.220818030063346e-01
2.008308245126940e-01
1.775081312678329e-01
1.510697642068216e-01
1.203074627755166e-01
8.382651921145620e-02
4.004944436673372e-02
-1.273220957409224e-02
-7.612688616089754e-02
-1.512944868627602e-01
-2.373603244391423e-01
-3.314903565383740e-01
-4.272254363563152e-01
-5.185742691816508e-01
5.795552905904779e-01
6.075276445252348e-01
6.170151044697201e-01
6.113524381077517e-01
5.888070428059218e-01
5.572801120654565e-01
5.205243910954886e-01
4.830766354823531e-01
4.469221538545896e-01
4.131654054959020e-01
3.821752099690149e-01
3.539547259645511e-01
3.282846714000326e-01
3.048209859628473e-01
2.831414023918105e-01
2.627682205272936e-01
2.431751786218694e-01
2.237849325072468e-01
2.039604283392049e-01
1.829924978890728e-01
1.600857212388589e-01
1.343453998132896e-01
1.047703066377817e-01
7.026084692159174e-02
2.965667503973668e-02
-1.815662138912397e-02
-7.406170269302965e-02
-1.382518379807877e-01
-2.099661119441719e-01
-2.869601605290667e-01
-3.663029243677239e-01
-4.451427901291176e-01
5.129770774604611e-01
5.275313790942890e-01
5.339179327836399e-01
5.289358369107707e-01
5.143876405420496e-01
4.918736579071634e-01
4.648293057313216e-01
4.356341697042491e-01
4.062930698798147e-01
3.779265324992990e-01
3.511464083646734e-01
3.261792628350532e-01
3.030110796648092e-01
2.814670289063640e-01
2.612641321747858e-01
2.420402870610599e-01
2.233691327056954e-01
2.047653759580446e-01
1.856842736338186e-01
1.655180084756109e-01
1.435916996820319e-01
1.191624527463814e-01
9.142668537122520e-02
5.954323149797430e-02
2.268617309644480e-02
-1.986264720931086e-02
-6.854461430891248e-02
-1.233570489941975e-01
-1.836452336813947e-01
-2.482091397893010e-01
-3.155673896349056e-01
-3.848057861525447e-01
4.514925854549607e-01
4.598939865330708e-01
4.625016187961167e-01
4.584731158830138e-01
4.475711299480852e-01
4.311212669248138e-01
4.106297723673604e-01
3.878687140627434e-01
3.642048091362977e-01
3.406657579654147e-01
3.178762067395931e-01
2.961664832246765e-01
2.756411566574779e-01
2.562438390955088e-01
2.378001678284592e-01
2.200468294707866e-01
2.026490963195684e-01
1.852106891539467e-01
1.672787492434082e-01
1.483465458607547e-01
1.278565884183951e-01
1.052073942780808e-01
7.976804685508618e-02
5.090640326956206e-02
1.803634523875541e-02
-1.930739139766023e-02
-6.138109166158913e-02
-1.081354820938457e-01
-1.591995692590267e-01
-2.139577650701543e-01
-2.718533272461839e-01
-3.328334828434345e-01
3.946241251397328e-01
3.988333318091634e-01
3.994285996285710e-01
3.954960479251828e-01
3.869898168455049e-01
3.743640500216900e-01
3.585815977873354e-01
3.406778126587029e-01
3.216523813836977e-01
3.022878000838188e-01
2.831441170267676e-01
2.645600507332973e-01
2.466944174402463e-01
2.295621662853803e-01
2.130665764138165e-01
1.970229659747928e-01
1.811755689189148e-01
1.652089702434697e-01
1.487560793147231e-01
1.314046407165740e-01
1.127044963531628e-01
9.217810739135848e-02
6.933729567296296e-02
4.370904506077841e-02
1.487308536288540e-02
-1.749162363480136e-02
-5.355688640651908e-02
-9.331783717071160e-02
-1.366082707416633e-01
-1.832073279999493e-01
-2.330397769225320e-01
-2.864940902285857e-01
3.406321612509085e-01
3.423950840990267e-01
3.416544523431966e-01
3.378884744489549e-01
3.309177788163800e-01
3.209915664006969e-01
3.086178441946452e-01
2.944655240606165e-01
2.791989355124992e-01
2.634031487203136e-01
2.475256191932051e-01
2.318700113437843e-01
2.166037179284345e-01
2.017775094793655e-01
1.873451205638042e-01
1.731808393000325e-01
1.590935796950768e-01
1.448379194743565e-01
1.301230328484765e-01
1.146208647720147e-01
9.797509330806967e-02
7.981258951271651e-02
5.975900568734845e-02
3.745976075831516e-02
1.260588765453384e-02
-1.503796003641246e-02
-4.561235864126487e-02
-7.916037599711484e-02
-1.156633976748546e-01
-1.551281344903684e-01
-1.977393185273092e-01
-2.440759360661772e-01
2.887944675427500e-01
2.890478313821268e-01
2.875735185842794e-01
2.840039161553193e-01
2.782032287422515e-01
2.702680451288402e-01
2.604969480117237e-01
2.492994130896273e-01
2.371230352073982e-01
2.243816897836945e-01
2.114167574949367e-01
1.984757397181904e-01
1.857102100669413e-01
1.731820971491637e-01
1.608746743766432e-01
1.487041087964210e-01
1.365302274997620e-01
1.241659872678133e-01
1.113859798184324e-01
9.793468388849082e-02
8.353540751235215e-02
6.790088328139081e-02
5.074628002881457e-02
3.180467881807644e-02
1.084388694982355e-02
-1.231889727325855e-02
-3.781024665735711e-02
-6.571060181385414e-02
-9.609037115284297e-02
-1.290817691833983e-01
-1.649902847521059e-01
-2.044521549757427e-01
2.385102076044486e-01
2.378863208663918e-01
2.360499486673534e-01
2.327684111755471e-01
2.279310027381669e-01
2.215794076698112e-01
2.138821277039760e-01
2.050957729216951e-01
1.955133224035688e-01
1.854217217764987e-01
1.750684529074349e-01
1.646431035649326e-01
1.542694027166947e-01
1.440057158321220e-01
1.338499393052970e-01
1.237465798725245e-01
1.135943563388000e-01
1.032536818991886e-01
9.255392272586609e-02
8.130072261591084e-02
6.928385480148039e-02
5.628604613645537e-02
4.209294959237124e-02
2.650387732147366e-02
9.341886486795389e-03
-9.539430228577186e-03
-3.025674184694013e-02
-5.291059908251159e-02
-7.761781843629179e-02
-1.045673261764934e-01
-1.341031767921967e-01
-1.668403096051911e-01
1.893624190522918e-01
1.882560060457463e-01
1.863147819238279e-01
1.833930905262624e-01
1.794155345817868e-01
1.743971900686155e-01
1.684363263923880e-01
1.616907066189596e-01
1.543492176703796e-01
1.466031161530154e-01
1.386235981278645e-01
1.305463479828939e-01
1.224636614439592e-01
1.144221881773707e-01
1.064246713726354e-01
9.843390850534559e-02
9.037781236710846e-02
8.215488416690218e-02
7.363985982121193e-02
6.468955695314707e-02
5.514908157973850e-02
4.485851787551067e-02
3.366000180528193e-02
2.140463580126263e-02
7.958061601740778e-03
-6.797320942754335e-03
-2.296626200064562e-02
-4.065409226000190e-02
-5.999305954260898e-02
-8.118471429824070e-02
-1.045608773068052e-01
-1.306691106778912e-01
1.410148907402089e-01
1.396771086713468e-01
1.377950762627883e-01
1.352888124362223e-01
1.321137302033493e-01
1.282776937810417e-01
1.238377635504534e-01
1.188886270542279e-01
1.135459212613767e-01
1.079293814793802e-01
1.021481897318345e-01
9.629048492127462e-02
9.041708524524139e-02
8.455901044801234e-02
7.871776336242554e-02
7.286743811904654e-02
6.695785377870775e-02
6.091821729146493e-02
5.466105660645748e-02
4.808635182890900e-02
4.108586741587962e-02
3.354765698770527e-02
2.536054850487519e-02
1.641812857696313e-02
6.621335026586787e-03
-4.121688856591550e-03
-1.590026812092005e-02
-2.881244370211072e-02
-4.298491160986741e-02
-5.860364735105502e-02
-7.595733786696289e-02
-9.549875082075110e-02
9.318788317385512e-02
9.176663296086782e-02
9.004226151108639e-02
8.798552192466208e-02
8.558076207962492e-02
8.283683626570619e-02
7.978661613587817e-02
7.648150049022194e-02
7.298335456187890e-02
6.935577437345493e-02
6.565640888856550e-02
6.193114845664834e-02
5.821054254878819e-02
5.450821405420948e-02
5.082085927917974e-02
4.712932090640649e-02
4.340031276887211e-02
3.958849269580111e-02
3.563871071419890e-02
3.148835296807682e-02
2.706974133158364e-02
2.231252121388338e-02
1.714587031654947e-02
1.150019467156541e-02
5.307755705147379e-03
-1.498578278277474e-03
-8.989480270363243e-03
-1.724739419566833e-02
-2.638009460461881e-02
-3.654090372529196e-02
-4.795720232412544e-02
-6.097130824168343e-02
4.563276253798575e-02
4.419903273600568e-02
4.267825536372518e-02
4.108500905776603e-02
3.943101306585279e-02
3.773035216100737e-02
3.599978101920773e-02
3.425764429977193e-02
3.252200655242313e-02
3.080869468534946e-02
2.912960643125706e-02
2.749155698161429e-02
2.589568913733475e-02
2.433739605905084e-02
2.280661094320751e-02
2.128832526415974e-02
1.976320876945752e-02
1.820824825501623e-02
1.659735543944238e-02
1.490191515404370e-02
1.309125267296982e-02
1.113297865818033e-02
8.993129238183191e-03
6.635954225613592e-03
4.023124520548327e-03
1.112034114715629e-03
-2.147228287133107e-03
-5.816746577166068e-03
-9.978111337255822e-03
-1.474301081232388e-02
-2.026825028710343e-02
-2.677798293610799e-02
-1.883143986921346e-03
-3.323267393396888e-03
-4.639742089134242e-03
-5.775402473588694e-03
-6.690961118119195e-03
-7.365764190394106e-03
-7.796886553453711e-03
-7.996478619086526e-03
-7.987842599478434e-03
-7.801071054609450e-03
-7.468868736919229e-03
-7.023084731342628e-03
-6.492159406500008e-03
-5.899531572232577e-03
-5.262880402335874e-03
-4.594036061068193e-03
-3.899383094954427e-03
-3.180622158489290e-03
-2.435801213238491e-03
-1.660573697604669e-03
-8.496679889792198e-04
1.434821064807967e-06
8.946349358711202e-04
1.827207589066933e-03
2.789749369188486e-03
3.764209682834726e-03
4.722139150739950e-03
5.623243198013156e-03
6.414187637180619e-03
7.027349709523019e-03
7.378820780343969e-03
7.364230000803508e-03
-4.958946448297503e-02
-5.109224846012408e-02
-5.224781156347916e-02
-5.295187200599100e-02
-5.313579356607163e-02
-5.277316114228840e-02
-5.187797648246674e-02
-5.049725963201537e-02
-4.870052722499001e-02
-4.656823482917687e-02
-4.418128786118113e-02
-4.161269834175749e-02
-3.892194165628317e-02
-3.615184407933672e-02
-3.332758313086322e-02
-3.045722738618252e-02
-2.753332437952457e-02
-2.453516757167151e-02
-2.143152683020413e-02
-1.818374610242550e-02
-1.474918060740162e-02
-1.108494573884985e-02
-7.151883447513472e-03
-2.918511809042637e-03
1.635455370605790e-03
6.516627481467762e-03
1.171723568679088e-02
1.721696809486347e-02
2.298791772950178e-02
2.900288277557077e-02
3.524679118140427e-02
4.173110244564052e-02
-9.772465005598069e-02
-9.941552598899091e-02
-1.005019076111785e-01
-1.008218174851977e-01
-1.002736035965429e-01
-9.882902860263268e-02
-9.652829788097056e-02
-9.346586450503983e-02
-8.977029732055791e-02
-8.558373678306130e-02
-8.104372461858139e-02
-7.626977785027750e-02
-7.135487777703531e-02
-6.636148926826288e-02
-6.132096922727340e-02
-5.623531485425914e-02
-5.108033207200419e-02
-4.580963986538027e-02
-4.035920182036146e-02
-3.465229646691748e-02
-2.860495116307808e-02
-2.213186234538819e-02
-1.515269359005998e-02
-7.598384471755815e-03
5.832697751241012e-04
9.423911040360375e-03
1.893429072229579e-02
2.910895215420899e-02
3.993738468079971e-02
5.142256767742993e-02
6.360717758462078e-02
7.660834933876090e-02
-1.465495750417017e-01
-1.486400523270500e-01
-1.498082025944673e-01
-1.498147016708694e-01
-1.485208630646831e-01
-1.459049586798595e-01
-1.420526852049402e-01
-1.371291159144475e-01
-1.313452631899065e-01
-1.249239802001263e-01
-1.180729881568466e-01
-1.109658759019173e-01
-1.037318699007164e-01
-9.645220252078590e-02
-8.916126467246266e-02
-8.185051854146991e-02
-7.447387896852532e-02
-6.695375785126607e-02
-5.918747705789677e-02
-5.105407288379584e-02
-4.242168813212058e-02
-3.315574394895172e-02
-2.312789966317107e-02
-1.222538946199721e-02
-3.597244232434182e-04
1.252704157491735e-02
2.646097226852488e-02
4.144283018495880e-02
5.746534107413419e-02
7.454323424330163e-02
9.275677057132697e-02
1.123104336571319e-01
-1.963640404457460e-01
-1.991847666840019e-01
-2.006621377713444e-01
-2.004523772434562e-01
-1.983725544608539e-01
-1.944285207995994e-01
-1.887843925965372e-01
-1.817173049060453e-01
-1.735570324357533e-01
-1.646361461761268e-01
-1.552503244627512e-01
-1.456359117318273e-01
-1.359595990717827e-01
-1.263180029545605e-01
-1.167424993313044e-01
-1.072067749068162e-01
-9.763516732782969e-02
-8.791102912564257e-02
-7.788496308349628e-02
-6.738323888064909e-02
-5.621691326252001e-02
-4.419220080608549e-02
-3.112240423910859e-02
-1.684118432639828e-02
-1.215960710084410e-03
1.584097415651185e-02
3.436763699251760e-02
5.435868889672159e-02
7.578829745132003e-02
9.865323547377378e-02
1.230381652982404e-01
1.492044250879604e-01
-2.475352711375606e-01
-2.515851367729980e-01
-2.537098492648323e-01
-2.534029670763682e-01
-2.504467966164361e-01
-2.449058386436098e-01
-2.370910582454891e-01
-2.274541295520321e-01
-2.165026798929304e-01
-2.047162098711465e-01
-1.925000217062399e-01
-1.801591891661817e-01
-1.678949801872458e-01
-1.558110941880673e-01
-1.439255665714702e-01
-1.321835423791046e-01
-1.204693428900159e-01
-1.086171877602762e-01
-9.642090436548857e-02
-8.364339404118655e-02
-7.002690069070269e-02
-5.530518454466690e-02
-3.921854032486179e-02
-2.153191946219921e-02
-2.055281235907674e-03
1.933705236862618e-02
4.269340811703158e-02
6.798692298261118e-02
9.514141706779362e-02
1.240898939252984e-01
1.548678641521060e-01
1.877437072668676e-01
-3.005251350364408e-01
-3.065828026958495e-01
-3.098307756917366e-01
-3.095742288836212e-01
-3.055362634901634e-01
-2.979510823326316e-01
-2.873673748675076e-01
-2.745347996578841e-01
-2.602115930637189e-01
-2.450767333121356e-01
-2.296607219310413e-01
-2.143367881706943e-01
-1.993281681322180e-01
-1.847297325782022e-01
-1.705298643479110e-01
-1.566303146971101e-01
-1.428622256027983e-01
-1.289988087769492e-01
-1.147656800175481e-01
-9.985031877606414e-02
-8.391235441525521e-02
-6.659657050699383e-02
-4.755048604285818e-02
-2.644805884218469e-02
-3.019295244814535e-03
2.291657493083200e-02
5.142306493805558e-02
8.243473381987367e-02
1.157817249051773e-01
1.512624341044838e-01
1.887775586796084e-01
2.285191471572895e-01
-3.560085454153825e-01
-3.652130288919587e-01
-3.703358366173238e-01
-3.702132740215481e-01
-3.647102586438554e-01
-3.542886221557593e-01
-3.400180246099671e-01
-3.230705161088822e-01
-3.045937280362438e-01
-2.854983453434123e-01
-2.664494821366982e-01
-2.478657533872028e-01
-2.299655019808138e-01
-2.128073186366135e-01
-1.963265862675173e-01
-1.803625822740715e-01
-1.646779646426312e-01
-1.489721581556918e-01
-1.328908350127941e-01
-1.160336838151744e-01
-9.796289057405706e-02
-7.821506586824485e-02
-5.631985557206817e-02
-3.182842594768578e-02
-4.355002129681970e-03
2.637096692744519e-02
6.044682867834348e-02
9.775890224927732e-02
1.379845819084954e-01
1.806832577578797e-01
2.254768891625349e-01
2.723413610730161e-01
-4.147993157478357e-01
-4.292393396844595e-01
-4.370876460727836e-01
-4.372415355974609e-01
-4.293252760258941e-01
-4.147969369056464e-01
-3.953492433587271e-01
-3.730069504031185e-01
-3.493464177300161e-01
-3.255681078495664e-01
-3.024186216738267e-01
-2.803135717134789e-01
-2.594149534086122e-01
-2.397049680190989e-01
-2.210352256966127e-01
-2.031602673999953e-01
-1.857581411295467e-01
-1.684423386503919e-01
-1.507682064496431e-01
-1.322367385132788e-01
-1.122986644337331e-01
-9.036233771321409e-02
-6.580987029484656e-02
-3.802781008330405e-02
-6.458318577235805e-03
2.931972917100796e-02
6.949349799853344e-02
1.139065527765622e-01
1.620269250237638e-01
2.130048131083712e-01
2.659556366026888e-01
3.203783485680265e-01
-4.788858314645480e-01
-5.009176084938319e-01
-5.136252686939221e-01
-5.131397538809899e-01
-5.014201153562490e-01
-4.802260247429898e-01
-4.534788252644623e-01
-4.239105526859409e-01
-3.938446648005007e-01
-3.645991243363066e-01
-3.369154122356588e-01
-3.110978083312900e-01
-2.871788093177362e-01
-2.650104935758270e-01
-2.443252673178842e-01
-2.247697879159878e-01
-2.059228931631988e-01
-1.873027821705382e-01
-1.683676308656181e-01
-1.485126963464375e-01
-1.270669025241466e-01
-1.032925551100638e-01
-7.639373978124492e-02
-4.554135768775944e-02
-9.929549820329675e-03
3.112557538431815e-02
7.800584837176065e-02
1.306083585150819e-01
1.881143605577924e-01
2.490735999204201e-01
3.116409358617728e-01
3.744035314103442e-01
-5.487840030138426e-01
-5.869404244356022e-01
-6.038422070523668e-01
-6.031352410524937e-01
-5.826437457377069e-01
-5.514030724307358e-01
-5.137036804354176e-01
-4.747867596614430e-01
-4.369697620955728e-01
-4.015672575996685e-01
-3.690524769710251e-01
-3.394818094405163e-01
-3.126589458347178e-01
-2.882474729775603e-01
-2.658251149313424e-01
-2.449109603579271e-01
-2.249746900233805e-01
-2.054352721794862e-01
-1.856528826600851e-01
-1.649166847086616e-01
-1.424307150077556e-01
-1.173009078573711e-01
-8.852816813446190e-02
-5.501757430514134e-02
-1.561847126327826e-02
3.076315608414315e-02
8.496848148315611e-02
1.471050452181427e-01
2.162560743141344e-01
2.899052662601362e-01
3.647124448860580e-01
4.372446604933689e-01
-6.377233153712419e-01
-6.894148302420405e-01
-7.229928360849354e-01
-7.098914211699796e-01
-6.770113148731749e-01
-6.267361930305412e-01
-5.743477826949552e-01
-5.236389477624745e-01
-4.770273651236208e-01
-4.350660134637315e-01
-3.977164452701898e-01
-3.645942286213896e-01
-3.351805515348102e-01
-3.088965929707607e-01
-2.851392321265188e-01
-2.632889567411371e-01
-2.427046842832648e-01
-2.227102549395409e-01
-2.025753826636580e-01
-1.814921719529800e-01
-1.585479311073686e-01
-1.326953786069684e-01
-1.027233471784886e-01
-6.723435149201012e-02
-2.464900355421207e-02
2.673934452420024e-02
8.852387422270484e-02
1.618187456154445e-01
2.456097283627930e-01
3.367965984116177e-01
4.284192958102699e-01
5.137907192650197e-01
-7.218018198583774e-01
-8.588311779576911e-01
-8.683329001846859e-01
-8.537263933608501e-01
-7.786004907473022e-01
-7.033075988045793e-01
-6.313506558559367e-01
-5.674919359625702e-01
-5.116766722850820e-01
-4.633693889986346e-01
-4.216249169923502e-01
-3.854868811506674e-01
-3.540390574701779e-01
-3.264326156023748e-01
-3.018754719301592e-01
-2.796130402589647e-01
-2.589033683020475e-01
-2.389893458639089e-01
-2.190677109833315e-01
-1.982538563976124e-01
-1.755408599498993e-01
-1.497511029505531e-01
-1.194791146339166e-01
-8.302750798301375e-02
-3.833986286288762e-02
1.702876020662183e-02
8.589751762724430e-02
1.709056707995127e-01
2.741214917240093e-01
3.896971927004129e-01
5.087389534714648e-01
6.128023577373426e-01
-9.791797358669336e-01
-1.026828842464039e+00
-1.152528720275247e+00
-1.003536610318675e+00
-8.826987358159550e-01
-7.713563060936564e-01
-6.791843112655103e-01
-6.022208488406161e-01
-5.381702014666940e-01
-4.845597260202358e-01
-4.394432741687645e-01
-4.012142067513400e-01
-3.685564296683394e-01
-3.403617731471225e-01
-3.156687317775639e-01
-2.936094571238179e-01
-2.733644116327462e-01
-2.541204403526869e-01
-2.350289411634666e-01
-2.151605043954359e-01
-1.934520112488996e-01
-1.686412344751939e-01
-1.391828502981970e-01
-1.031371289651142e-01
-5.802539675138074e-02
-6.309870943449480e-04
7.317716168928906e-02
1.688068811334409e-01
2.916514373429989e-01
4.492045455647463e-01
6.112552080764861e-01
7.542962964692917e-01
-8.383864577839123e-01
-1.865944659938257e+00
-1.388988999984295e+00
-1.155482765005252e+00
-9.619022302183861e-01
-8.204884601960332e-01
-7.103287265033003e-01
-6.235226892834984e-01
-5.537188861069364e-01
-4.968541605725647e-01
-4.499912771001260e-01
-4.109840163750933e-01
-3.781894246352354e-01
-3.503030114178233e-01
-3.262431528179895e-01
-3.050698329388457e-01
-2.859219848637158e-01
-2.679648487685358e-01
-2.503406034829507e-01
-2.321165555633155e-01
-2.122248299579654e-01
-1.893860121276421e-01
-1.620058330380363e-01
-1.280287467423792e-01
-8.471881719902086e-02
-2.833195999719418e-02
4.645026830688356e-02
1.472410751305770e-01
2.861892131243564e-01
4.779888606702798e-01
7.655527416073858e-01
9.773073095530338e-01
-4.514141479888438e+00
-2.202115520945883e+00
-1.596189126053855e+00
-1.225849872822828e+00
-9.975102517548402e-01
-8.365448345831720e-01
-7.180221071191932e-01
-6.271380790409218e-01
-5.557087771836099e-01
-4.985057883918155e-01
-4.520560281502056e-01
-4.139089331124363e-01
-3.822578220907721e-01
-3.557086471948295e-01
-3.331354825930202e-01
-3.135825366360709e-01
-2.961927516275807e-01
-2.801504370213297e-01
-2.646295626233309e-01
-2.487408767709638e-01
-2.314709214240078e-01
-2.116041964715966e-01
-1.876155979871899e-01
-1.575116874791175e-01
-1.185838274928855e-01
-6.699717928037069e-02
2.915516923494232e-03
1.000787072870901e-01
2.392516747810457e-01
4.497568652683717e-01
7.867631109975711e-01
1.532707887466373e+00

SCALARS sigma_xy double 1
LOOKUP_TABLE default
3.089515568325570e-01
3.040170739343865e-01
2.978998516270406e-01
2.928447292225964e-01
2.891318306758671e-01
2.868127340938091e-01
2.858278272906379e-01
2.860857042371410e-01
2.874859106675762e-01
2.899304467958579e-01
2.933286739971003e-01
2.975996983239085e-01
3.026735198694808e-01
3.084916952258455e-01
3.150078908179697e-01
3.221885702703066e-01
3.300139972093755e-01
3.384797232425587e-01
3.475987500577160e-01
3.574046019073979e-01
3.679556226954638e-01
3.793409299403820e-01
3.916886317223024e-01
4.051771677792397e-01
4.200510109327851e-01
4.366425128678798e-01
4.554024980026559e-01
4.769432573555972e-01
5.020994222969996e-01
5.320103485070644e-01
5.682361680581401e-01
6.126932485201105e-01
2.899697226633959e-01
2.906294989108651e-01
2.891413030781061e-01
2.873872845069738e-01
2.861503603534828e-01
2.857068963776608e-01
2.861575952277762e-01
2.875179504402616e-01
2.897653412373470e-01
2.928602775623547e-01
2.967578599660290e-01
3.014140388793770e-01
3.067893198513483e-01
3.128511353516709e-01
3.195755830894169e-01
3.269489449689419e-01
3.349692693245003e-01
3.436482391158214e-01
3.530135337379113e-01
3.631119078958630e-01
3.740132524545938e-01
3.858159689152815e-01
3.986540816901338e-01
4.127066296229210e-01
4.282100054596094e-01
4.454740045480027e-01
4.649022311175114e-01
4.870167864961598e-01
5.124840313304859e-01
5.421286714391518e-01
5.768793203772030e-01
6.173536452330644e-01
2.739295982648424e-01
2.762115513817472e-01
2.776979287246288e-01
2.786504669400707e-01
2.796628606510413e-01
2.810607983109276e-01
2.830110597580694e-01
2.855932883473685e-01
2.888386208615293e-01
2.927522627501550e-01
2.973264481688562e-01
3.025483360995828e-01
3.084049996316323e-01
3.148867924228078e-01
3.219898264813165e-01
3.297180248168254e-01
3.380850612879233e-01
3.471164229082631e-01
3.568517945537291e-01
3.673479578113509e-01
3.786824048221082e-01
3.909578872812943e-01
4.043081396215483e-01
4.189050138272969e-01
4.349671950282429e-01
4.527704291263529e-01
4.726585364635493e-01
4.950528432531184e-01
5.204533691249217e-01
5.494160196584796e-01
5.824539158198825e-01
6.199497718709420e-01
2.602640741611714e-01
2.637059537104547e-01
2.669089530370151e-01
2.698362152207158e-01
2.726887997975110e-01
2.757026016322236e-01
2.790380180237980e-01
2.827956019718102e-01
2.870351495523358e-01
2.917908737374330e-01
2.970820240849881e-01
3.029201109355989e-01
3.093139051959773e-01
3.162730210941594e-01
3.238106449525874e-01
3.319457937100683e-01
3.407053776481957e-01
3.501262747648806e-01
3.602575856190462e-01
3.711632159789697e-01
3.829249209164373e-01
3.956459283567780e-01
4.094552271924272e-01
4.245125285838534e-01
4.410137380576739e-01
4.591964125376840e-01
4.793439474660838e-01
5.017857543355799e-01
5.268884643399354e-01
5.550282437128246e-01
5.865557786117241e-01
6.218037140486790e-01
2.482909040018251e-01
2.525980679609152e-01
2.570485034539907e-01
2.614098101495078e-01
2.657264505776859e-01
2.701095066140809e-01
2.746764929142311e-01
2.795197691335742e-01
2.847073584548519e-01
2.902884562335966e-01
2.962995511765202e-01
3.027695426394663e-01
3.097237734450912e-01
3.171871891457332e-01
3.251868852315169e-01
3.337542727948700e-01
3.429270502185911e-01
3.527511316213626e-01
3.632826537081777e-01
3.745901586822736e-01
3.867570258250268e-01
3.998841899220107e-01
4.140931269663298e-01
4.295289852707975e-01
4.463635569319835e-01
4.647974758771383e-01
4.850605202700586e-01
5.074083299960882e-01
5.321132392721984e-01
5.594517173572688e-01
5.896989257305379e-01
6.231754961673630e-01
2.377580449286608e-01
2.427860301727552e-01
2.481920479559603e-01
2.536638859016396e-01
2.591439587247488e-01
2.646671139597654e-01
2.703005927150661e-01
2.761157442473958e-01
2.821759671759174e-01
2.885350189893293e-01
2.952385539552401e-01
3.023266712510584e-01
3.098364930929405e-01
3.178044997321479e-01
3.262685897862527e-01
3.352699258209619e-01
3.448546482766368e-01
3.550755387297682e-01
3.659937007845865e-01
3.776803082777155e-01
3.902184443473874e-01
4.037050166376216e-01
4.182526749092232e-01
4.339915666518473e-01
4.510706327225200e-01
4.696579673657663e-01
4.899396165447522e-01
5.121162235163897e-01
5.363982385085259e-01
5.630035892554921e-01
5.921689310222091e-01
6.242129128239086e-01
2.284793172830854e-01
2.341225783861934e-01
2.403015332763363e-01
2.466591848205297e-01
2.530819899838510e-01
2.595514084215776e-01
2.660963312303939e-01
2.727645792463156e-01
2.796091352731118e-01
2.866818645966024e-01
2.940317763194612e-01
3.017052525139722e-01
3.097471262801205e-01
3.182020435635107e-01
3.271158789666981e-01
3.365371243668338e-01
3.465182382151336e-01
3.571169693891028e-01
3.683976734918932e-01
3.804326302849207e-01
3.933033507927133e-01
4.071018311539299e-01
4.219316651069997e-01
4.379088683780345e-01
4.551622027275060e-01
4.738327539879050e-01
4.940725996500966e-01
5.160429047271122e-01
5.399129952711159e-01
5.658649423397772e-01
5.941134100502795e-01
6.249760915391056e-01
2.203379746831548e-01
2.265131447856350e-01
2.333314068823783e-01
2.404120755539559e-01
2.476070410119692e-01
2.548632015272005e-01
2.621804583994876e-01
2.695864809357936e-01
2.771223968064246e-01
2.848350222189772e-01
2.927730612884405e-01
3.009856554129421e-01
3.095221767882638e-01
3.184326620662621e-01
3.277685537158406e-01
3.375835806174885e-01
3.479346951066101e-01
3.588830265717012e-01
3.704948284156300e-01
3.828423959156173e-01
3.960049217268715e-01
4.100692364823267e-01
4.251303569072782e-01
4.412917407037149e-01
4.586651447553214e-01
4.773700448703045e-01
4.975328018005998e-01
5.192863090998253e-01
5.427720282381463e-01
5.681487673841021e-01
5.956171046542065e-01
6.254930600784414e-01
2.132493132199520e-01
2.198833420318627e-01
2.272356376933863e-01
2.349119967019925e-01
2.427429787345149e-01
2.506522674440600e-01
2.586189499432451e-01
2.666544634978738e-01
2.747890401867181e-01
2.830634028584975e-01
2.915239974307935e-01
3.002204444031562e-01
3.092043747646708e-01
3.185290827112929e-01
3.282496502642037e-01
3.384233346515008e-01
3.491100943443698e-01
3.603731774487571e-01
3.722797203246913e-01
3.849013131855509e-01
3.983144883079663e-01
4.126010803343403e-01
4.278484027240497e-01
4.441491913004641e-01
4.616013055925465e-01
4.803072960082992e-01
5.003742083299696e-01
5.219145459514507e-01
5.450503368202917e-01
5.699244499909089e-01
5.967274662361249e-01
6.257727718941610e-01
2.071517098878826e-01
2.141774241945774e-01
2.219746587688640e-01
2.301414941423700e-01
2.384948206524968e-01
2.469427104775428e-01
2.554493177950392e-01
2.640136187181085e-01
2.726566257410054e-01
2.814131416886707e-01
2.903265542406220e-01
2.994456615707857e-01
3.088228474881503e-01
3.185131345097481e-01
3.285737923986020e-01
3.390642884481476e-01
3.500464375882971e-01
3.615846561988423e-01
3.737462502898205e-01
3.866016831667882e-01
4.002247746779199e-01
4.146927893046166e-01
4.300863806613145e-01
4.464893876222087e-01
4.639885421304777e-01
4.826732870200927e-01
5.026361714451969e-01
5.239748013500177e-01
5.467972569715359e-01
5.712349269454071e-01
5.974706944432902e-01
6.258146113624515e-01
2.019988639696801e-01
2.093524277116615e-01
2.175154165291995e-01
2.260814271021886e-01
2.348584665747203e-01
2.437439752512383e-01
2.526914881306297e-01
2.616906237509816e-01
2.707550108229557e-01
2.799142555879022e-01
2.892086046733684e-01
2.986854288779410e-01
3.083969736494408e-01
3.183989777273405e-01
3.287498774264186e-01
3.395103946602273e-01
3.507433652365052e-01
3.625137038690512e-01
3.748884287854052e-01
3.879366863521054e-01
4.017297289530327e-01
4.163408129142517e-01
4.318450044338640e-01
4.483189218003852e-01
4.658405186975795e-01
4.844891575053821e-01
5.043464808517184e-01
5.254990663199244e-01
5.480447192892679e-01
5.721062104836878e-01
5.978601619648561e-01
6.256128996195628e-01
1.977559214826600e-01
2.053754740246186e-01
2.138311975033734e-01
2.227140602291117e-01
2.318262262120787e-01
2.410578938898086e-01
2.503551089486997e-01
2.597006317823269e-01
2.691024141872393e-01
2.785858142195800e-01
2.881882563181528e-01
2.979555453071744e-01
3.079393526916611e-01
3.181955349279580e-01
3.287830362188717e-01
3.397631923397997e-01
3.511992984147232e-01
3.631563374759352e-01
3.757007911982314e-01
3.889004730466899e-01
4.028243405572406e-01
4.175422625204722e-01
4.331247447012195e-01
4.496426647039433e-01
4.671671475562603e-01
4.857698561519487e-01
5.055242184604273e-01
5.265085642020814e-01
5.488129742911750e-01
5.725535491691673e-01
5.979016545004308e-01
6.251597652405815e-01
1.943968939837976e-01
2.022217154088068e-01
2.109010317679698e-01
2.200242256907231e-01
2.293896275693730e-01
2.388825627233526e-01
2.484439147335598e-01
2.580515827789336e-01
2.677093591466986e-01
2.774393549990673e-01
2.872767065521514e-01
2.972658101089574e-01
3.074576494828462e-01
3.179079133702727e-01
3.286756832058106e-01
3.398225251203145e-01
3.514118580410074e-01
3.635084987898095e-01
3.761783074875732e-01
3.894878756433363e-01
4.035042178100829e-01
4.182944499518322e-01
4.339254691926124e-01
4.504636996194405e-01
4.679750504999340e-01
4.865253722499611e-01
5.061819331608514e-01
5.270168731092022e-01
5.491143968545552e-01
5.725853451508406e-01
5.975966103446626e-01
6.244468918952705e-01
1.919030767115187e-01
1.998730485271983e-01
2.087091954605225e-01
2.179998796863474e-01
2.275409796387260e-01
2.372146770421234e-01
2.469584806223430e-01
2.567470573563310e-01
2.665813761358635e-01
2.764812877649346e-01
2.864802809788370e-01
2.966216832690267e-01
3.069558947327624e-01
3.175383764315980e-01
3.284281928274350e-01
3.396869553212223e-01
3.513780472203575e-01
3.635660357886880e-01
3.763161976975061e-01
3.896941030414127e-01
4.037652225501657e-01
4.185945465642743e-01
4.342462376453394e-01
4.507833897501582e-01
4.682680478868218e-01
4.867617775480605e-01
5.063273035248499e-01
5.270321595262984e-01
5.489560820709943e-01
5.722057423691459e-01
5.969442252821174e-01
6.234666707015479e-01
1.902620317474125e-01
1.983172559930263e-01
2.072448101374803e-01
2.166323215857439e-01
2.262742260580165e-01
2.360508994364156e-01
2.458979197433340e-01
2.557881005118941e-01
2.657207845779970e-01
2.757145151158972e-01
2.858018247305613e-01
2.960254199121760e-01
3.064353616461941e-01
3.170869767001850e-01
3.280393104860044e-01
3.393539770370610e-01
3.510942922213052e-01
3.633245995550597e-01
3.761097174942390e-01
3.895144556417907e-01
4.036031671864711e-01
4.184393296043670e-01
4.340851797004889e-01
4.506014803153723e-01
4.680475760532094e-01
4.864820280897347e-01
5.059643436722852e-01
5.265587309652549e-01
5.483415938125906e-01
5.714163328178341e-01
5.959428272852894e-01
6.222129647861123e-01
1.894669647596489e-01
1.975474694248386e-01
2.065015645513905e-01
2.159162793927253e-01
2.255854136573482e-01
2.353886580000562e-01
2.452609082149621e-01
2.551743553974721e-01
2.651278262343216e-01
2.751394817926393e-01
2.852416134233397e-01
2.954768149551577e-01
3.058951361176387e-01
3.165519565925489e-01
3.275063960523315e-01
3.388201192383591e-01
3.505564246663509e-01
3.627795279694097e-01
3.755539699390542e-01
3.889440977881112e-01
4.030135882248476e-01
4.178250059628129e-01
4.334394255935997e-01
4.499161959443344e-01
4.673130054392179e-01
4.856865382264403e-01
5.050942339826537e-01
5.255980760336446e-01
5.472721124783733e-01
5.702172627925565e-01
5.945907668721663e-01
6.206816190224370e-01
1.895163796629442e-01
1.975618648081357e-01
2.064775451188102e-01
2.158499349861564e-01
2.254729292199616e-01
2.352265707311575e-01
2.450462455153172e-01
2.549046952719821e-01
2.648013064596893e-01
2.747547741864771e-01
2.847978754563132e-01
2.949736278367442e-01
3.053324359388452e-01
3.159299628920014e-01
3.268255403021383e-01
3.380809742408984e-01
3.497596347020883e-01
3.619257386932297e-01
3.746437564345233e-01
3.879778887846178e-01
4.019915842092611e-01
4.167470887197576e-01
4.323050565394148e-01
4.487243004328667e-01
4.660618399554814e-01
4.843735369644259e-01
5.037158306463962e-01
5.241494956586811e-01
5.457471265025359e-01
5.686078983325946e-01
5.928869578744531e-01
6.188707839102634e-01
1.904139541385711e-01
1.983635461499884e-01
2.071751660096290e-01
2.164349262247562e-01
2.259375823081169e-01
2.355646016858211e-01
2.452530645645545e-01
2.549774622940269e-01
2.647388363036430e-01
2.745573444036324e-01
2.844669826973029e-01
2.945117307289054e-01
3.047427127021112e-01
3.152161024032524e-01
3.259915769794004e-01
3.371311705381554e-01
3.486984102370906e-01
3.607576417293370e-01
3.733734711126113e-01
3.866102696400199e-01
4.005317077137389e-01
4.152003096136349e-01
4.306770545423113e-01
4.470211007651033e-01
4.642897894389932e-01
4.825392169765677e-01
5.018258896340524e-01
5.222103879170629e-01
5.437647507419436e-01
5.665871389791143e-01
5.908311430602528e-01
6.167810922466155e-01
1.921686119416711e-01
1.999605970400967e-01
2.086011915800715e-01
2.176763360304754e-01
2.269825611009394e-01
2.364039873685949e-01
2.458807350040261e-01
2.553903552139875e-01
2.649367120972296e-01
2.745423882786145e-01
2.842433319851351e-01
2.940849969576473e-01
3.041195490278605e-01
3.144038485734726e-01
3.249979983924058e-01
3.359642962463112e-01
3.473664666724224e-01
3.592690736711174e-01
3.717370378400567e-01
3.848352012633998e-01
3.986279035402458e-01
4.131785565987151e-01
4.285492393717046e-01
4.448003843904533e-01
4.619907090153525e-01
4.801776787098932e-01
4.994190189466773e-01
5.197762123079736e-01
5.413217067592399e-01
5.641534177086867e-01
5.884239165570009e-01
6.144157056865052e-01
1.947947967171143e-01
2.023663016410400e-01
2.107668483276929e-01
2.195826611501706e-01
2.286132502204139e-01
2.377469199682673e-01
2.469284454522515e-01
2.561399522771299e-01
2.653894203353314e-01
2.747028671471359e-01
2.841189093701633e-01
2.936849234971485e-01
3.034543466042673e-01
3.134847958193961e-01
3.238367721725267e-01
3.345727713575792e-01
3.457566656010212e-01
3.574532521494341e-01
3.697278881596314e-01
3.826461520219586e-01
3.962734904057856e-01
4.106748329525613e-01
4.259141882038706e-01
4.420542842559653e-01
4.591563989410857e-01
4.772806624780485e-01
4.964873517900773e-01
5.168401264565058e-01
5.384129590124971e-01
5.613043827630746e-01
5.856665010566462e-01
6.117802317199166e-01
1.983129817028780e-01
2.055995584886650e-01
2.136880268844512e-01
2.221657337535588e-01
2.308368588400728e-01
2.395959193626716e-01
2.483943903101995e-01
2.572207979496863e-01
2.660887054538544e-01
2.750286227188847e-01
2.840824979429485e-01
2.932999581575437e-01
3.027357830832557e-01
3.124482449118604e-01
3.224980462745493e-01
3.329476586672050e-01
3.438609147357795e-01
3.553027451185942e-01
3.673389773431769e-01
3.800361344464147e-01
3.934611882290726e-01
4.076812414126953e-01
4.227631409039844e-01
4.387730712235203e-01
4.557762577615662e-01
4.738370512822030e-01
4.930199113965513e-01
5.133922547181075e-01
5.350309595480953e-01
5.580362149971271e-01
5.825602444691168e-01
6.088824963893373e-01
2.027504845733552e-01
2.096855332297794e-01
2.173855716393533e-01
2.254405341314044e-01
2.336617466933593e-01
2.419527487988614e-01
2.502744071165043e-01
2.586239086048788e-01
2.670220768558580e-01
2.755049858806896e-01
2.841184529916328e-01
2.929144733942362e-01
3.019489929784567e-01
3.112805835780121e-01
3.209697126084079e-01
3.310783885625899e-01
3.416700287421048e-01
3.528094395972695e-01
3.645628289161447e-01
3.769977878490888e-01
3.901831941023356e-01
4.041890012441485e-01
4.190859001080900e-01
4.349448783966615e-01
4.518367808347213e-01
4.698321157919104e-01
4.890016125293902e-01
5.094185072824579e-01
5.311644015993335e-01
5.543424798201381e-01
5.791057563069665e-01
6.057321363626470e-01
2.081427216867387e-01
2.146566410464437e-01
2.218856520426201e-01
2.294247814169716e-01
2.370962417692585e-01
2.448166204665701e-01
2.525598019412510e-01
2.603344617930450e-01
2.681705605155145e-01
2.761107287293119e-01
2.842049301010036e-01
2.925072993879469e-01
3.010744031531031e-01
3.099644043962360e-01
3.192367789751169e-01
3.289523533685371e-01
3.391735128412161e-01
3.499644792300690e-01
3.613915864438191e-01
3.735234969071239e-01
3.864313091275401e-01
4.001885112450762e-01
4.148707451703663e-01
4.305553731155140e-01
4.473209029685214e-01
4.652464671992565e-01
4.844118191984922e-01
5.048988193460998e-01
5.267963137467716e-01
5.502123371745906e-01
5.753015411927307e-01
6.023399447317418e-01
2.145350930526727e-01
2.205539574144275e-01
2.272201443231517e-01
2.341380212694151e-01
2.411465309922516e-01
2.481811973786040e-01
2.552338915735277e-01
2.623282570386376e-01
2.695053669120610e-01
2.768151026650046e-01
2.843113645853422e-01
2.920496509957997e-01
3.000860801725212e-01
3.084772310459234e-01
3.172804297784709e-01
3.265542599547626e-01
3.363591672705990e-01
3.467580808450084e-01
3.578169984797405e-01
3.696054916704611e-01
3.821970840467787e-01
3.956694493893808e-01
4.101043685876809e-01
4.255873907156652e-01
4.422071827306184e-01
4.600546702322054e-01
4.792223367908277e-01
4.998046001888022e-01
5.219012094576096e-01
5.456277981893588e-01
5.711418691113783e-01
5.987168412316897e-01
2.219859947459801e-01
2.274293965988569e-01
2.334269585252102e-01
2.395998211724793e-01
2.458129403235428e-01
2.520296787618559e-01
2.582665936670689e-01
2.645664373655593e-01
2.709830940785246e-01
2.775736920762412e-01
2.843949971964176e-01
2.915022813710863e-01
2.989494409970668e-01
3.067897135998175e-01
3.150766417461496e-01
3.238651127338525e-01
3.332123935454255e-01
3.431791245227970e-01
3.538302508715598e-01
3.652358697859689e-01
3.774719578017052e-01
3.906209210241190e-01
4.047718831968875e-01
4.200206010263932e-01
4.364688919620781e-01
4.542235216513855e-01
4.733947289298082e-01
4.940951236559894e-01
5.164408722474139e-01
5.405595358844405e-01
5.666134566301984e-01
5.948722689870029e-01
2.305712316304040e-01
2.353484170823168e-01
2.405495345603135e-01
2.458253988169325e-01
2.510827736123695e-01
2.563260073067445e-01
2.616054724776377e-01
2.669871371018629e-01
2.725384160803859e-01
2.783221883608682e-01
2.843956490271490e-01
2.908111193633580e-01
2.976176190961652e-01
3.048626114524490e-01
3.125936984609370e-01
3.208601983957816e-01
3.297146060759456e-01
3.392139593928127e-01
3.494211355364078e-01
3.604060870581471e-01
3.722470037197624e-01
3.850313503514739e-01
3.988566812922852e-01
4.138310686940592e-01
4.300729121864378e-01
4.477098616640748e-01
4.668766696307486e-01
4.877123093426056e-01
5.103579273786193e-01
5.349602186352723e-01
5.616900186262554e-01
5.908114719014772e-01
2.403928940137193e-01
2.443959116265426e-01
2.486355583213297e-01
2.528182282317846e-01
2.569178896757174e-01
2.610012386024330e-01
2.651625209814402e-01
2.694940326538961e-01
2.740744537468457e-01
2.789684004308589e-01
2.842290726613980e-01
2.899016959469702e-01
2.960267560348643e-01
3.026427994067349e-01
3.097888100640583e-01
3.175062572023440e-01
3.258409212075266e-01
3.348445946435262e-01
3.445767350015780e-01
3.551061211792708e-01
3.665125338857625e-01
3.788884359848819e-01
3.923405631472676e-01
4.069912365743396e-01
4.229790666291588e-01
4.404585289791337e-01
4.595977393918879e-01
4.805738006259351e-01
5.035664716852215e-01
5.287541469076232e-01
5.563234794873215e-01
5.865312221288499e-01
2.515887665702735e-01
2.546761600059751e-01
2.577260792217853e-01
2.605442830034232e-01
2.632250773705150e-01
2.659226885165275e-01
2.687872811155623e-01
2.719331888528785e-01
2.754429142756769e-01
2.793749575077901e-01
2.837716498979910e-01
2.886654143981948e-01
2.940835577601339e-01
3.000519244202449e-01
3.065977582432894e-01
3.137520563722045e-01
3.215516364646058e-01
3.300410878497173e-01
3.392747382905322e-01
3.493187363913977e-01
3.602533179301066e-01
3.721752827995942e-01
3.852006428265372e-01
3.994672867684462e-01
4.151373094091435e-01
4.323983204246994e-01
4.514625139183702e-01
4.725616914845834e-01
4.959358588839398e-01
5.218181291232596e-01
5.504267563464781e-01
5.820102060190295e-01
2.643759532338150e-01
2.663460912586820e-01
2.678432818042079e-01
2.689079634159086e-01
2.698172858789434e-01
2.708649620801083e-01
2.722448037877801e-01
2.740768081946352e-01
2.764316746939765e-01
2.793494756903375e-01
2.828522978707406e-01
2.869526797605608e-01
2.916593391121958e-01
2.969811930783121e-01
3.029303434948152e-01
3.095244744377157e-01
3.167889727435190e-01
3.247589988495627e-01
3.334816861168740e-01
3.430186175020712e-01
3.534487080011469e-01
3.648715981733410e-01
3.774116213735585e-01
3.912223163562285e-01
4.064912628996196e-01
4.234446176179300e-01
4.423499367267766e-01
4.635143019087195e-01
4.872724217008885e-01
5.139545250095904e-01
5.438470635311202e-01
5.771969438384295e-01
2.790341623674407e-01
2.794903060361443e-01
2.788509759838940e-01
2.775233033352394e-01
2.762288724771520e-01
2.753476435533505e-01
2.750717704085011e-01
2.754918176076279e-01
2.766427584797385e-01
2.785300519989059e-01
2.811444106587160e-01
2.844706515075907e-01
2.884931986973852e-01
2.931997224050724e-01
2.985837517402476e-01
3.046467798861339e-01
3.114002027950684e-01
3.188673413665267e-01
3.270857530293397e-01
3.361100242600557e-01
3.460152393046339e-01
3.569013333347386e-01
3.688985481215831e-01
3.821741920196647e-01
3.969408121844266e-01
4.134656015221031e-01
4.320801187692557e-01
4.531875764378639e-01
4.772603614416555e-01
5.048105840921318e-01
5.362803882462619e-01
5.719482730637944e-01
2.963521832213156e-01
2.946211593235585e-01
2.903448306116571e-01
2.857919166073448e-01
2.818369440317974e-01
2.787811298519930e-01
2.767289296555780e-01
2.756917663126055e-01
2.756403443826155e-01
2.765279033704902e-01
2.783025365463650e-01
2.809137896980358e-01
2.843164799108799e-01
2.884730747871366e-01
2.933553890287657e-01
2.989460383786877e-01
3.052399452552362e-01
3.122461230970935e-01
3.199899474029377e-01
3.285161344693164e-01
3.378926877934837e-01
3.482161353687793e-01
3.596184678843335e-01
3.722762945079944e-01
3.864228393359916e-01
4.023634522843204e-01
4.204951033373553e-01
4.413294151846051e-01
4.655151226181893e-01
4.938453415944409e-01
5.271854573763217e-01
5.660204201509287e-01
3.166653982889246e-01
3.079521804046317e-01
2.982013473037262e-01
2.897847136031516e-01
2.829439862717921e-01
2.776993997900006e-01
2.739625996742409e-01
2.716186689143911e-01
2.705477954093433e-01
2.706360844537358e-01
2.717797934295586e-01
2.738871995781303e-01
2.768793425281653e-01
2.806903696059225e-01
2.852678391919898e-01
2.905732092721417e-01
2.965826802954893e-01
3.032885531069452e-01
3.107012844331593e-01
3.188524716224068e-01
3.277990778489341e-01
3.376293279762960e-01
3.484708791978250e-01
3.605021236966884e-01
3.739678490464348e-01
3.892010112427899e-01
4.066531499115023e-01
4.269368907138991e-01
4.508855217442505e-01
4.796314496092077e-01
5.147120008632907e-01
5.579444351452644e-01

SCALARS von_mises double 1
LOOKUP_TABLE default
4.104329291234760e+00
2.165347111451214e+00
1.687863641052732e+00
1.411878380693961e+00
1.254747949561420e+00
1.153227555284135e+00
1.085774487716454e+00
1.039751807977421e+00
1.008151843275654e+00
9.865514588862648e-01
9.720640094892324e-01
9.627128390161268e-01
9.570997854376596e-01
9.542030673841290e-01
9.532516519229728e-01
9.536430553543509e-01
9.548880789932549e-01
9.565728417990018e-01
9.583327780095450e-01
9.598359900463695e-01
9.607757139400247e-01
9.608745392669047e-01
9.599078428718422e-01
9.577631486211007e-01
9.545725949994732e-01
9.509987531636781e-01
9.488684043249583e-01
9.525794251350947e-01
9.724768115301979e-01
1.033150817261821e+00
1.193545882449659e+00
1.700328036570290e+00
1.010143846014361e+00
1.861494518647568e+00
1.493656704932629e+00
1.329127790860649e+00
1.199283952249059e+00
1.112330445657704e+00
1.050613983902995e+00
1.007078579029684e+00
9.762358136908930e-01
9.545746233261833e-01
9.396168730995033e-01
9.296070728828059e-01
9.232624621853688e-01
9.196253905129040e-01
9.179623765456956e-01
9.176962363152221e-01
9.183591180879642e-01
9.195602839448892e-01
9.209650769921465e-01
9.222838976211302e-01
9.232723930893412e-01
9.237474460734669e-01
9.236291655739711e-01
9.230300158557256e-01
9.224316944712975e-01
9.230360955428828e-01
9.274365425757455e-01
9.409609595928672e-01
9.740475363533450e-01
1.045839941020868e+00
1.194966533726657e+00
1.357068173758188e+00
1.095489890308606e+00
1.157676661681381e+00
1.280638786863706e+00
1.185154288261425e+00
1.112818877081758e+00
1.048936449538379e+00
1.000468509741051e+00
9.638534399944351e-01
9.368633546621443e-01
9.172855800174063e-01
9.034215667864748e-01
8.939343137844475e-01
8.877899730799304e-01
8.841816303984038e-01
8.824733403522559e-01
8.821563026238745e-01
8.828168691788951e-01
8.841142750271915e-01
8.857674288704590e-01
8.875513467731616e-01
8.893058408119794e-01
8.909621811121172e-01
8.925987651196939e-01
8.945451998579292e-01
8.975701478760252e-01
9.032030336348680e-01
9.142819928242665e-01
9.357237890158289e-01
9.754240492453908e-01
1.044312984645980e+00
1.142429049288594e+00
1.256141085514476e+00
8.802937327595751e-01
1.006737770988225e+00
1.036420254509269e+00
1.046566489903621e+00
1.010024924892344e+00
9.736432826125307e-01
9.401862835553757e-01
9.129958411686850e-01
8.917577033657946e-01
8.758111111970917e-01
8.642648399081280e-01
8.562936980201236e-01
8.511763064689167e-01
8.483084052353216e-01
8.471904820433759e-01
8.474122005184738e-01
8.486377391814688e-01
8.505953756032719e-01
8.530731240466944e-01
8.559226715751181e-01
8.590750610838955e-01
8.625738723063148e-01
8.666350624594419e-01
8.717478990162019e-01
8.788348081882059e-01
8.894934660955618e-01
9.063000151993011e-01
9.331113820646213e-01
9.748759316155033e-01
1.035556569722177e+00
1.114756147414738e+00
1.204935906435932e+00
8.005503072233254e-01
8.597622302290658e-01
9.059196669502018e-01
9.166583094290565e-01
9.120785982110196e-01
8.944842490391555e-01
8.754183886622433e-01
8.577007005850713e-01
8.429673027597725e-01
8.314684837157330e-01
8.230393220204921e-01
8.173128768290678e-01
8.138815347002436e-01
8.123543349780104e-01
8.123831766737173e-01
8.136704487444050e-01
8.159705043518998e-01
8.190903217555878e-01
8.228932168080534e-01
8.273087772856935e-01
8.323526372450261e-01
8.381607639589689e-01
8.450444661109258e-01
8.535728189034337e-01
8.646882713221193e-01
8.798444661175884e-01
9.011342137408415e-01
9.312478098379610e-01
9.730299650625918e-01
1.028289238369418e+00
1.096414629413451e+00
1.174724779840325e+00
7.200027108227182e-01
7.669884621732740e-01
7.991831697520896e-01
8.182760230805337e-01
8.225861331239203e-01
8.188466260715841e-01
8.104085119771119e-01
8.011147895303212e-01
7.926127530946950e-01
7.857648855246372e-01
7.808318935458468e-01
7.778013860799022e-01
7.765238830958865e-01
7.768007811061682e-01
7.784280010613385e-01
7.812197446123399e-01
7.850214632911214e-01
7.897190230986854e-01
7.952483556937525e-01
8.016090335917688e-01
8.088849066243698e-01
8.172750044064707e-01
8.271375763695258e-01
8.390487503923720e-01
8.538708714625144e-01
8.728155217928054e-01
8.974497394900726e-01
9.295779718276906e-01
9.708606025641251e-01
1.022260439945694e+00
1.083663522814934e+00
1.154155228422915e+00
6.556101338728807e-01
6.892892645781549e-01
7.170618076680271e-01
7.354637922023723e-01
7.456545563761824e-01
7.489535836360272e-01
7.482474906796649e-01
7.455611638105432e-01
7.425436989766632e-01
7.401006644347941e-01
7.387175743743080e-01
7.385888493305653e-01
7.397497216863231e-01
7.421517618029863e-01
7.457124149850516e-01
7.503447842107285e-01
7.559769106415634e-01
7.625658406514478e-01
7.701105402551174e-01
7.786666252518522e-01
7.883652800309822e-01
7.994380981792116e-01
8.122484960524810e-01
8.273276230112053e-01
8.454081206139935e-01
8.674378582780299e-01
8.945481187536521e-01
9.279299403825612e-01
9.686211218657196e-01
1.017264043620679e+00
1.074017501236973e+00
1.138854590040619e+00
5.976984360937012e-01
6.246026924775226e-01
6.477878476904902e-01
6.658265581744647e-01
6.782326517433390e-01
6.859807896499704e-01
6.903072399091706e-01
6.926674701327074e-01
6.941843887597848e-01
6.956888203171805e-01
6.976917901205713e-01
7.004852491041653e-01
7.042118955757106e-01
7.089265093039626e-01
7.146378134292857e-01
7.213378565033250e-01
7.290225056730504e-01
7.377070540281250e-01
7.474398414567625e-01
7.583161285222259e-01
7.704937526354246e-01
7.842112770401372e-01
7.998079878034160e-01
8.177429792125781e-01
8.386066596376622e-01
8.631143649427259e-01
8.920658779313083e-01
9.262641719019292e-01
9.664022341917239e-01
1.012973748422382e+00
1.066293248147843e+00
1.126741011730105e+00
5.459115818737083e-01
5.680297357546813e-01
5.883509279446835e-01
6.054923580027718e-01
6.191169729193952e-01
6.294698891570717e-01
6.372840158249314e-01
6.433891809247784e-01
6.485882711400376e-01
6.535142674984222e-01
6.586293816520031e-01
6.642392100243824e-01
6.705351856078807e-01
6.776318390686030e-01
6.855986811837985e-01
6.944843830760998e-01
7.043352127417910e-01
7.152095414641193e-01
7.271902649332007e-01
7.403965322776170e-01
7.549956374949279e-01
7.712151707042473e-01
7.893544776021716e-01
8.097929058645568e-01
8.329906462779400e-01
8.594760470366374e-01
8.898149403640659e-01
9.245622537870377e-01
9.642112949695660e-01
1.009172262775933e+00
1.059827455290893e+00
1.116743029097100e+00
4.990830376619017e-01
5.180934178173762e-01
5.363431857943979e-01
5.528007962332011e-01
5.670415731100298e-01
5.791226827326323e-01
5.893893237391793e-01
5.983488682477129e-01
6.065228208156691e-01
6.143785720366085e-01
6.222884002177248e-01
6.305308438693626e-01
6.393048215800355e-01
6.487514297950165e-01
6.589745533809702e-01
6.700587184516679e-01
6.820836142489571e-01
6.951359832348142e-01
7.093197121982767e-01
7.247648585722013e-01
7.416359869555754e-01
7.601396718050866e-01
7.805303135888939e-01
8.031126337325085e-01
8.282384483675754e-01
8.562954994401252e-01
8.876876119570658e-01
9.228103265756055e-01
9.620330374200119e-01
1.005708243406968e+00
1.054236706867933e+00
1.108254490113378e+00
4.570209614176923e-01
4.739049768750274e-01
4.907691699851381e-01
5.067293769796014e-01
5.213987777695673e-01
5.347061843988146e-01
5.468109331721337e-01
5.579987790507002e-01
5.686057048268923e-01
5.789568716512394e-01
5.893367949967481e-01
5.999778063482403e-01
6.110636857573586e-01
6.227394630642087e-01
6.351235954907288e-01
6.483196065734889e-01
6.624263230691531e-01
6.775465466310301e-01
6.937944094306632e-01
7.113016818041495e-01
7.302231374303135e-01
7.507407786233440e-01
7.730663614711238e-01
7.974413128763318e-01
8.241330642284780e-01
8.534272915367831e-01
8.856171673025836e-01
9.209935486658675e-01
9.598443250936451e-01
1.002476569250313e+00
1.049282260212262e+00
1.100907974894718e+00
4.198195479475489e-01
4.352824006294472e-01
4.512450076790215e-01
4.669311535720187e-01
4.819740261627925e-01
4.962490668891771e-01
5.098007757287077e-01
5.227809431815964e-01
5.353941938269779e-01
5.478590397092121e-01
5.603824383487943e-01
5.731482568840721e-01
5.863148227038304e-01
6.000183655745603e-01
6.143789949343929e-01
6.295073796451457e-01
6.455110544223819e-01
6.624999714782105e-01
6.805912161520891e-01
6.999129115582271e-01
7.206072866314901e-01
7.428327520456335e-01
7.667646796537727e-01
7.925945125551573e-01
8.205269668594120e-01
8.507756427563773e-01
8.835584780571052e-01
9.190963710085147e-01
9.576209193977052e-01
9.994013945613643e-01
1.044807793128377e+00
1.094467759455839e+00
3.879078444528698e-01
4.024544521362963e-01
4.178907113253412e-01
4.334964330704941e-01
4.489229874987692e-01
4.640139228189977e-01
4.787465079077132e-01
4.931850729240138e-01
5.074453064951991e-01
5.216667590059976e-01
5.359946452516188e-01
5.505693979079175e-01
5.655224620028918e-01
5.809760743682799e-01
5.970453114027358e-01
6.138410699198670e-01
6.314732113526144e-01
6.500534563924109e-01
6.696978548369797e-01
6.905287515305440e-01
7.126761821740246e-01
7.362786019686155e-01
7.614828257061772e-01
7.884431026054526e-01
8.173194466864816e-01
8.482757883496106e-01
8.814793143226781e-01
9.171036322624507e-01
9.553403290374517e-01
9.964270921138350e-01
1.040707274385533e+00
1.088777269885908e+00
3.619634658315161e-01
3.759774500435484e-01
3.911721192740722e-01
4.068523075037713e-01
4.226764645567458e-01
4.384678772267265e-01
4.541605229459477e-01
4.697622168416949e-01
4.853285522445841e-01
5.009437557483306e-01
5.167073277852455e-01
5.327256003840186e-01
5.491070438630783e-01
5.659602215005075e-01
5.833933682196920e-01
6.015148439938276e-01
6.204339473998199e-01
6.402617845898688e-01
6.611120198127768e-01
6.831014088945476e-01
7.063500488517228e-01
7.309812948440954e-01
7.571213274573080e-01
7.848984386118776e-01
8.144422877058672e-01
8.458837248896822e-01
8.793563566339073e-01
9.150019872259416e-01
9.529836624818459e-01
9.935134261885049e-01
1.036908595952328e+00
1.083732030377923e+00
3.428331760581557e-01
3.566116536132152e-01
3.717755458383691e-01
3.876320931675902e-01
4.038379821741492e-01
4.202006965680447e-01
4.366262409244361e-01
4.530867850987539e-01
4.696001238025020e-01
4.862151445690756e-01
5.030016093285123e-01
5.200430875736058e-01
5.374322520953418e-01
5.552678580160983e-01
5.736528684975540e-01
5.926933098183715e-01
6.124975581050619e-01
6.331758519293484e-01
6.548398929448577e-01
6.776024433774772e-01
7.015768641805503e-01
7.268765738423899e-01
7.536144608434525e-01
7.819023746674379e-01
8.118509786328392e-01
8.435705194940819e-01
8.771735240145851e-01
9.127812305229248e-01
9.505370025199321e-01
9.906332520756052e-01
1.033365071030510e+00
1.079265441712268e+00
3.313786231830144e-01
3.451561038952186e-01
3.604361137022463e-01
3.765141894727797e-01
3.930385236489849e-01
4.098040811704656e-01
4.267003651601233e-01
4.436807508872090e-01
4.607441265994351e-01
4.779222928275153e-01
4.952710033436637e-01
5.128634243138630e-01
5.307853181506568e-01
5.491314856342332e-01
5.680031301733793e-01
5.875058906527728e-01
6.077483457971791e-01
6.288408365914104e-01
6.508944883232038e-01
6.740203460771147e-01
6.983285716572055e-01
7.239276921947509e-01
7.509239498277174e-01
7.794208917983092e-01
8.095194816766039e-01
8.413192468271875e-01
8.749213746399446e-01
9.104353982199641e-01
9.479924827338788e-01
9.877715510374676e-01
1.030051118005124e+00
1.075341321258095e+00
3.282621967511766e-01
3.422335513089146e-01
3.577313832056749e-01
3.740310079131375e-01
3.907678019334418e-01
4.077278950899657e-01
4.247950878396943e-01
4.419196410540083e-01
4.590994380134172e-01
4.763668833977979e-01
4.937794495926450e-01
5.114126872356728e-01
5.293550407602347e-01
5.477040146109486e-01
5.665633495721192e-01
5.860409398101035e-01
6.062472742350857e-01
6.272942300654041e-01
6.492940848343461e-01
6.723586492437573e-01
6.965984604495163e-01
7.221220199561689e-01
7.490351201688555e-01
7.774403932133426e-01
8.074373550320382e-01
8.391234486127954e-01
8.725969818332239e-01
9.079635737769709e-01
9.453490783472431e-01
9.849251549607018e-01
1.026960242401854e+00
1.071950233454416e+00
3.337444954309609e-01
3.480964640488137e-01
3.639015703959654e-01
3.804078101277539e-01
3.972341363111041e-01
4.141621622977189e-01
4.310814332645687e-01
4.479554319835403e-01
4.647995338843011e-01
4.816649193857511e-01
4.986268365729379e-01
5.157761875863180e-01
5.332137397134932e-01
5.510463104821440e-01
5.693843652803734e-01
5.883405568587334e-01
6.080288474761116e-01
6.285639516008745e-01
6.500609164106789e-01
6.726347158175376e-01
6.963997784177534e-01
7.214694119563826e-01
7.479551423972975e-01
7.759660755492113e-01
8.056085421297359e-01
8.369865481772871e-01
8.702039905974729e-01
9.053703673249794e-01
9.426131040714315e-01
9.821028215261767e-01
1.024104403891483e+00
1.069108172973160e+00
3.476066201356720e-01
3.625568634059808e-01
3.787881378186200e-01
3.955100310419359e-01
4.123199088990587e-01
4.289997646027613e-01
4.454582447956765e-01
4.616909179276205e-01
4.777514401317967e-01
4.937295747623291e-01
5.097351710665839e-01
5.258874619642295e-01
5.423086352600087e-01
5.591205813524753e-01
5.764437159046645e-01
5.943970159980557e-01
6.130986425521471e-01
6.326667492682851e-01
6.532202333865695e-01
6.748792793768399e-01
6.977655947747285e-01
7.220022639872761e-01
7.477131804418380e-01
7.750220989166200e-01
8.040515234297710e-01
8.349219744367394e-01
8.677527301473800e-01
9.026660505538592e-01
9.397984104733564e-01
9.793255225030552e-01
1.021514404951188e+00
1.066857029535688e+00
3.692496432514892e-01
3.850867035816064e-01
4.019307100733775e-01
4.189322296287156e-01
4.356593007534922e-01
4.519008185440319e-01
4.676028993058012e-01
4.828176272849800e-01
4.976626991272251e-01
5.122893210446734e-01
5.268599640626460e-01
5.415347164138503e-01
5.564648232439042e-01
5.717910414627124e-01
5.876449056085026e-01
6.041513594240513e-01
6.214318085579092e-01
6.396070497497742e-01
6.587998115264800e-01
6.791367696322712e-01
7.007499333396164e-01
7.237772768227524e-01
7.483624668921572e-01
7.746535744982296e-01
8.028008412384208e-01
8.329539943593494e-01
8.652603721234012e-01
8.998663353840003e-01
9.369262765396866e-01
9.766269615082663e-01
1.019241338549596e+00
1.065266885684056e+00
3.979082224246803e-01
4.150320402671043e-01
4.327713791855932e-01
4.501852224562247e-01
4.668007395628309e-01
4.824277389626661e-01
4.970782736711075e-01
5.108975354542481e-01
5.241015221144039e-01
5.369309580721193e-01
5.496199963324433e-01
5.623806138357159e-01
5.753976319877599e-01
5.888308633601492e-01
6.028205872363669e-01
6.174941921802088e-01
6.329726596954871e-01
6.493763534823384e-01
6.668299407989273e-01
6.854664203444710e-01
7.054301994445110e-01
7.268790393722460e-01
7.499845319615694e-01
7.749306875343552e-01
8.019103268548378e-01
8.311194997444338e-01
8.627512375977111e-01
8.969917886960816e-01
9.340250040302543e-01
9.740545016058707e-01
1.017359553288314e+00
1.064440848668410e+00
4.328705081771426e-01
4.518398786869016e-01
4.708817369779702e-01
4.889041199826186e-01
5.053896382388265e-01
5.201936063717474e-01
5.334493010742938e-01
5.454501822280420e-01
5.565612119598439e-01
5.671463638028903e-01
5.775311418041026e-01
5.879862352628477e-01
5.987289952253058e-01
6.099325871624345e-01
6.217384018032721e-01
6.342682639924688e-01
6.476353048546686e-01
6.619531836316334e-01
6.773438466224826e-01
6.939440677590109e-01
7.119108647544558e-01
7.314255753972223e-01
7.526959947495536e-01
7.759555956658720e-01
8.014587526389517e-01
8.294713208225599e-01
8.602575203642847e-01
8.940668777383518e-01
9.311292179892094e-01
9.716709126197540e-01
1.015972207511566e+00
1.064524073213426e+00
4.736310986063463e-01
4.952559211805169e-01
5.161576428225709e-01
5.350416002123566e-01
5.513224214879692e-01
5.649848781892637e-01
5.763664295140154e-01
5.860117457651137e-01
5.945001379866480e-01
6.023624694958293e-01
6.100295674706057e-01
6.178297636439468e-01
6.260020345326814e-01
6.347187841980251e-01
6.441079284078262e-01
6.542722467665255e-01
6.653051501258118e-01
6.773035074567226e-01
6.903783725761202e-01
7.046643778389543e-01
7.203281946028336e-01
7.375759112477128e-01
7.566584270349519e-01
7.778731151622272e-01
8.015591717774161e-01
8.280841907191272e-01
8.578209872393999e-01
8.911186591686908e-01
9.282788526035886e-01
9.695577132867307e-01
1.015221599402487e+00
1.065720365133237e+00
5.200337821485882e-01
5.454664529316281e-01
5.690426314300376e-01
5.890237231011911e-01
6.048903991168716e-01
6.168249500623327e-01
6.256020944475622e-01
6.321382207126519e-01
6.373414344064542e-01
6.419402007894721e-01
6.464758274079383e-01
6.513140012612159e-01
6.566902972348930e-01
6.627508647453250e-01
6.695876600883475e-01
6.772652330625493e-01
6.858410739848614e-01
6.953814243167082e-01
7.059745402009240e-01
7.177429164349557e-01
7.308554048213648e-01
7.455393448078478e-01
7.620916968640099e-01
7.808864833551914e-01
8.023740221774446e-01
8.270653465975220e-01
8.554968479306050e-01
8.881751091444803e-01
9.255176020271120e-01
9.678215257228553e-01
1.015308537174835e+00
1.068323269277694e+00
5.722464535371848e-01
6.034614971732625e-01
6.306838701799519e-01
6.520511554136507e-01
6.668331928721846e-01
6.760279129968174e-01
6.809869579783423e-01
6.833536643952577e-01
6.844160685777386e-01
6.851418539250949e-01
6.861383129433609e-01
6.877631367220859e-01
6.902017404779915e-01
6.935361260474602e-01
6.977920242623357e-01
7.029719807829067e-01
7.090782508166128e-01
7.161299229301247e-01
7.241774654481152e-01
7.333171576333545e-01
7.437070821251239e-01
7.555854592761103e-01
7.692906392658729e-01
7.852797741462539e-01
8.041389733960594e-01
8.265737338637417e-01
8.533621440064755e-01
8.852632972689034e-01
9.228901771157030e-01
9.666055276695070e-01
1.016529827504307e+00
1.072776050833385e+00
6.315438534081573e-01
6.709264132988222e-01
7.038679541139189e-01
7.260806418626041e-01
7.386605046729394e-01
7.429867968009861e-01
7.423188403502569e-01
7.389743359674488e-01
7.348673299351250e-01
7.310676445336560e-01
7.281651544137712e-01
7.264137014508797e-01
7.258810111645835e-01
7.265347450964352e-01
7.282991340098359e-01
7.310889600487063e-01
7.348313170305807e-01
7.394810690547466e-01
7.450345400592683e-01
7.515447141183120e-01
7.591405437221120e-01
7.680522520901956e-01
7.786433367370821e-01
7.914470257442525e-01
8.071999202999012e-01
8.268533847173006e-01
8.515345880511895e-01
8.824073518727439e-01
9.204348135572007e-01
9.661102288608335e-01
1.019350528032389e+00
1.079793317582296e+00
6.983097111165241e-01
7.534889700603721e-01
7.921242680710453e-01
8.156534922954672e-01
8.218352319082074e-01
8.182884800257492e-01
8.088334150065626e-01
7.979231326783329e-01
7.874966975858776e-01
7.785938715926796e-01
7.715578194483635e-01
7.664121688507441e-01
7.630171736590755e-01
7.611713324224418e-01
7.606619954188261e-01
7.612929032494274e-01
7.628989761331203e-01
7.653562777922449e-01
7.685919617905459e-01
7.725979971719591e-01
7.774520909640716e-01
7.833492821243992e-01
7.906473320417612e-01
7.999275277993573e-01
8.120655297098117e-01
8.282955833418508e-01
8.502117048681054e-01
8.796302466942740e-01
9.181657690835699e-01
9.666184142515177e-01
1.024559415578798e+00
1.090617991837359e+00
7.835341119980203e-01
8.535977909136480e-01
9.091475732014331e-01
9.236617477626712e-01
9.199869689554916e-01
9.006337315342242e-01
8.789767449816906e-01
8.583332166365140e-01
8.406642785259021e-01
8.263215332233056e-01
8.151682621606584e-01
8.068254418737436e-01
8.008595438386312e-01
7.968499887199630e-01
7.944204282055723e-01
7.932481543497790e-01
7.930659313305323e-01
7.936623332724407e-01
7.948849240483760e-01
7.966497453986039e-01
7.989610180366555e-01
8.019461045452083e-01
8.059124962260309e-01
8.114342232995511e-01
8.194740723362030e-01
8.315296902866740e-01
8.497667631474771e-01
8.769631117515067e-01
9.159994417452577e-01
9.685458855109685e-01
1.033545752182421e+00
1.107634769939250e+00
8.678311147717042e-01
1.016541348634743e+00
1.054156760066601e+00
1.068792687519935e+00
1.028465890550006e+00
9.874995740510739e-01
9.491857637064515e-01
9.175162118772678e-01
8.922240175533965e-01
8.726242454901368e-01
8.577484013864949e-01
8.466919206079924e-01
8.386608544953269e-01
8.329896988429718e-01
8.291287339007896e-01
8.266270290581561e-01
8.251158977131765e-01
8.242966391741049e-01
8.239345476295016e-01
8.238615697334197e-01
8.239912608524832e-01
8.243522036486538e-01
8.251498619077944e-01
8.268727895206729e-01
8.304632356424030e-01
8.375781670701341e-01
8.509178645265751e-01
8.745453928068216e-01
9.136530962337526e-01
9.721856935267783e-01
1.049182141917792e+00
1.135807493166916e+00
1.107929935778020e+00
1.184419770508802e+00
1.331912782269484e+00
1.224734864419695e+00
1.143163661795829e+00
1.070318161055422e+00
1.014515873018148e+00
9.717898860682580e-01
9.396840304317340e-01
9.157252592426680e-01
8.980140954915077e-01
8.850542771635255e-01
8.756901643207942e-01
8.690217229585285e-01
8.643418732980679e-01
8.610870550412486e-01
8.588008257440384e-01
8.571080842673698e-01
8.556990666012806e-01
8.543235709286410e-01
8.527980550463007e-01
8.510316377432768e-01
8.490829207117687e-01
8.472690068970902e-01
8.463661917160472e-01
8.479594905304988e-01
8.550445104405916e-01
8.728781069240555e-01
9.099346050721582e-01
9.778782208105613e-01
1.075780091567524e+00
1.187854665424037e+00
1.001139999902396e+00
1.994922590340773e+00
1.574622697706907e+00
1.387823799353008e+00
1.239495380206076e+00
1.139734639258030e+00
1.068361197673122e+00
1.017403022506566e+00
9.806312139298635e-01
9.540692175367799e-01
9.349114633333299e-01
9.211737581732037e-01
9.114094972636161e-01
9.045423322832650e-01
8.997515207666744e-01
8.963946992090265e-01
8.939542263609118e-01
8.920000411490088e-01
8.901648497234875e-01
8.881300763683089e-01
8.856235913579491e-01
8.824338926084149e-01
8.784515828065524e-01
8.737611578133719e-01
8.688283245620042e-01
8.648802763119252e-01
8.646475169239439e-01
8.738631867795894e-01
9.039186823876724e-01
9.756659327535414e-01
1.130790615685094e+00
1.295528304036603e+00
4.575490447172441e+00
2.343294440433659e+00
1.796615573778958e+00
1.480264891929950e+00
1.299947952953635e+00
1.182935996180905e+00
1.104606198433891e+00
1.050505909592796e+00
1.012636013044849e+00
9.859504896921879e-01
9.671602900424385e-01
9.540170986405111e-01
9.449349735522464e-01
9.387595073252755e-01
9.346242754269672e-01
9.318568107669578e-01
9.299152570717379e-01
9.283446238322414e-01
9.267464223204445e-01
9.247584845418771e-01
9.220443394658677e-01
9.182946132246170e-01
9.132481117640029e-01
9.067503984293394e-01
8.988905735708774e-01
8.903063068689363e-01
8.828789974565451e-01
8.813118891216210e-01
8.969481019123542e-01
9.570474682599418e-01
1.125961793684060e+00
1.666300553675488e+00

